ID Factura,Numero Factura,Fecha Factura,Cliente,Item Producto,Item Cantidad,Item ProductID
0BhEQNVPXdnlawCdcesV,525,2026-02-05,Cliente General,grasera,1,
0BhEQNVPXdnlawCdcesV,525,2026-02-05,Cliente General,Filtro Compact,2,
0BhEQNVPXdnlawCdcesV,525,2026-02-05,Cliente General,Aceite Havoline,2,
0BhEQNVPXdnlawCdcesV,525,2026-02-05,Cliente General,Lodera de hule,2,
0BhEQNVPXdnlawCdcesV,525,2026-02-05,Cliente General,Bomba trasera,2,
0BhEQNVPXdnlawCdcesV,525,2026-02-05,Cliente General,Liquido de freno,1,
0BhEQNVPXdnlawCdcesV,525,2026-02-05,Cliente General,Pivot,1,
0BhEQNVPXdnlawCdcesV,525,2026-02-05,Cliente General,Mano de obra,1,SERVICIO
0FiJqEKimrH9I8WXoQ9f,683,2026-04-29,Cliente General,Filtro compact,1,
0FiJqEKimrH9I8WXoQ9f,683,2026-04-29,Cliente General,Aceite Repsol,2,
0FiJqEKimrH9I8WXoQ9f,683,2026-04-29,Cliente General,tensor de cadena,1,
0FiJqEKimrH9I8WXoQ9f,683,2026-04-29,Cliente General,Cable de clutch compact,1,
0FiJqEKimrH9I8WXoQ9f,683,2026-04-29,Cliente General,Bomba trasera,1,
0FiJqEKimrH9I8WXoQ9f,683,2026-04-29,Cliente General,Mano de obra,1,SERVICIO
0bkisSXGvpOON2uuuSIV,348,2025-11-11,Cliente General,Balero 6004,1,
0bkisSXGvpOON2uuuSIV,348,2025-11-11,Cliente General,Balero 1616,1,
0bkisSXGvpOON2uuuSIV,348,2025-11-11,Cliente General,Piñon doble,1,
0bkisSXGvpOON2uuuSIV,348,2025-11-11,Cliente General,Piña multiple,1,
0bkisSXGvpOON2uuuSIV,348,2025-11-11,Cliente General,Piñon de retroceso,1,
0bkisSXGvpOON2uuuSIV,348,2025-11-11,Cliente General,Bujia,1,
0bkisSXGvpOON2uuuSIV,348,2025-11-11,Cliente General,Cable de clutch Nuevo,1,
0bkisSXGvpOON2uuuSIV,348,2025-11-11,Cliente General,Gusano de clutch,1,
0bkisSXGvpOON2uuuSIV,348,2025-11-11,Cliente General,Relay de star,1,
0bkisSXGvpOON2uuuSIV,348,2025-11-11,Cliente General,Filtro y empaque 175,1,
0bkisSXGvpOON2uuuSIV,348,2025-11-11,Cliente General,Aceite Repsol,2,
0bkisSXGvpOON2uuuSIV,348,2025-11-11,Cliente General,Filtro de aceite compact,1,
0bkisSXGvpOON2uuuSIV,348,2025-11-11,Cliente General,Anillo de fuego,1,
0fdjISNWJB2LDAvM15bj,601,2026-03-17,Cliente General,Bomba central bajaj,1,
0fdjISNWJB2LDAvM15bj,601,2026-03-17,Cliente General,Liquido de frenos,1,
0fdjISNWJB2LDAvM15bj,601,2026-03-17,Cliente General,Boton de Start,1,
0fdjISNWJB2LDAvM15bj,601,2026-03-17,Cliente General,Clutch completo,1,
0fdjISNWJB2LDAvM15bj,601,2026-03-17,Cliente General,Gusano de clutch,2,
0fdjISNWJB2LDAvM15bj,601,2026-03-17,Cliente General,Guardafango trasero,1,
0fdjISNWJB2LDAvM15bj,601,2026-03-17,Cliente General,Aceite Repsol,2,
0fdjISNWJB2LDAvM15bj,601,2026-03-17,Cliente General,Filtro compact,1,
0fdjISNWJB2LDAvM15bj,601,2026-03-17,Cliente General,Mano de obra,1,SERVICIO
0nwqTLFzd36XnimRlJF8,482,2026-01-15,Cliente General,kit de valvulas 205,1,
0nwqTLFzd36XnimRlJF8,482,2026-01-15,Cliente General,Cable de clutch viejo,1,
0nwqTLFzd36XnimRlJF8,482,2026-01-15,Cliente General,Filtro Compact,2,
0nwqTLFzd36XnimRlJF8,482,2026-01-15,Cliente General,Aceite Repsol,4,
0nwqTLFzd36XnimRlJF8,482,2026-01-15,Cliente General,Bomba trasera,1,
0nwqTLFzd36XnimRlJF8,482,2026-01-15,Cliente General,Piñon doble,1,
0nwqTLFzd36XnimRlJF8,482,2026-01-15,Cliente General,Balero 1616,1,
0nwqTLFzd36XnimRlJF8,482,2026-01-15,Cliente General,Espejo negro lila 2022,1,
0nwqTLFzd36XnimRlJF8,482,2026-01-15,Cliente General,Polvera grande,2,
0nwqTLFzd36XnimRlJF8,482,2026-01-15,Cliente General,Cable de velocidad,2,
0nwqTLFzd36XnimRlJF8,482,2026-01-15,Cliente General,Empaque diferencial,1,
0nwqTLFzd36XnimRlJF8,482,2026-01-15,Cliente General,Kit de retenedores,1,
0nwqTLFzd36XnimRlJF8,482,2026-01-15,Cliente General,Empaque de manifold,1,
0nwqTLFzd36XnimRlJF8,482,2026-01-15,Cliente General,Kit de anillos 205,1,
0pavQR8JD80IrkVf0ghZ,629,2026-04-01,Cliente General,Aceite 140,2,
0pavQR8JD80IrkVf0ghZ,629,2026-04-01,Cliente General,Amortiguador delantero,2,
0pavQR8JD80IrkVf0ghZ,629,2026-04-01,Cliente General,Amortiguador trasero,2,
0pavQR8JD80IrkVf0ghZ,629,2026-04-01,Cliente General,Anillos de fuego,9,
0pavQR8JD80IrkVf0ghZ,629,2026-04-01,Cliente General,Aro ancho 4.00x8,4,
0pavQR8JD80IrkVf0ghZ,629,2026-04-01,Cliente General,Balancines,2,
0pavQR8JD80IrkVf0ghZ,629,2026-04-01,Cliente General,Balero 4906,2,
0pavQR8JD80IrkVf0ghZ,629,2026-04-01,Cliente General,Balero 6004,2,
0pavQR8JD80IrkVf0ghZ,629,2026-04-01,Cliente General,Balero 6904,2,
0pavQR8JD80IrkVf0ghZ,629,2026-04-01,Cliente General,Baquelita LH 175,1,
0pavQR8JD80IrkVf0ghZ,629,2026-04-01,Cliente General,Baquelita RH 175,2,
0pavQR8JD80IrkVf0ghZ,629,2026-04-01,Cliente General,Base de gusano de metal,1,
0pavQR8JD80IrkVf0ghZ,629,2026-04-01,Cliente General,Bayoneta de nivel de aceite blanco,1,
10VMWGYjUMNFzdiqCV5r,707,2026-05-05,Cliente General,Cruz de cambio,1,9QznepEmRXvHVoswi2ej
10VMWGYjUMNFzdiqCV5r,707,2026-05-05,Cliente General,Eje de piña,1,xyO88XVEhsTZcZQGSr8Y
10VMWGYjUMNFzdiqCV5r,707,2026-05-05,Cliente General,Espaciador de cigüeñal,1,KItN7oeRudOANsE9LHbQ
10VMWGYjUMNFzdiqCV5r,707,2026-05-05,Cliente General,Flecha pequeña bajaj,1,IB90YoF9vPmbhPbzGsr2
10VMWGYjUMNFzdiqCV5r,707,2026-05-05,Cliente General,Foco 67 de via,1,0JF5ARpMu2bCWsvSn7Yh
10VMWGYjUMNFzdiqCV5r,707,2026-05-05,Cliente General,Foco silvin,1,XqSsL3cmMNXMc30h6lYb
10VMWGYjUMNFzdiqCV5r,707,2026-05-05,Cliente General,Guardafango delantero,1,zuglLPIwNBO5JGHRNnkX
10VMWGYjUMNFzdiqCV5r,707,2026-05-05,Cliente General,Guias de cadena de tiempo BAJAJ juego,1,QG0plBzJDBci8O1LBvJq
10VMWGYjUMNFzdiqCV5r,707,2026-05-05,Cliente General,kit de Anillos Estandar 205,1,8h9L3zgP60jU7qetUcrD
10VMWGYjUMNFzdiqCV5r,707,2026-05-05,Cliente General,Kit de carbones,1,1p65y8Q6AMPuFmDZyawl
10VMWGYjUMNFzdiqCV5r,707,2026-05-05,Cliente General,Puente VRK,1,QkeMDoEkDzfRgkrXssVh
10VMWGYjUMNFzdiqCV5r,707,2026-05-05,Cliente General,Silicon gris,1,YPzY7o9iQLR8ET1SnS5v
1EcKaxHW7ajzdx2XgcA2,605,2026-03-20,Cliente General,Cilindro 205,1,
1EcKaxHW7ajzdx2XgcA2,605,2026-03-20,Cliente General,Polvera grande,1,
1EcKaxHW7ajzdx2XgcA2,605,2026-03-20,Cliente General,Topes de flecha,2,
1EcKaxHW7ajzdx2XgcA2,605,2026-03-20,Cliente General,Liquido de frenos,1,
1EcKaxHW7ajzdx2XgcA2,605,2026-03-20,Cliente General,Cable de clutch nuevo,1,
1EcKaxHW7ajzdx2XgcA2,605,2026-03-20,Cliente General,Retenedor metalico,1,
1EcKaxHW7ajzdx2XgcA2,605,2026-03-20,Cliente General,Motor de arranque compact,1,
1EcKaxHW7ajzdx2XgcA2,605,2026-03-20,Cliente General,Amortiguador trasero,1,
1EcKaxHW7ajzdx2XgcA2,605,2026-03-20,Cliente General,Ducto de carburador,1,
1EcKaxHW7ajzdx2XgcA2,605,2026-03-20,Cliente General,Aceite Repsol,2,
1EcKaxHW7ajzdx2XgcA2,605,2026-03-20,Cliente General,Filtro compact,1,
1EcKaxHW7ajzdx2XgcA2,605,2026-03-20,Cliente General,kit de retenedores,1,
1EcKaxHW7ajzdx2XgcA2,605,2026-03-20,Cliente General,Empaque diferencial,1,
1EcKaxHW7ajzdx2XgcA2,605,2026-03-20,Cliente General,Pivot compact,1,
1ZGqMqEOvtHn80PSEqkH,338,2025-11-05,Cliente General,Carburador 175,2,
1ZGqMqEOvtHn80PSEqkH,338,2025-11-05,Cliente General,Filtro de aceite compact,1,
1ZGqMqEOvtHn80PSEqkH,338,2025-11-05,Cliente General,Filtro y empaque 175,1,
1ZGqMqEOvtHn80PSEqkH,338,2025-11-05,Cliente General,Balero 1616,1,
1ZGqMqEOvtHn80PSEqkH,338,2025-11-05,Cliente General,Corona diferencial,1,
1ZGqMqEOvtHn80PSEqkH,338,2025-11-05,Cliente General,Piñon de retroceso,1,
1ZGqMqEOvtHn80PSEqkH,338,2025-11-05,Cliente General,Piñon doble,1,
1ZGqMqEOvtHn80PSEqkH,338,2025-11-05,Cliente General,Tapadera de corona,1,
1ZGqMqEOvtHn80PSEqkH,338,2025-11-05,Cliente General,Mano de obra,1,SERVICIO
1jEmOt7JV1UnjAMLH5Zd,403,2025-12-04,Cliente General,Aceite Repsol,2,
1jEmOt7JV1UnjAMLH5Zd,403,2025-12-04,Cliente General,Cable de velocidad,2,
1jEmOt7JV1UnjAMLH5Zd,403,2025-12-04,Cliente General,Llanta 4.00-8TT,2,
1jEmOt7JV1UnjAMLH5Zd,403,2025-12-04,Cliente General,Cable compact blanco de velocidad,1,
1jEmOt7JV1UnjAMLH5Zd,403,2025-12-04,Cliente General,Cable compact negro de velocidad,1,
1jEmOt7JV1UnjAMLH5Zd,403,2025-12-04,Cliente General,Planta sola 175,1,
1jEmOt7JV1UnjAMLH5Zd,403,2025-12-04,Cliente General,Mano de obra,1,SERVICIO
1jq1FbrwsoOyeszVdjIa,371,2025-11-19,Cliente General,Bomba trasera,1,
1jq1FbrwsoOyeszVdjIa,371,2025-11-19,Cliente General,Gusano de clutch,1,
1jq1FbrwsoOyeszVdjIa,371,2025-11-19,Cliente General,Carburador Nuevo Bajaj,1,
1jq1FbrwsoOyeszVdjIa,371,2025-11-19,Cliente General,Empaque de manifold PCB,1,
1jq1FbrwsoOyeszVdjIa,371,2025-11-19,Cliente General,Kit de soporte cargador central,1,
1jq1FbrwsoOyeszVdjIa,371,2025-11-19,Cliente General,Capuchon de bujia,1,
1jq1FbrwsoOyeszVdjIa,371,2025-11-19,Cliente General,Aceite Repsol,2,
1jq1FbrwsoOyeszVdjIa,371,2025-11-19,Cliente General,Filtro y empaque 175,1,
1jq1FbrwsoOyeszVdjIa,371,2025-11-19,Cliente General,Mano de obra,1,SERVICIO
1sFdEwf3Z95qOFfh8kw0,523,2026-02-04,Cliente General,Silicon gris,2,
1sFdEwf3Z95qOFfh8kw0,523,2026-02-04,Cliente General,Polvera grande,2,
1sFdEwf3Z95qOFfh8kw0,523,2026-02-04,Cliente General,Aceite Repsol,1,
1sFdEwf3Z95qOFfh8kw0,523,2026-02-04,Cliente General,Pivot estandar compact,1,
1sFdEwf3Z95qOFfh8kw0,523,2026-02-04,Cliente General,Filtro Compact,1,
1sFdEwf3Z95qOFfh8kw0,523,2026-02-04,Cliente General,Bomba trasera,1,
1sFdEwf3Z95qOFfh8kw0,523,2026-02-04,Cliente General,Tapon de gas plastica 2007,1,
1sFdEwf3Z95qOFfh8kw0,523,2026-02-04,Cliente General,Aceite Havoline,2,
1sFdEwf3Z95qOFfh8kw0,523,2026-02-04,Cliente General,Filtro y empaque,1,
1sFdEwf3Z95qOFfh8kw0,523,2026-02-04,Cliente General,Mano de obra,1,SERVICIO
2DWwcBzgIGulEbXkGZv8,387,2025-11-19,Cliente General,Filtro de aceite compact,1,
2DWwcBzgIGulEbXkGZv8,387,2025-11-19,Cliente General,Aceite Repsol,2,
2DWwcBzgIGulEbXkGZv8,387,2025-11-19,Cliente General,cable de velocidad,2,
2DWwcBzgIGulEbXkGZv8,387,2025-11-19,Cliente General,Bujia,1,
2DWwcBzgIGulEbXkGZv8,387,2025-11-19,Cliente General,Capuchon de bujia,1,
2DWwcBzgIGulEbXkGZv8,387,2025-11-19,Cliente General,Pivot,2,
2DWwcBzgIGulEbXkGZv8,387,2025-11-19,Cliente General,Bomba trasera,1,
2DWwcBzgIGulEbXkGZv8,387,2025-11-19,Cliente General,Llanta 4.00-8TT,1,
2DWwcBzgIGulEbXkGZv8,387,2025-11-19,Cliente General,Silicon gris,1,
2DWwcBzgIGulEbXkGZv8,387,2025-11-19,Cliente General,Cuarto de aceite Havoline,2,
2DWwcBzgIGulEbXkGZv8,387,2025-11-19,Cliente General,Filtro y empaque 175,1,
2DWwcBzgIGulEbXkGZv8,387,2025-11-19,Cliente General,Mano de obra,1,SERVICIO
2Q8JYHSIlthT2nxqwOhU,593,2026-03-12,Cliente General,Cable de velocidad,10,
2Q8JYHSIlthT2nxqwOhU,593,2026-03-12,Cliente General,Cables de clutch nuevo,5,
2Q8JYHSIlthT2nxqwOhU,593,2026-03-12,Cliente General,Bomba trasera,5,
2Q8JYHSIlthT2nxqwOhU,593,2026-03-12,Cliente General,Filtro y empaque,2,
2Q8JYHSIlthT2nxqwOhU,593,2026-03-12,Cliente General,Capuchon de bujia con cable,1,
2Q8JYHSIlthT2nxqwOhU,593,2026-03-12,Cliente General,Adorno pidevia BCB,1,
2Q8JYHSIlthT2nxqwOhU,593,2026-03-12,Cliente General,Pivot,1,
2Q8JYHSIlthT2nxqwOhU,593,2026-03-12,Cliente General,Empaque de freno trasero,1,
2Q8JYHSIlthT2nxqwOhU,593,2026-03-12,Cliente General,Cable de acelerador 2007,1,
2Q8JYHSIlthT2nxqwOhU,593,2026-03-12,Cliente General,Liquido de frenos,1,
2Tf3KHYRbhDL0XLHWdij,477,2026-01-13,Cliente General,Aceite Repsol,2,
2Tf3KHYRbhDL0XLHWdij,477,2026-01-13,Cliente General,Filtro Compact,1,
2Tf3KHYRbhDL0XLHWdij,477,2026-01-13,Cliente General,Clutch completo 2015,1,
2Tf3KHYRbhDL0XLHWdij,477,2026-01-13,Cliente General,Tensor de cadena,1,
2Tf3KHYRbhDL0XLHWdij,477,2026-01-13,Cliente General,Polvera grande,3,
2Tf3KHYRbhDL0XLHWdij,477,2026-01-13,Cliente General,Tope de flecha,4,
2Tf3KHYRbhDL0XLHWdij,477,2026-01-13,Cliente General,Cable de velocidad compact,1,
2Tf3KHYRbhDL0XLHWdij,477,2026-01-13,Cliente General,Cable de velocidad compact,1,
2Tf3KHYRbhDL0XLHWdij,477,2026-01-13,Cliente General,Liquido de freno,1,
2Tf3KHYRbhDL0XLHWdij,477,2026-01-13,Cliente General,Poste delantero 175,1,
2Tf3KHYRbhDL0XLHWdij,477,2026-01-13,Cliente General,Pivot estandar Bajaj,1,
2Tf3KHYRbhDL0XLHWdij,477,2026-01-13,Cliente General,Balerina grande,1,
2Tf3KHYRbhDL0XLHWdij,477,2026-01-13,Cliente General,Balerina pequeña,1,
2Tf3KHYRbhDL0XLHWdij,477,2026-01-13,Cliente General,Amortiguador delantero,1,
2Tf3KHYRbhDL0XLHWdij,477,2026-01-13,Cliente General,Mano de obra,1,SERVICIO
2qM7hAVuIjbhHDMDt3qn,513,2026-01-30,Cliente General,Aceite Repsol,2,
2qM7hAVuIjbhHDMDt3qn,513,2026-01-30,Cliente General,Filtro Compact,1,
2qM7hAVuIjbhHDMDt3qn,513,2026-01-30,Cliente General,Cable de clutch sin forro,1,
2qM7hAVuIjbhHDMDt3qn,513,2026-01-30,Cliente General,Espejo negro lila 2022,1,
2qM7hAVuIjbhHDMDt3qn,513,2026-01-30,Cliente General,Lodera de hule,2,
2qM7hAVuIjbhHDMDt3qn,513,2026-01-30,Cliente General,Guardafango trasero,1,
2qM7hAVuIjbhHDMDt3qn,513,2026-01-30,Cliente General,Mano de obra,1,SERVICIO
2rqvVIEQlcNF3507oQpu,396,2025-12-01,Cliente General,Bomba trasera,1,
2rqvVIEQlcNF3507oQpu,396,2025-12-01,Cliente General,Aceite Repsol,2,
2rqvVIEQlcNF3507oQpu,396,2025-12-01,Cliente General,Filtro de aceite compact,1,
2rqvVIEQlcNF3507oQpu,396,2025-12-01,Cliente General,Filtro y empaque 175,1,
2rqvVIEQlcNF3507oQpu,396,2025-12-01,Cliente General,Silicon gris,1,
2rqvVIEQlcNF3507oQpu,396,2025-12-01,Cliente General,Aceite 140,1,
2rqvVIEQlcNF3507oQpu,396,2025-12-01,Cliente General,Anillo de fuego,1,
2rqvVIEQlcNF3507oQpu,396,2025-12-01,Cliente General,Cable de velocidad,2,
2rqvVIEQlcNF3507oQpu,396,2025-12-01,Cliente General,Mano de obra,1,SERVICIO
2trMocxe2a6FffZDoDXO,498,2026-01-23,Cliente General,Flecha pequeña,1,
2trMocxe2a6FffZDoDXO,498,2026-01-23,Cliente General,Anillo de fuego,1,
2trMocxe2a6FffZDoDXO,498,2026-01-23,Cliente General,Filtro y empaque,2,
2trMocxe2a6FffZDoDXO,498,2026-01-23,Cliente General,Aceite castrol,2,
2trMocxe2a6FffZDoDXO,498,2026-01-23,Cliente General,Bomba trasera,2,
2trMocxe2a6FffZDoDXO,498,2026-01-23,Cliente General,Liquido de freno,1,
2trMocxe2a6FffZDoDXO,498,2026-01-23,Cliente General,Lodera de hule,1,
2trMocxe2a6FffZDoDXO,498,2026-01-23,Cliente General,bujia,2,
2trMocxe2a6FffZDoDXO,498,2026-01-23,Cliente General,Balero 6904,1,
2trMocxe2a6FffZDoDXO,498,2026-01-23,Cliente General,Filtro Compact,1,
2trMocxe2a6FffZDoDXO,498,2026-01-23,Cliente General,Aceite Repsol,2,
2trMocxe2a6FffZDoDXO,498,2026-01-23,Cliente General,Kit de empaque 2015,1,
2trMocxe2a6FffZDoDXO,498,2026-01-23,Cliente General,Cable de clutch sin forro,1,
2trMocxe2a6FffZDoDXO,498,2026-01-23,Cliente General,Gusano de clutch,1,
2up4yBqfWCXiQKKr7Im9,545,2026-02-17,Cliente General,Filtro Compact,3,
2up4yBqfWCXiQKKr7Im9,545,2026-02-17,Cliente General,Aceite Repsol,4,
2up4yBqfWCXiQKKr7Im9,545,2026-02-17,Cliente General,Guardafango trasero,1,
2up4yBqfWCXiQKKr7Im9,545,2026-02-17,Cliente General,Balancines Bajaj,2,
2up4yBqfWCXiQKKr7Im9,545,2026-02-17,Cliente General,Arbol de leva,1,
2up4yBqfWCXiQKKr7Im9,545,2026-02-17,Cliente General,Kit de sello de valvulas,1,
2up4yBqfWCXiQKKr7Im9,545,2026-02-17,Cliente General,Carter lado magneto,1,
2up4yBqfWCXiQKKr7Im9,545,2026-02-17,Cliente General,Cigueñal,1,
2up4yBqfWCXiQKKr7Im9,545,2026-02-17,Cliente General,Cilindro 205,1,
2up4yBqfWCXiQKKr7Im9,545,2026-02-17,Cliente General,Tope de cigüeñal,1,
2up4yBqfWCXiQKKr7Im9,545,2026-02-17,Cliente General,Kit de empaque 205,1,
2up4yBqfWCXiQKKr7Im9,545,2026-02-17,Cliente General,Kit de retenedores,1,
2up4yBqfWCXiQKKr7Im9,545,2026-02-17,Cliente General,Balero 142216,1,
2v7h5rtve4azsI4HOBRY,402,2025-12-04,Cliente General,Cable sin forro de velocidad,1,
2v7h5rtve4azsI4HOBRY,402,2025-12-04,Cliente General,Filtro y empaque 175,1,
2v7h5rtve4azsI4HOBRY,402,2025-12-04,Cliente General,Relay de Star,1,
2v7h5rtve4azsI4HOBRY,402,2025-12-04,Cliente General,Havoline,2,
2v7h5rtve4azsI4HOBRY,402,2025-12-04,Cliente General,Llanta 4.00-8TT,2,
2v7h5rtve4azsI4HOBRY,402,2025-12-04,Cliente General,Clutch completo,1,
2v7h5rtve4azsI4HOBRY,402,2025-12-04,Cliente General,Empaque de clutch,1,
2v7h5rtve4azsI4HOBRY,402,2025-12-04,Cliente General,Pivot estandar bajaj,1,
2v7h5rtve4azsI4HOBRY,402,2025-12-04,Cliente General,Silvin completo,1,
2v7h5rtve4azsI4HOBRY,402,2025-12-04,Cliente General,Cable de velocidad,1,
2v7h5rtve4azsI4HOBRY,402,2025-12-04,Cliente General,Anillo de fuego,2,
2v7h5rtve4azsI4HOBRY,402,2025-12-04,Cliente General,Cable de clutch viejo,1,
2v7h5rtve4azsI4HOBRY,402,2025-12-04,Cliente General,Mano de obra,1,SERVICIO
31oKjY4xQdpNJ7TxiA0l,546,2026-02-17,Cliente General,Cruz de cambio,1,
31oKjY4xQdpNJ7TxiA0l,546,2026-02-17,Cliente General,Tornillo de cruz,1,
31oKjY4xQdpNJ7TxiA0l,546,2026-02-17,Cliente General,Gusano de cruz,1,
31oKjY4xQdpNJ7TxiA0l,546,2026-02-17,Cliente General,Piñon de segunda,1,
31oKjY4xQdpNJ7TxiA0l,546,2026-02-17,Cliente General,Piñon de tercera,1,
31oKjY4xQdpNJ7TxiA0l,546,2026-02-17,Cliente General,Selector de velocidad,1,
31oKjY4xQdpNJ7TxiA0l,546,2026-02-17,Cliente General,Cadena de tiempo,1,
31oKjY4xQdpNJ7TxiA0l,546,2026-02-17,Cliente General,Guias de cadena,2,
31oKjY4xQdpNJ7TxiA0l,546,2026-02-17,Cliente General,Bomba de aceite,1,
31oKjY4xQdpNJ7TxiA0l,546,2026-02-17,Cliente General,Baleros 1616,2,
31oKjY4xQdpNJ7TxiA0l,546,2026-02-17,Cliente General,Balero 6004,1,
31oKjY4xQdpNJ7TxiA0l,546,2026-02-17,Cliente General,Clutch completo,1,
31oKjY4xQdpNJ7TxiA0l,546,2026-02-17,Cliente General,Piña multiple,1,
31oKjY4xQdpNJ7TxiA0l,546,2026-02-17,Cliente General,Mano de obra,1,SERVICIO
33sWLLW0BtTzsw70yuWg,528,2026-02-06,Cliente General,Pivot estandar Bajaj,1,
33sWLLW0BtTzsw70yuWg,528,2026-02-06,Cliente General,Tensor de cadena,1,
33sWLLW0BtTzsw70yuWg,528,2026-02-06,Cliente General,Bujin de masa,1,
33sWLLW0BtTzsw70yuWg,528,2026-02-06,Cliente General,Bomba central de freno,1,
33sWLLW0BtTzsw70yuWg,528,2026-02-06,Cliente General,Tijera izquierda LH,1,
33sWLLW0BtTzsw70yuWg,528,2026-02-06,Cliente General,Mano de obra,1,SERVICIO
37Qs6ShlGjToUAQ643pR,405,2025-12-05,Cliente General,Piña multiple,1,
37Qs6ShlGjToUAQ643pR,405,2025-12-05,Cliente General,Eje de piña,1,
37Qs6ShlGjToUAQ643pR,405,2025-12-05,Cliente General,Espaciador de cigüeñal,1,
37Qs6ShlGjToUAQ643pR,405,2025-12-05,Cliente General,Kit de anillo 205,1,
37Qs6ShlGjToUAQ643pR,405,2025-12-05,Cliente General,Kit de empaque 205,1,
37Qs6ShlGjToUAQ643pR,405,2025-12-05,Cliente General,Capuchon de bujia,1,
37Qs6ShlGjToUAQ643pR,405,2025-12-05,Cliente General,Balero 6004,1,
37Qs6ShlGjToUAQ643pR,405,2025-12-05,Cliente General,Guias de cadena,2,
37Qs6ShlGjToUAQ643pR,405,2025-12-05,Cliente General,Bomba de aceite,1,
37Qs6ShlGjToUAQ643pR,405,2025-12-05,Cliente General,Cadena de tiempo,1,
37Qs6ShlGjToUAQ643pR,405,2025-12-05,Cliente General,Filtro y empaque 175,1,
37Qs6ShlGjToUAQ643pR,405,2025-12-05,Cliente General,Tensor de cadena 205,1,
37Qs6ShlGjToUAQ643pR,405,2025-12-05,Cliente General,Havoline,2,
37Qs6ShlGjToUAQ643pR,405,2025-12-05,Cliente General,Mano de obra,1,SERVICIO
3EiXXdsltq34js48aOWe,556,2026-02-23,Cliente General,Aceite Repsol,4,
3EiXXdsltq34js48aOWe,556,2026-02-23,Cliente General,Filtro Compact,4,
3EiXXdsltq34js48aOWe,556,2026-02-23,Cliente General,Empaque de culata,1,
3EiXXdsltq34js48aOWe,556,2026-02-23,Cliente General,Empaque de cilindro,1,
3EiXXdsltq34js48aOWe,556,2026-02-23,Cliente General,Balancines Bajaj,2,
3EiXXdsltq34js48aOWe,556,2026-02-23,Cliente General,Kit de sello de valvulas,1,
3EiXXdsltq34js48aOWe,556,2026-02-23,Cliente General,Capuchon de bujia,1,
3EiXXdsltq34js48aOWe,556,2026-02-23,Cliente General,Bujia Bajaj,1,
3EiXXdsltq34js48aOWe,556,2026-02-23,Cliente General,Anillo de fuego,1,
3EiXXdsltq34js48aOWe,556,2026-02-23,Cliente General,Filtro y empaque,2,
3EiXXdsltq34js48aOWe,556,2026-02-23,Cliente General,Mano de obra,1,SERVICIO
3OvoWFpGl7iN0lZRjpAZ,570,2026-02-28,Cliente General,Cable de clutch nuevo,1,
3OvoWFpGl7iN0lZRjpAZ,570,2026-02-28,Cliente General,Gusano de clutch,1,
3OvoWFpGl7iN0lZRjpAZ,570,2026-02-28,Cliente General,Empaque de freno trasero,5,
3OvoWFpGl7iN0lZRjpAZ,570,2026-02-28,Cliente General,Aceite Repsol,4,
3OvoWFpGl7iN0lZRjpAZ,570,2026-02-28,Cliente General,Filtro Compact,2,
3OvoWFpGl7iN0lZRjpAZ,570,2026-02-28,Cliente General,Bomba trasera,1,
3OvoWFpGl7iN0lZRjpAZ,570,2026-02-28,Cliente General,Mano de obra,1,SERVICIO
3PQXYx7edxhzO03h1wcb,368,2025-11-19,Cliente General,Llanta 4.00-8TT,2,
3PQXYx7edxhzO03h1wcb,368,2025-11-19,Cliente General,Kit de balero trasero,1,
3PQXYx7edxhzO03h1wcb,368,2025-11-19,Cliente General,Bujin de masa delantera,1,
3PQXYx7edxhzO03h1wcb,368,2025-11-19,Cliente General,Cuarto de aceite Havoline,2,
3PQXYx7edxhzO03h1wcb,368,2025-11-19,Cliente General,Filtro y empaque 175,1,
3PQXYx7edxhzO03h1wcb,368,2025-11-19,Cliente General,Balero 6904,1,
3PQXYx7edxhzO03h1wcb,368,2025-11-19,Cliente General,Parabrisas 20222-2024,1,
3PQXYx7edxhzO03h1wcb,368,2025-11-19,Cliente General,Carburador Nuevo Bajaj,1,
3PQXYx7edxhzO03h1wcb,368,2025-11-19,Cliente General,Gusano de clutch,1,
3TngmjjrbJl2OFjwgVF1,627,2026-03-31,Cliente General,Pivot,2,
3TngmjjrbJl2OFjwgVF1,627,2026-03-31,Cliente General,Filtro y empaque,1,
3TngmjjrbJl2OFjwgVF1,627,2026-03-31,Cliente General,Liquido de frenos,1,
3TngmjjrbJl2OFjwgVF1,627,2026-03-31,Cliente General,Aceite Castrol,2,
3TngmjjrbJl2OFjwgVF1,627,2026-03-31,Cliente General,Filtro compact,2,
3TngmjjrbJl2OFjwgVF1,627,2026-03-31,Cliente General,Gusano de clutch,1,
3TngmjjrbJl2OFjwgVF1,627,2026-03-31,Cliente General,Bujin de masa delantera,1,
3TngmjjrbJl2OFjwgVF1,627,2026-03-31,Cliente General,Mano de obra,1,SERVICIO
3W22y1sOJtfNc7og1tB4,520,2026-02-03,Cliente General,Empaque de cilindro,1,
3W22y1sOJtfNc7og1tB4,520,2026-02-03,Cliente General,Empaque de clutch,1,
3W22y1sOJtfNc7og1tB4,520,2026-02-03,Cliente General,Empaque diferencial,1,
3W22y1sOJtfNc7og1tB4,520,2026-02-03,Cliente General,Filtro y empaque,1,
3W22y1sOJtfNc7og1tB4,520,2026-02-03,Cliente General,Cable de clutch viejo,2,
3W22y1sOJtfNc7og1tB4,520,2026-02-03,Cliente General,Adorno de stop compact bcb,1,
3W22y1sOJtfNc7og1tB4,520,2026-02-03,Cliente General,Adorno de espejo BCB,1,
3W22y1sOJtfNc7og1tB4,520,2026-02-03,Cliente General,Anillo de fuego,2,
3W22y1sOJtfNc7og1tB4,520,2026-02-03,Cliente General,Bomba de aceite,1,
3W22y1sOJtfNc7og1tB4,520,2026-02-03,Cliente General,Bujias compact,2,
3W22y1sOJtfNc7og1tB4,520,2026-02-03,Cliente General,Bujin de masa,1,
3W22y1sOJtfNc7og1tB4,520,2026-02-03,Cliente General,Baleros 1616,7,
3W22y1sOJtfNc7og1tB4,520,2026-02-03,Cliente General,Bomba trasera,2,
3W22y1sOJtfNc7og1tB4,520,2026-02-03,Cliente General,Masa de arranque,1,
3dC5h7xfziIYi4mo7QTf,645,2026-04-10,Cliente General,Kit de anillos 205,1,
3dC5h7xfziIYi4mo7QTf,645,2026-04-10,Cliente General,Empaque de cilindro,1,
3dC5h7xfziIYi4mo7QTf,645,2026-04-10,Cliente General,Kit de sello de valvulas,1,
3dC5h7xfziIYi4mo7QTf,645,2026-04-10,Cliente General,Guia de lubricacion,1,
3dC5h7xfziIYi4mo7QTf,645,2026-04-10,Cliente General,Filtro compact,2,
3dC5h7xfziIYi4mo7QTf,645,2026-04-10,Cliente General,Aceite Repsol,4,
3dC5h7xfziIYi4mo7QTf,645,2026-04-10,Cliente General,Balancines,4,
3dC5h7xfziIYi4mo7QTf,645,2026-04-10,Cliente General,Eje de leva,1,
3dC5h7xfziIYi4mo7QTf,645,2026-04-10,Cliente General,Bomba trasera,1,
3dC5h7xfziIYi4mo7QTf,645,2026-04-10,Cliente General,Bomba central Bajaj,1,
3dC5h7xfziIYi4mo7QTf,645,2026-04-10,Cliente General,Aceite Havoline,2,
3dC5h7xfziIYi4mo7QTf,645,2026-04-10,Cliente General,Polvera grande,4,
3gv9HFJ9ZOzABu8msxFE,533,2026-02-09,Cliente General,Bomba trasera,2,
3gv9HFJ9ZOzABu8msxFE,533,2026-02-09,Cliente General,Filtro y empaque,2,
3gv9HFJ9ZOzABu8msxFE,533,2026-02-09,Cliente General,Gusano de clutch,1,
3gv9HFJ9ZOzABu8msxFE,533,2026-02-09,Cliente General,Cable de clutch sin forro,1,
3gv9HFJ9ZOzABu8msxFE,533,2026-02-09,Cliente General,Aceite Havoline,1,
3gv9HFJ9ZOzABu8msxFE,533,2026-02-09,Cliente General,Llanta 4.00-8TT,3,
3gv9HFJ9ZOzABu8msxFE,533,2026-02-09,Cliente General,Mano de obra,1,SERVICIO
3sSg7G8crIvJV00xjIj8,563,2026-02-25,Cliente General,Filtro y empaque,1,
3sSg7G8crIvJV00xjIj8,563,2026-02-25,Cliente General,Filtro Compact,2,
3sSg7G8crIvJV00xjIj8,563,2026-02-25,Cliente General,Aceite Repsol,2,
3sSg7G8crIvJV00xjIj8,563,2026-02-25,Cliente General,Copa mediana,1,
3sSg7G8crIvJV00xjIj8,563,2026-02-25,Cliente General,Mano de obra,1,SERVICIO
3vqCEMJtFAC3FW6Vc5zS,335,2025-11-04,Cliente General,Bomba trasera,2,
3vqCEMJtFAC3FW6Vc5zS,335,2025-11-04,Cliente General,Bomba de aceite,1,
3vqCEMJtFAC3FW6Vc5zS,335,2025-11-04,Cliente General,Cilindro 205,1,
3vqCEMJtFAC3FW6Vc5zS,335,2025-11-04,Cliente General,Cable de velocidad,1,
3vqCEMJtFAC3FW6Vc5zS,335,2025-11-04,Cliente General,Tapadera de corona,1,
3vqCEMJtFAC3FW6Vc5zS,335,2025-11-04,Cliente General,Filtro de aceite compact,1,
3vqCEMJtFAC3FW6Vc5zS,335,2025-11-04,Cliente General,Aceite Repsol,4,
3vqCEMJtFAC3FW6Vc5zS,335,2025-11-04,Cliente General,Filtro y empaque 175,1,
3vqCEMJtFAC3FW6Vc5zS,335,2025-11-04,Cliente General,Carburador 175,1,
3vqCEMJtFAC3FW6Vc5zS,335,2025-11-04,Cliente General,Cable de clutch compact,1,
3vqCEMJtFAC3FW6Vc5zS,335,2025-11-04,Cliente General,Baquelita RH,1,
3vqCEMJtFAC3FW6Vc5zS,335,2025-11-04,Cliente General,Loderas de hule,1,
3vqCEMJtFAC3FW6Vc5zS,335,2025-11-04,Cliente General,Mano de obra,1,SERVICIO
4AOqoEqW35vKH11hNYEj,654,2026-04-13,Cliente General,Puente trasero,1,
4AOqoEqW35vKH11hNYEj,654,2026-04-13,Cliente General,Manga de cambio nuevo,1,
4AOqoEqW35vKH11hNYEj,654,2026-04-13,Cliente General,Tope de flecha,2,
4AOqoEqW35vKH11hNYEj,654,2026-04-13,Cliente General,Liquido de freno,1,
4AOqoEqW35vKH11hNYEj,654,2026-04-13,Cliente General,Pivot estandar bajaj,2,
4AOqoEqW35vKH11hNYEj,654,2026-04-13,Cliente General,Aceite Repsol,4,
4AOqoEqW35vKH11hNYEj,654,2026-04-13,Cliente General,Filtro compact,2,
4AOqoEqW35vKH11hNYEj,654,2026-04-13,Cliente General,Tornillo de eje de muleta,1,
4AOqoEqW35vKH11hNYEj,654,2026-04-13,Cliente General,Switch de neutro,1,
4AOqoEqW35vKH11hNYEj,654,2026-04-13,Cliente General,Mano de obra,1,SERVICIO
4NkNEvwfYGn77yePpI4R,535,2026-02-10,Cliente General,Gusano de clutch,1,
4NkNEvwfYGn77yePpI4R,535,2026-02-10,Cliente General,Piñon doble,1,
4NkNEvwfYGn77yePpI4R,535,2026-02-10,Cliente General,Empaque diferencial,1,
4NkNEvwfYGn77yePpI4R,535,2026-02-10,Cliente General,Balero 1616,1,
4NkNEvwfYGn77yePpI4R,535,2026-02-10,Cliente General,Kit de dado,1,
4NkNEvwfYGn77yePpI4R,535,2026-02-10,Cliente General,Filtro y empaque,1,
4NkNEvwfYGn77yePpI4R,535,2026-02-10,Cliente General,Cigüeñal,1,
4NkNEvwfYGn77yePpI4R,535,2026-02-10,Cliente General,Kit de empaque 205,1,
4NkNEvwfYGn77yePpI4R,535,2026-02-10,Cliente General,Aceite Repsol,2,
4NkNEvwfYGn77yePpI4R,535,2026-02-10,Cliente General,Filtro Compact,1,
4NkNEvwfYGn77yePpI4R,535,2026-02-10,Cliente General,Tapadera de ventilador pequeña,1,
4NkNEvwfYGn77yePpI4R,535,2026-02-10,Cliente General,Eje de leva,1,
4NkNEvwfYGn77yePpI4R,535,2026-02-10,Cliente General,Grasera,1,
4NkNEvwfYGn77yePpI4R,535,2026-02-10,Cliente General,Mano de obra,1,SERVICIO
4Too0i2qW8CXRHJqqs12,382,2025-11-19,Cliente General,Empaque de bomba trasera,10,
4Too0i2qW8CXRHJqqs12,382,2025-11-19,Cliente General,Aceite Repsol,4,
4Too0i2qW8CXRHJqqs12,382,2025-11-19,Cliente General,Filtro de aceite compact,2,
4Too0i2qW8CXRHJqqs12,382,2025-11-19,Cliente General,Tornillo de graduacion BCB,2,
4Too0i2qW8CXRHJqqs12,382,2025-11-19,Cliente General,Cuarto de aceite Havoline,1,
4Too0i2qW8CXRHJqqs12,382,2025-11-19,Cliente General,Cuarto de aceite 140,1,
4Too0i2qW8CXRHJqqs12,382,2025-11-19,Cliente General,Mano de obra,1,SERVICIO
51VzBevJiMQSWXpDiMtp,360,2025-11-15,Cliente General,Cuarto de aceite Havoline,2,
51VzBevJiMQSWXpDiMtp,360,2025-11-15,Cliente General,Filtro y empaque 175,1,
51VzBevJiMQSWXpDiMtp,360,2025-11-15,Cliente General,Bomba trasera,1,
51VzBevJiMQSWXpDiMtp,360,2025-11-15,Cliente General,cable de velocidad,2,
51VzBevJiMQSWXpDiMtp,360,2025-11-15,Cliente General,Liquido de frenos,1,
51VzBevJiMQSWXpDiMtp,360,2025-11-15,Cliente General,Bujia,1,
51VzBevJiMQSWXpDiMtp,360,2025-11-15,Cliente General,Loderas de hule,2,
51VzBevJiMQSWXpDiMtp,360,2025-11-15,Cliente General,Mano de obra,1,SERVICIO
5IU2TjbiKVTS7x0Oi9qb,565,2026-02-26,Cliente General,Cilindro 205,1,
5IU2TjbiKVTS7x0Oi9qb,565,2026-02-26,Cliente General,Cadena de tiempo,4,
5IU2TjbiKVTS7x0Oi9qb,565,2026-02-26,Cliente General,Empaque de culata,3,
5IU2TjbiKVTS7x0Oi9qb,565,2026-02-26,Cliente General,Tapadera de tanque de gasolina 2007,1,
5IU2TjbiKVTS7x0Oi9qb,565,2026-02-26,Cliente General,Empaque de cilindro,2,
5IU2TjbiKVTS7x0Oi9qb,565,2026-02-26,Cliente General,Soporte trasero,2,
5IU2TjbiKVTS7x0Oi9qb,565,2026-02-26,Cliente General,Kit de dados,5,
5IU2TjbiKVTS7x0Oi9qb,565,2026-02-26,Cliente General,Motor de arranque 175,1,
5IU2TjbiKVTS7x0Oi9qb,565,2026-02-26,Cliente General,Bomba trasera,2,
5IU2TjbiKVTS7x0Oi9qb,565,2026-02-26,Cliente General,Eje trasero,2,
5hi7MYFXUW72Wf2U7T0x,709,2026-05-05,Cliente General,Cable de clutch compact Bajaj,1,YwFBh8gSR2cqUzSV2cUM
5hi7MYFXUW72Wf2U7T0x,709,2026-05-05,Cliente General,Espaciador de cigüeñal,1,KItN7oeRudOANsE9LHbQ
5hi7MYFXUW72Wf2U7T0x,709,2026-05-05,Cliente General,Filtro de aceite compact,8,46jf95e2CO7XcCWDWq8v
5hi7MYFXUW72Wf2U7T0x,709,2026-05-05,Cliente General,Foco 67 de via Ambar,10,zkZ4NlR2OlAScmqD53Im
5hi7MYFXUW72Wf2U7T0x,709,2026-05-05,Cliente General,Grasera mediana,2,XN5p4xTgq2hwmQmpyhtz
5hi7MYFXUW72Wf2U7T0x,709,2026-05-05,Cliente General,kit de Anillos Estandar 205,1,8h9L3zgP60jU7qetUcrD
5hi7MYFXUW72Wf2U7T0x,709,2026-05-05,Cliente General,Kit de empaques 205,1,2fwhPCyLREtyq6W2es7t
5hi7MYFXUW72Wf2U7T0x,709,2026-05-05,Cliente General,Liquido de frenos,1,gAsbHSKzrez4ss6hGlxD
5hi7MYFXUW72Wf2U7T0x,709,2026-05-05,Cliente General,Pito de platillo,1,ELmxEfQtQ4Jy4GGW94Fj
5hi7MYFXUW72Wf2U7T0x,709,2026-05-05,Cliente General,Planta sola 175,1,L4apupzsIzfP0XXB5j7h
5hi7MYFXUW72Wf2U7T0x,709,2026-05-05,Cliente General,Prisionero o prensa de cable BCB,2,2vG9erys8uzANjXDklAF
5hi7MYFXUW72Wf2U7T0x,709,2026-05-05,Cliente General,Silicon gris,1,YPzY7o9iQLR8ET1SnS5v
5hi7MYFXUW72Wf2U7T0x,709,2026-05-05,Cliente General,Polvera grande,5,o76vNetcNhT9apKcuUVK
5sXAYbGzPSvJgwl2fbDf,668,2026-04-18,Cliente General,Filtro compact,3,
5sXAYbGzPSvJgwl2fbDf,668,2026-04-18,Cliente General,Aceite Repsol,6,
5sXAYbGzPSvJgwl2fbDf,668,2026-04-18,Cliente General,Aceite Havoline,2,
5sXAYbGzPSvJgwl2fbDf,668,2026-04-18,Cliente General,Filtro y empaque,1,
5sXAYbGzPSvJgwl2fbDf,668,2026-04-18,Cliente General,Empaque de clutch,1,
5sXAYbGzPSvJgwl2fbDf,668,2026-04-18,Cliente General,Kit de discos pasta,1,
5sXAYbGzPSvJgwl2fbDf,668,2026-04-18,Cliente General,Mano de obra,1,SERVICIO
5uhUCWQWIuDRhxTs3ZJc,713,2026-05-05,Cliente General,Clutch completo,1,FdA1ooSQ9duHCHMKZ4BZ
5uhUCWQWIuDRhxTs3ZJc,713,2026-05-05,Cliente General,Focos de 2 contactos,10,KAmVRz4jn6YlUVpxwiXr
5uhUCWQWIuDRhxTs3ZJc,713,2026-05-05,Cliente General,Filtro de aceite compact,2,46jf95e2CO7XcCWDWq8v
5uhUCWQWIuDRhxTs3ZJc,713,2026-05-05,Cliente General,Volante solo Bajaj 175,1,24xSiHJ6LRYf9H4H7og7
5uhUCWQWIuDRhxTs3ZJc,713,2026-05-05,Cliente General,Tornillo de graduacion de frenos BCB Unidad,2,5PBCS6UFjcglZ6QDS6Oi
5uhUCWQWIuDRhxTs3ZJc,713,2026-05-05,Cliente General,Switch de neutro compact,2,C8j6R4HctBNUGc3ydmjZ
5uhUCWQWIuDRhxTs3ZJc,713,2026-05-05,Cliente General,Filtro y empaque,1,eqUw92h7s5dtXhgy5eTJ
5uhUCWQWIuDRhxTs3ZJc,713,2026-05-05,Cliente General,Socket de 2 contactos,4,HTSMpfAbznlAWI6TuSQh
5uhUCWQWIuDRhxTs3ZJc,713,2026-05-05,Cliente General,Tornillo especial de manecilla BCB,1,EWYvDsTe0z95GNaEp7Wi
5uhUCWQWIuDRhxTs3ZJc,713,2026-05-05,Cliente General,Tope de flecha,4,JWSujng8noxUgEfwmLNN
5uhUCWQWIuDRhxTs3ZJc,713,2026-05-05,Cliente General,Polvera grande,4,o76vNetcNhT9apKcuUVK
60jpRbi5mUbY4YnHnNQ8,426,2025-12-15,Cliente General,Kit de retenedores,1,
60jpRbi5mUbY4YnHnNQ8,426,2025-12-15,Cliente General,Polvera grande,2,
60jpRbi5mUbY4YnHnNQ8,426,2025-12-15,Cliente General,Filtro y empaque 175,1,
60jpRbi5mUbY4YnHnNQ8,426,2025-12-15,Cliente General,Aceite Repsol,2,
60jpRbi5mUbY4YnHnNQ8,426,2025-12-15,Cliente General,Filtro de aceite compact,3,
60jpRbi5mUbY4YnHnNQ8,426,2025-12-15,Cliente General,Tope de flecha,2,
60jpRbi5mUbY4YnHnNQ8,426,2025-12-15,Cliente General,Bomba trasera,1,
60jpRbi5mUbY4YnHnNQ8,426,2025-12-15,Cliente General,Empaque de clutch,1,
60jpRbi5mUbY4YnHnNQ8,426,2025-12-15,Cliente General,Liquido de freno,1,
60jpRbi5mUbY4YnHnNQ8,426,2025-12-15,Cliente General,Pivot,1,
62LKNEEjCjcP6DoC5Hy8,577,2026-03-04,Cliente General,Amortiguador trasero,1,
62LKNEEjCjcP6DoC5Hy8,577,2026-03-04,Cliente General,Adorno pidevia BCB,2,
62LKNEEjCjcP6DoC5Hy8,577,2026-03-04,Cliente General,Bujin de muleta,2,
62LKNEEjCjcP6DoC5Hy8,577,2026-03-04,Cliente General,Cable de clutch compact,4,
62LKNEEjCjcP6DoC5Hy8,577,2026-03-04,Cliente General,Carburador nuevo bajaj,1,
62LKNEEjCjcP6DoC5Hy8,577,2026-03-04,Cliente General,Cable de clutch sin forro,1,
62LKNEEjCjcP6DoC5Hy8,577,2026-03-04,Cliente General,Filtro compact,2,
62LKNEEjCjcP6DoC5Hy8,577,2026-03-04,Cliente General,Aceite Repsol,2,
62LKNEEjCjcP6DoC5Hy8,577,2026-03-04,Cliente General,Bomba trasera,1,
62LKNEEjCjcP6DoC5Hy8,577,2026-03-04,Cliente General,Mano de obra,1,SERVICIO
6NtuAPjx2rqXxrnt7ULo,701,2026-05-05,Cliente General,Amortiguador trasero,1,SdFAAsq48y8SGN7CPLl6
6NtuAPjx2rqXxrnt7ULo,701,2026-05-05,Cliente General,Anillo de fuego hueco,1,08jX9b3Efj9NtR3iCSoA
6NtuAPjx2rqXxrnt7ULo,701,2026-05-05,Cliente General,Balero 142216 Bajaj,1,R1VHNEPKjx63H9Erw4zq
6NtuAPjx2rqXxrnt7ULo,701,2026-05-05,Cliente General,Balero 4906,1,qfAxhUnmOauvqpMagI8u
6NtuAPjx2rqXxrnt7ULo,701,2026-05-05,Cliente General,Balero 6904,1,wnfBQ7Q0jrxq4dLvTwhf
6NtuAPjx2rqXxrnt7ULo,701,2026-05-05,Cliente General,Cable de velocidad sin forro,1,bBQlcoywZfGwzPIViAw2
6NtuAPjx2rqXxrnt7ULo,701,2026-05-05,Cliente General,Aceite REPSOL 20W50 1000ml,2,MxZYt471Hv0ZhT0oI8gt
6NtuAPjx2rqXxrnt7ULo,701,2026-05-05,Cliente General,Bomba trasera,2,k799vWanLuRNf04a2Fwn
6NtuAPjx2rqXxrnt7ULo,701,2026-05-05,Cliente General,Stop completo LH 205 compact,1,NgeIRZSL8a1QrwteRFmP
6NtuAPjx2rqXxrnt7ULo,701,2026-05-05,Cliente General,Socket de 2 contactos,1,HTSMpfAbznlAWI6TuSQh
6NtuAPjx2rqXxrnt7ULo,701,2026-05-05,Cliente General,Filtro y empaque,1,eqUw92h7s5dtXhgy5eTJ
6NtuAPjx2rqXxrnt7ULo,701,2026-05-05,Cliente General,Mano de Obra,1,
6Ttbr9I7kz6j9hzTvgOb,665,2026-04-17,Cliente General,Vidrio central compact,2,
6Ttbr9I7kz6j9hzTvgOb,665,2026-04-17,Cliente General,Masa de arranque,1,
6Ttbr9I7kz6j9hzTvgOb,665,2026-04-17,Cliente General,Washa de eje principal,1,
6Ttbr9I7kz6j9hzTvgOb,665,2026-04-17,Cliente General,Balero JV188,1,
6Ttbr9I7kz6j9hzTvgOb,665,2026-04-17,Cliente General,Cable de acelerador 2007,1,
6Ttbr9I7kz6j9hzTvgOb,665,2026-04-17,Cliente General,Switch de neutro,1,
6Ttbr9I7kz6j9hzTvgOb,665,2026-04-17,Cliente General,Pito de platillo,1,
6VXVeXRcLZhw6tXQyWj4,555,2026-02-21,Cliente General,Aceite Repsol,6,
6VXVeXRcLZhw6tXQyWj4,555,2026-02-21,Cliente General,Filtro Compact,3,
6VXVeXRcLZhw6tXQyWj4,555,2026-02-21,Cliente General,Bayoneta de aceite blanco,1,
6VXVeXRcLZhw6tXQyWj4,555,2026-02-21,Cliente General,Empaque de freno trasero,5,
6VXVeXRcLZhw6tXQyWj4,555,2026-02-21,Cliente General,Capuchon de bujia,1,
6VXVeXRcLZhw6tXQyWj4,555,2026-02-21,Cliente General,Gusano de clutch,1,
6VXVeXRcLZhw6tXQyWj4,555,2026-02-21,Cliente General,Mano de obra,1,SERVICIO
72jCtckbDBg5MT3yVZTW,502,2026-01-26,Cliente General,Filtro Compact,1,
72jCtckbDBg5MT3yVZTW,502,2026-01-26,Cliente General,Kit de anillos 205,1,
72jCtckbDBg5MT3yVZTW,502,2026-01-26,Cliente General,kit de valvulas 205,1,
72jCtckbDBg5MT3yVZTW,502,2026-01-26,Cliente General,Filtro y empaque,1,
72jCtckbDBg5MT3yVZTW,502,2026-01-26,Cliente General,Bomba de aceite,1,
72jCtckbDBg5MT3yVZTW,502,2026-01-26,Cliente General,Empaque de culata 205,1,
72jCtckbDBg5MT3yVZTW,502,2026-01-26,Cliente General,Empaque de cilindro,1,
72jCtckbDBg5MT3yVZTW,502,2026-01-26,Cliente General,Empaque de clutch,1,
72jCtckbDBg5MT3yVZTW,502,2026-01-26,Cliente General,Kit de sello de valvulas,1,
72jCtckbDBg5MT3yVZTW,502,2026-01-26,Cliente General,Cable de clutch sin forro,1,
72jCtckbDBg5MT3yVZTW,502,2026-01-26,Cliente General,Clutch completo,1,
72jCtckbDBg5MT3yVZTW,502,2026-01-26,Cliente General,Bomba trasera,1,
72jCtckbDBg5MT3yVZTW,502,2026-01-26,Cliente General,Switch de neutro,1,
72jCtckbDBg5MT3yVZTW,502,2026-01-26,Cliente General,Mano de obra,1,SERVICIO
78X0aR0eElpAebS58RSx,464,2026-01-07,Cliente General,Planta sola 175,1,
78X0aR0eElpAebS58RSx,464,2026-01-07,Cliente General,Balero 6004,1,
78X0aR0eElpAebS58RSx,464,2026-01-07,Cliente General,Kit de sello de valvulas,1,
78X0aR0eElpAebS58RSx,464,2026-01-07,Cliente General,Balero JV188,1,
78X0aR0eElpAebS58RSx,464,2026-01-07,Cliente General,Balero 142216,1,
78X0aR0eElpAebS58RSx,464,2026-01-07,Cliente General,Eje de piña multiple,1,
78X0aR0eElpAebS58RSx,464,2026-01-07,Cliente General,Piña multiple,1,
78X0aR0eElpAebS58RSx,464,2026-01-07,Cliente General,Gusano de clutch,1,
78X0aR0eElpAebS58RSx,464,2026-01-07,Cliente General,Bomba trasera,1,
78X0aR0eElpAebS58RSx,464,2026-01-07,Cliente General,Kit de anillos 205,1,
78X0aR0eElpAebS58RSx,464,2026-01-07,Cliente General,Cadena de tiempo,1,
78X0aR0eElpAebS58RSx,464,2026-01-07,Cliente General,Guias de cadena,2,
78X0aR0eElpAebS58RSx,464,2026-01-07,Cliente General,Cable de velocidad,2,
78X0aR0eElpAebS58RSx,464,2026-01-07,Cliente General,Mano de obra,1,SERVICIO
7jVFA13iGVhMDcLzUsfX,472,2026-01-10,Cliente General,Pivot,1,
7jVFA13iGVhMDcLzUsfX,472,2026-01-10,Cliente General,Filtro y empaque,1,
7jVFA13iGVhMDcLzUsfX,472,2026-01-10,Cliente General,Llanta 4.00-8TT,1,
7jVFA13iGVhMDcLzUsfX,472,2026-01-10,Cliente General,Cable de clutch nuevo bajaj,1,
7jVFA13iGVhMDcLzUsfX,472,2026-01-10,Cliente General,Filtro Compact,1,
7jVFA13iGVhMDcLzUsfX,472,2026-01-10,Cliente General,Aceite Repsol,2,
7jVFA13iGVhMDcLzUsfX,472,2026-01-10,Cliente General,Lodera de hule,1,
7jVFA13iGVhMDcLzUsfX,472,2026-01-10,Cliente General,Cobertor trasero 175 LH,2,
7jVFA13iGVhMDcLzUsfX,472,2026-01-10,Cliente General,Aro completo,1,
7jVFA13iGVhMDcLzUsfX,472,2026-01-10,Cliente General,Bujia,1,
7jVFA13iGVhMDcLzUsfX,472,2026-01-10,Cliente General,Liquido de freno,1,
7jVFA13iGVhMDcLzUsfX,472,2026-01-10,Cliente General,Mano de obra,1,SERVICIO
7ui73VJk2XpPv9lU8orf,658,2026-04-15,Cliente General,Motor Limpiabrisas,1,
7ui73VJk2XpPv9lU8orf,658,2026-04-15,Cliente General,Cable de velocidad 175,4,
7ui73VJk2XpPv9lU8orf,658,2026-04-15,Cliente General,Empaque de cilindro,3,
7ui73VJk2XpPv9lU8orf,658,2026-04-15,Cliente General,Empaque de culata 205,1,
7ui73VJk2XpPv9lU8orf,658,2026-04-15,Cliente General,Sello de lubricacion,2,
7ui73VJk2XpPv9lU8orf,658,2026-04-15,Cliente General,Portafusibles,1,
7ui73VJk2XpPv9lU8orf,658,2026-04-15,Cliente General,Tornillo de graduacion,2,
7ui73VJk2XpPv9lU8orf,658,2026-04-15,Cliente General,Clutch completo,1,
7ui73VJk2XpPv9lU8orf,658,2026-04-15,Cliente General,Switch de neutro,1,
7ui73VJk2XpPv9lU8orf,658,2026-04-15,Cliente General,Espaciador de cigüeñal,1,
7ui73VJk2XpPv9lU8orf,658,2026-04-15,Cliente General,Eje de piña,1,
7ui73VJk2XpPv9lU8orf,658,2026-04-15,Cliente General,Aceite Repsol,2,
7ui73VJk2XpPv9lU8orf,658,2026-04-15,Cliente General,Volante solo,1,
7ui73VJk2XpPv9lU8orf,658,2026-04-15,Cliente General,Stop completo 175 RH,1,
83dIFlnuekW1ssmLNeYN,448,2025-12-27,Cliente General,Aceite Repsol,3,
83dIFlnuekW1ssmLNeYN,448,2025-12-27,Cliente General,Cable de velocidad,1,
83dIFlnuekW1ssmLNeYN,448,2025-12-27,Cliente General,Bujia,1,
83dIFlnuekW1ssmLNeYN,448,2025-12-27,Cliente General,Filtro de aceite compact,1,
83dIFlnuekW1ssmLNeYN,448,2025-12-27,Cliente General,Carburador Nuevo Bajaj 175,1,
83dIFlnuekW1ssmLNeYN,448,2025-12-27,Cliente General,Regulador de voltaje,1,
83dIFlnuekW1ssmLNeYN,448,2025-12-27,Cliente General,Mano de obra,1,SERVICIO
86KCRoEmR54twK8LZtom,515,2026-01-30,Cliente General,Cable de clutch nuevo bajaj,1,
86KCRoEmR54twK8LZtom,515,2026-01-30,Cliente General,Pivot estandar compact,1,
86KCRoEmR54twK8LZtom,515,2026-01-30,Cliente General,Grasera,2,
86KCRoEmR54twK8LZtom,515,2026-01-30,Cliente General,clutch completo,1,
86KCRoEmR54twK8LZtom,515,2026-01-30,Cliente General,Bomba de aceite,1,
86KCRoEmR54twK8LZtom,515,2026-01-30,Cliente General,Empaque de clutch,1,
86KCRoEmR54twK8LZtom,515,2026-01-30,Cliente General,Filtro y empaque,2,
86KCRoEmR54twK8LZtom,515,2026-01-30,Cliente General,Bujia,1,
86KCRoEmR54twK8LZtom,515,2026-01-30,Cliente General,Tensor de cadena,1,
86KCRoEmR54twK8LZtom,515,2026-01-30,Cliente General,Tope de flecha,1,
86KCRoEmR54twK8LZtom,515,2026-01-30,Cliente General,Kit de esparragos traseros,3,
86KCRoEmR54twK8LZtom,515,2026-01-30,Cliente General,Capuchon de bujia,1,
86aSalp4l5WtexbgtrUw,443,2025-12-23,Cliente General,Filtro y empaque 175,2,
86aSalp4l5WtexbgtrUw,443,2025-12-23,Cliente General,Aceite Repsol,2,
86aSalp4l5WtexbgtrUw,443,2025-12-23,Cliente General,Filtro de aceite compact,1,
86aSalp4l5WtexbgtrUw,443,2025-12-23,Cliente General,Kit de balero trasero,1,
86aSalp4l5WtexbgtrUw,443,2025-12-23,Cliente General,Baquelita de via LH,1,
86aSalp4l5WtexbgtrUw,443,2025-12-23,Cliente General,Retenedor metalico,1,
86aSalp4l5WtexbgtrUw,443,2025-12-23,Cliente General,Eje trasero,1,
86aSalp4l5WtexbgtrUw,443,2025-12-23,Cliente General,Polvera grande,2,
86aSalp4l5WtexbgtrUw,443,2025-12-23,Cliente General,Silicon gris,1,
86aSalp4l5WtexbgtrUw,443,2025-12-23,Cliente General,Juego de espejo negro lila 2022,1,
86aSalp4l5WtexbgtrUw,443,2025-12-23,Cliente General,Bujia,1,
86aSalp4l5WtexbgtrUw,443,2025-12-23,Cliente General,Mano de obra,1,SERVICIO
86uSP48CVwyW08de9get,422,2025-12-13,Cliente General,Empaque de freno trasero,5,
86uSP48CVwyW08de9get,422,2025-12-13,Cliente General,Bomba central de frenos Bajaj,1,
86uSP48CVwyW08de9get,422,2025-12-13,Cliente General,Liquido de freno,1,
86uSP48CVwyW08de9get,422,2025-12-13,Cliente General,Carburador Nuevo Bajaj 175,1,
86uSP48CVwyW08de9get,422,2025-12-13,Cliente General,Filtro de aceite compact,1,
86uSP48CVwyW08de9get,422,2025-12-13,Cliente General,Regulador de voltaje,1,
86uSP48CVwyW08de9get,422,2025-12-13,Cliente General,Terminar de bateria par,1,
86uSP48CVwyW08de9get,422,2025-12-13,Cliente General,Filtro y empaque 175,1,
86uSP48CVwyW08de9get,422,2025-12-13,Cliente General,Cable de aspirometro,1,
86uSP48CVwyW08de9get,422,2025-12-13,Cliente General,Socket de 2 contactos,1,
86uSP48CVwyW08de9get,422,2025-12-13,Cliente General,Balero 6904,1,
86uSP48CVwyW08de9get,422,2025-12-13,Cliente General,Gusano de clutch,1,
86uSP48CVwyW08de9get,422,2025-12-13,Cliente General,Planta sola 175,1,
8Loyx4wnbNt24pwogtZB,552,2026-02-20,Cliente General,Amortiguador trasero,1,
8Loyx4wnbNt24pwogtZB,552,2026-02-20,Cliente General,Kit de balero trasero,1,
8Loyx4wnbNt24pwogtZB,552,2026-02-20,Cliente General,Filtro Compact,1,
8Loyx4wnbNt24pwogtZB,552,2026-02-20,Cliente General,Aceite Repsol,2,
8Loyx4wnbNt24pwogtZB,552,2026-02-20,Cliente General,Retenedor metalico,1,
8Loyx4wnbNt24pwogtZB,552,2026-02-20,Cliente General,Filtro y empaque,1,
8Loyx4wnbNt24pwogtZB,552,2026-02-20,Cliente General,Polvera grande,1,
8Loyx4wnbNt24pwogtZB,552,2026-02-20,Cliente General,Piñon doble,1,
8Loyx4wnbNt24pwogtZB,552,2026-02-20,Cliente General,Piñon de retroceso,1,
8Loyx4wnbNt24pwogtZB,552,2026-02-20,Cliente General,Soporte trasero,1,
8Loyx4wnbNt24pwogtZB,552,2026-02-20,Cliente General,Tapadera de ventilador pequeña,1,
8Loyx4wnbNt24pwogtZB,552,2026-02-20,Cliente General,Mano de obra,1,SERVICIO
8cq6KLL4ES8QgzRaDwOK,404,2025-12-05,Cliente General,Cable de velocidad,2,
8cq6KLL4ES8QgzRaDwOK,404,2025-12-05,Cliente General,Bollo de alambre negro 100mts #18,1,
8cq6KLL4ES8QgzRaDwOK,404,2025-12-05,Cliente General,Aceite Repsol,2,
8cq6KLL4ES8QgzRaDwOK,404,2025-12-05,Cliente General,Cable sin forro de velocidad,1,
8cq6KLL4ES8QgzRaDwOK,404,2025-12-05,Cliente General,Empaque de manifold,1,
8cq6KLL4ES8QgzRaDwOK,404,2025-12-05,Cliente General,Cable de clutch nuevo Bajaj,1,
8cq6KLL4ES8QgzRaDwOK,404,2025-12-05,Cliente General,Filtro y empaque 175,2,
8cq6KLL4ES8QgzRaDwOK,404,2025-12-05,Cliente General,Mts de alambre #10 negro,10,
8cq6KLL4ES8QgzRaDwOK,404,2025-12-05,Cliente General,Silicon gris,1,
8gGt5lmV26MfTBudXbDD,687,2026-05-01,Cliente General,Aceite HAVOLINE 20W50 1000ml,2,xLianJA09yo8R7gurOM0
8gGt5lmV26MfTBudXbDD,687,2026-05-01,Cliente General,Focos de 2 contactos,10,KAmVRz4jn6YlUVpxwiXr
8gGt5lmV26MfTBudXbDD,687,2026-05-01,Cliente General,Filtro de aceite compact,1,46jf95e2CO7XcCWDWq8v
8gGt5lmV26MfTBudXbDD,687,2026-05-01,Cliente General,Clutch completo,1,FdA1ooSQ9duHCHMKZ4BZ
8gGt5lmV26MfTBudXbDD,687,2026-05-01,Cliente General,Empaque de Clutch,1,6hhJjR5wumxRtnrahX4d
8gGt5lmV26MfTBudXbDD,687,2026-05-01,Cliente General,Tapa de corona,1,zOVGjNDKktIYjNbrumVM
8gGt5lmV26MfTBudXbDD,687,2026-05-01,Cliente General,Selector de Retroceso Nuevo BAJAJ,1,hRnWTNBMtYe8oUnOfile
8gGt5lmV26MfTBudXbDD,687,2026-05-01,Cliente General,Rin completo bajaj,1,5QYSH5B6RjdeET5fwBLG
8gGt5lmV26MfTBudXbDD,687,2026-05-01,Cliente General,Pin hueco Bajaj,2,QLtIRHOJ4HKCyG9VUl6n
8gGt5lmV26MfTBudXbDD,687,2026-05-01,Cliente General,Bayoneta de nivel de aceite negro BAJAJ,1,cQ2HlwdgheuJRHzJuR7J
8gGt5lmV26MfTBudXbDD,687,2026-05-01,Cliente General,Mano de Obra,1,
8ygYPctUczjvoU8vN3nP,362,2025-11-17,Cliente General,Bomba trasera,3,
8ygYPctUczjvoU8vN3nP,362,2025-11-17,Cliente General,Liquido de frenos,2,
8ygYPctUczjvoU8vN3nP,362,2025-11-17,Cliente General,Pidevia LH,1,
8ygYPctUczjvoU8vN3nP,362,2025-11-17,Cliente General,Pidevia RH,1,
8ygYPctUczjvoU8vN3nP,362,2025-11-17,Cliente General,Bujin de masa delantera,2,
8ygYPctUczjvoU8vN3nP,362,2025-11-17,Cliente General,Kit de balero trasero,1,
8ygYPctUczjvoU8vN3nP,362,2025-11-17,Cliente General,Covertor trasero de stop RH 175,1,
8ygYPctUczjvoU8vN3nP,362,2025-11-17,Cliente General,Socket de 2 contactos,2,
8ygYPctUczjvoU8vN3nP,362,2025-11-17,Cliente General,Cadena de tiempo,1,
8ygYPctUczjvoU8vN3nP,362,2025-11-17,Cliente General,Kit de sello de valvulas,2,
8ygYPctUczjvoU8vN3nP,362,2025-11-17,Cliente General,Planta sola 175,1,
92hcaorqhsEB59h9Qpup,667,2026-04-17,Cliente General,Filtro compact,2,
92hcaorqhsEB59h9Qpup,667,2026-04-17,Cliente General,Aceite Repsol,4,
92hcaorqhsEB59h9Qpup,667,2026-04-17,Cliente General,Bomba trasera,1,
92hcaorqhsEB59h9Qpup,667,2026-04-17,Cliente General,Filtro y empaque,1,
92hcaorqhsEB59h9Qpup,667,2026-04-17,Cliente General,Gusano de clutch,1,
92hcaorqhsEB59h9Qpup,667,2026-04-17,Cliente General,Cable de clutch nuevo,1,
92hcaorqhsEB59h9Qpup,667,2026-04-17,Cliente General,Pivot,1,
92hcaorqhsEB59h9Qpup,667,2026-04-17,Cliente General,Aceite Havoline,1,
92hcaorqhsEB59h9Qpup,667,2026-04-17,Cliente General,Bujin de masa,1,
92hcaorqhsEB59h9Qpup,667,2026-04-17,Cliente General,Motor de arranque 175,1,
92hcaorqhsEB59h9Qpup,667,2026-04-17,Cliente General,Mano de obra,1,SERVICIO
9gK6q5N0GYPWcEuHuNlt,524,2026-02-05,Cliente General,Filtro Compact,1,
9gK6q5N0GYPWcEuHuNlt,524,2026-02-05,Cliente General,Aceite Repsol,2,
9gK6q5N0GYPWcEuHuNlt,524,2026-02-05,Cliente General,Cable de clutch sin forro,1,
9gK6q5N0GYPWcEuHuNlt,524,2026-02-05,Cliente General,Silicon gris,1,
9gK6q5N0GYPWcEuHuNlt,524,2026-02-05,Cliente General,Eje trasero,1,
9gK6q5N0GYPWcEuHuNlt,524,2026-02-05,Cliente General,Balero 6904,1,
9gK6q5N0GYPWcEuHuNlt,524,2026-02-05,Cliente General,Balero 4906,1,
9gK6q5N0GYPWcEuHuNlt,524,2026-02-05,Cliente General,Pivot,1,
9gK6q5N0GYPWcEuHuNlt,524,2026-02-05,Cliente General,Grasera,1,
9gK6q5N0GYPWcEuHuNlt,524,2026-02-05,Cliente General,Kit de resorte de freno 2006,1,
9gK6q5N0GYPWcEuHuNlt,524,2026-02-05,Cliente General,Llanta 4.00-8TT,2,
9gK6q5N0GYPWcEuHuNlt,524,2026-02-05,Cliente General,Aceite Havoline,4,
9gK6q5N0GYPWcEuHuNlt,524,2026-02-05,Cliente General,Filtro y empaque,2,
9ioDIgFwFWpvpc8SNz8V,505,2026-01-27,Cliente General,Anillo de fuego,1,
9ioDIgFwFWpvpc8SNz8V,505,2026-01-27,Cliente General,Pivot,1,
9ioDIgFwFWpvpc8SNz8V,505,2026-01-27,Cliente General,Tope de flecha,1,
9ioDIgFwFWpvpc8SNz8V,505,2026-01-27,Cliente General,Filtro y empaque,1,
9ioDIgFwFWpvpc8SNz8V,505,2026-01-27,Cliente General,Filtro Compact,2,
9ioDIgFwFWpvpc8SNz8V,505,2026-01-27,Cliente General,Aceite Repsol,2,
9ioDIgFwFWpvpc8SNz8V,505,2026-01-27,Cliente General,Bomba trasera,1,
9ioDIgFwFWpvpc8SNz8V,505,2026-01-27,Cliente General,Liquido de freno,1,
9ioDIgFwFWpvpc8SNz8V,505,2026-01-27,Cliente General,Aceite Havoline,1,
9ioDIgFwFWpvpc8SNz8V,505,2026-01-27,Cliente General,Bujin de masa,1,
9ioDIgFwFWpvpc8SNz8V,505,2026-01-27,Cliente General,Mano de obra,1,SERVICIO
9jHSi2z5rdLQS1TUhjNn,419,2025-12-11,Cliente General,Pivot,1,
9jHSi2z5rdLQS1TUhjNn,419,2025-12-11,Cliente General,Socket de 2 contactos,1,
9jHSi2z5rdLQS1TUhjNn,419,2025-12-11,Cliente General,Piñon doble,1,
9jHSi2z5rdLQS1TUhjNn,419,2025-12-11,Cliente General,Capuchon de bujia,1,
9jHSi2z5rdLQS1TUhjNn,419,2025-12-11,Cliente General,Amortiguador trasero,1,
9jHSi2z5rdLQS1TUhjNn,419,2025-12-11,Cliente General,Clutch completo,1,
9jHSi2z5rdLQS1TUhjNn,419,2025-12-11,Cliente General,Filtro y empaque 175,1,
9jHSi2z5rdLQS1TUhjNn,419,2025-12-11,Cliente General,Bomba de aceite,1,
9jHSi2z5rdLQS1TUhjNn,419,2025-12-11,Cliente General,Empaque de clutch,1,
9jHSi2z5rdLQS1TUhjNn,419,2025-12-11,Cliente General,Empaque de freno trasero,1,
9jHSi2z5rdLQS1TUhjNn,419,2025-12-11,Cliente General,Mano de obra,1,SERVICIO
9uRS4Hx6HyIbFsLjDVh2,568,2026-02-27,Cliente General,Aceite Repsol,4,
9uRS4Hx6HyIbFsLjDVh2,568,2026-02-27,Cliente General,Filtro Compact,2,
9uRS4Hx6HyIbFsLjDVh2,568,2026-02-27,Cliente General,Llanta 4.00-8TT,1,
9uRS4Hx6HyIbFsLjDVh2,568,2026-02-27,Cliente General,Empaque de freno trasero,1,
9uRS4Hx6HyIbFsLjDVh2,568,2026-02-27,Cliente General,Filtro y empaque,1,
9uRS4Hx6HyIbFsLjDVh2,568,2026-02-27,Cliente General,Mano de obra,1,SERVICIO
9vICzcAReSBp5fBWkQYh,357,2025-11-14,Cliente General,Parabrisas 20222-2024,1,
9vICzcAReSBp5fBWkQYh,357,2025-11-14,Cliente General,Silvin completo,1,
9vICzcAReSBp5fBWkQYh,357,2025-11-14,Cliente General,Aro completo Bajaj,1,
9zv3cAjNPAZANgQ9AziH,356,2025-11-14,Cliente General,Motor de arranque 175,1,
9zv3cAjNPAZANgQ9AziH,356,2025-11-14,Cliente General,Filtro y empaque 175,2,
9zv3cAjNPAZANgQ9AziH,356,2025-11-14,Cliente General,Balero 6904,1,
9zv3cAjNPAZANgQ9AziH,356,2025-11-14,Cliente General,Eje trasero,1,
9zv3cAjNPAZANgQ9AziH,356,2025-11-14,Cliente General,Filtro de aceite compact,1,
9zv3cAjNPAZANgQ9AziH,356,2025-11-14,Cliente General,Aceite Repsol,2,
9zv3cAjNPAZANgQ9AziH,356,2025-11-14,Cliente General,Bujin de masa delantera,1,
9zv3cAjNPAZANgQ9AziH,356,2025-11-14,Cliente General,Pivot,1,
9zv3cAjNPAZANgQ9AziH,356,2025-11-14,Cliente General,Cuarto de aceite Havoline,2,
9zv3cAjNPAZANgQ9AziH,356,2025-11-14,Cliente General,Mano de obra,1,SERVICIO
AMh298P1M7I1PJCdopHh,363,2025-11-17,Cliente General,Bomba trasera,2,
AMh298P1M7I1PJCdopHh,363,2025-11-17,Cliente General,Amortiguador delantero,1,
AMh298P1M7I1PJCdopHh,363,2025-11-17,Cliente General,Pivot estandar bajaj,1,
AMh298P1M7I1PJCdopHh,363,2025-11-17,Cliente General,Filtro de aceite compact,1,
AMh298P1M7I1PJCdopHh,363,2025-11-17,Cliente General,Tornillo de graduacion BCB,1,
AMh298P1M7I1PJCdopHh,363,2025-11-17,Cliente General,Mano de obra,1,SERVICIO
AQ5l3QNQRavpqZeAdfBj,458,2026-01-05,Cliente General,Filtro Compact,1,
AQ5l3QNQRavpqZeAdfBj,458,2026-01-05,Cliente General,Aceite Repsol,2,
AQ5l3QNQRavpqZeAdfBj,458,2026-01-05,Cliente General,Filtro y empaque,1,
AQ5l3QNQRavpqZeAdfBj,458,2026-01-05,Cliente General,Aceite Havoline,1,
AQ5l3QNQRavpqZeAdfBj,458,2026-01-05,Cliente General,Pivot,1,
AQ5l3QNQRavpqZeAdfBj,458,2026-01-05,Cliente General,Bomba trasera,1,
AQ5l3QNQRavpqZeAdfBj,458,2026-01-05,Cliente General,Switch de neutro,1,
AQ5l3QNQRavpqZeAdfBj,458,2026-01-05,Cliente General,Cable de velocidad compact,2,
AQ5l3QNQRavpqZeAdfBj,458,2026-01-05,Cliente General,Tuberia enrollada de freno,1,
AQ5l3QNQRavpqZeAdfBj,458,2026-01-05,Cliente General,Liquido de freno,1,
AQ5l3QNQRavpqZeAdfBj,458,2026-01-05,Cliente General,Cable de velocidad compact,1,
AQ5l3QNQRavpqZeAdfBj,458,2026-01-05,Cliente General,Mano de obra,1,SERVICIO
AetartXZfmuXyiJwzQK1,526,2026-02-05,Cliente General,Filtro Compact,2,
AetartXZfmuXyiJwzQK1,526,2026-02-05,Cliente General,Filtro y empaque,1,
AetartXZfmuXyiJwzQK1,526,2026-02-05,Cliente General,Aceite Repsol,2,
AetartXZfmuXyiJwzQK1,526,2026-02-05,Cliente General,Aceite Havoline,2,
AetartXZfmuXyiJwzQK1,526,2026-02-05,Cliente General,Switch de neutro,1,
AetartXZfmuXyiJwzQK1,526,2026-02-05,Cliente General,Bujia,1,
AetartXZfmuXyiJwzQK1,526,2026-02-05,Cliente General,Bomba trasera,1,
AetartXZfmuXyiJwzQK1,526,2026-02-05,Cliente General,Retenedor metalico,1,
AetartXZfmuXyiJwzQK1,526,2026-02-05,Cliente General,Baquelita LH,1,
AetartXZfmuXyiJwzQK1,526,2026-02-05,Cliente General,Pito Helan,1,
AetartXZfmuXyiJwzQK1,526,2026-02-05,Cliente General,Mano de obra,1,SERVICIO
AnenKbr91Ive3JS7S1zw,410,2025-12-08,Cliente General,Bomba trasera,3,
AnenKbr91Ive3JS7S1zw,410,2025-12-08,Cliente General,Havoline,1,
AnenKbr91Ive3JS7S1zw,410,2025-12-08,Cliente General,Filtro de aceite compact,1,
AnenKbr91Ive3JS7S1zw,410,2025-12-08,Cliente General,Aceite Repsol,2,
AnenKbr91Ive3JS7S1zw,410,2025-12-08,Cliente General,Aceite 140,1,
AnenKbr91Ive3JS7S1zw,410,2025-12-08,Cliente General,Eje trasero,1,
AnenKbr91Ive3JS7S1zw,410,2025-12-08,Cliente General,Kit de balero trasero,1,
AnenKbr91Ive3JS7S1zw,410,2025-12-08,Cliente General,Retenedor metalico,1,
AnenKbr91Ive3JS7S1zw,410,2025-12-08,Cliente General,Muleta izquierda LH,1,
AnenKbr91Ive3JS7S1zw,410,2025-12-08,Cliente General,Tensor de cadena 205,1,
AnenKbr91Ive3JS7S1zw,410,2025-12-08,Cliente General,Mano de obra,1,SERVICIO
B4SqQN6LczjWsI7K4zN2,339,2025-11-06,Cliente General,Bomba trasera,2,
B4SqQN6LczjWsI7K4zN2,339,2025-11-06,Cliente General,kit de retenedores,1,
B4SqQN6LczjWsI7K4zN2,339,2025-11-06,Cliente General,Retenedor de metal,1,
B4SqQN6LczjWsI7K4zN2,339,2025-11-06,Cliente General,Tope de flecha,2,
B4SqQN6LczjWsI7K4zN2,339,2025-11-06,Cliente General,Cable de velocidad,1,
B4SqQN6LczjWsI7K4zN2,339,2025-11-06,Cliente General,Cuarto de aceite 140,1,
B4SqQN6LczjWsI7K4zN2,339,2025-11-06,Cliente General,Polvera grande,1,
B4SqQN6LczjWsI7K4zN2,339,2025-11-06,Cliente General,Filtro de aceite compact,1,
B4SqQN6LczjWsI7K4zN2,339,2025-11-06,Cliente General,Anillo de fuego,1,
B4SqQN6LczjWsI7K4zN2,339,2025-11-06,Cliente General,Empaque de freno trasero,5,
B4SqQN6LczjWsI7K4zN2,339,2025-11-06,Cliente General,Eje trasero,1,
B4SqQN6LczjWsI7K4zN2,339,2025-11-06,Cliente General,Liquido de frenos,1,
B4SqQN6LczjWsI7K4zN2,339,2025-11-06,Cliente General,Cuarto de aceite Havoline,2,
B4SqQN6LczjWsI7K4zN2,339,2025-11-06,Cliente General,Filtro y empaque 175,1,
B6uIw9faWX8ggiALxed5,531,2026-02-09,Cliente General,Empaques de freno trasero,5,
B6uIw9faWX8ggiALxed5,531,2026-02-09,Cliente General,Cilindro 205,1,
B6uIw9faWX8ggiALxed5,531,2026-02-09,Cliente General,Filtro y empaque,1,
B6uIw9faWX8ggiALxed5,531,2026-02-09,Cliente General,Aceite Havoline,1,
B6uIw9faWX8ggiALxed5,531,2026-02-09,Cliente General,Guardafango trasero,1,
B6uIw9faWX8ggiALxed5,531,2026-02-09,Cliente General,Aceite Castrol,2,
B6uIw9faWX8ggiALxed5,531,2026-02-09,Cliente General,Filtro Compact,1,
B6uIw9faWX8ggiALxed5,531,2026-02-09,Cliente General,Selector de retroceso,1,
B6uIw9faWX8ggiALxed5,531,2026-02-09,Cliente General,Balero 1616,1,
B6uIw9faWX8ggiALxed5,531,2026-02-09,Cliente General,Switch de neutro,1,
B6uIw9faWX8ggiALxed5,531,2026-02-09,Cliente General,Liquido de freno,1,
B6uIw9faWX8ggiALxed5,531,2026-02-09,Cliente General,Bombas trasera,2,
B6uIw9faWX8ggiALxed5,531,2026-02-09,Cliente General,Gusano de clutch,1,
B6uIw9faWX8ggiALxed5,531,2026-02-09,Cliente General,Llanta 4.00-8TT,3,
BDo7behdhWYwgMLRFC2N,580,2026-03-06,Cliente General,Tornillo de graduacion de freno,1,
BDo7behdhWYwgMLRFC2N,580,2026-03-06,Cliente General,Rin ancho,2,
BDo7behdhWYwgMLRFC2N,580,2026-03-06,Cliente General,Kit de baleros traseros,1,
BDo7behdhWYwgMLRFC2N,580,2026-03-06,Cliente General,Aceite Repsol,3,
BDo7behdhWYwgMLRFC2N,580,2026-03-06,Cliente General,Filtro compact,2,
BDo7behdhWYwgMLRFC2N,580,2026-03-06,Cliente General,Bomba trasera,2,
BDo7behdhWYwgMLRFC2N,580,2026-03-06,Cliente General,Cable de clutch sin forro,1,
BDo7behdhWYwgMLRFC2N,580,2026-03-06,Cliente General,Switch de neutro,1,
BDo7behdhWYwgMLRFC2N,580,2026-03-06,Cliente General,Mano de obra,1,SERVICIO
BSVEJDD57T2Q7ZuO8tYd,644,2026-04-09,Cliente General,Pivot,2,
BSVEJDD57T2Q7ZuO8tYd,644,2026-04-09,Cliente General,Cilindro 205,1,
BSVEJDD57T2Q7ZuO8tYd,644,2026-04-09,Cliente General,Empaque de cilindro,1,
BSVEJDD57T2Q7ZuO8tYd,644,2026-04-09,Cliente General,Guia de lubricacion,1,
BSVEJDD57T2Q7ZuO8tYd,644,2026-04-09,Cliente General,Bomba central Bajaj,1,
BSVEJDD57T2Q7ZuO8tYd,644,2026-04-09,Cliente General,Liquido de freno,2,
BSVEJDD57T2Q7ZuO8tYd,644,2026-04-09,Cliente General,Filtro y empaque,1,
BSVEJDD57T2Q7ZuO8tYd,644,2026-04-09,Cliente General,Aceite Havoline,2,
BSVEJDD57T2Q7ZuO8tYd,644,2026-04-09,Cliente General,Kit de sello de valvulas,1,
BSVEJDD57T2Q7ZuO8tYd,644,2026-04-09,Cliente General,Aceite Repsol,1,
BSVEJDD57T2Q7ZuO8tYd,644,2026-04-09,Cliente General,Mano de obra,1,SERVICIO
BTD83B0E9EU1GOJij8kp,673,2026-04-22,Cliente General,Aceite Repsol,2,
BTD83B0E9EU1GOJij8kp,673,2026-04-22,Cliente General,Filtro y empaque,1,
BTD83B0E9EU1GOJij8kp,673,2026-04-22,Cliente General,Bomba central Bajaj,1,
BTD83B0E9EU1GOJij8kp,673,2026-04-22,Cliente General,Liquido de freno,1,
BTD83B0E9EU1GOJij8kp,673,2026-04-22,Cliente General,Bomba trasera,1,
BTD83B0E9EU1GOJij8kp,673,2026-04-22,Cliente General,Tornillo de graduacion,1,
BTD83B0E9EU1GOJij8kp,673,2026-04-22,Cliente General,Pivot,1,
BTD83B0E9EU1GOJij8kp,673,2026-04-22,Cliente General,Pin hueco,1,
BTD83B0E9EU1GOJij8kp,673,2026-04-22,Cliente General,Tapadera de ventilador pequeño,1,
BTD83B0E9EU1GOJij8kp,673,2026-04-22,Cliente General,Mano de obra,1,SERVICIO
BoOd6C0yhZ77KVdHiIOJ,374,2025-11-19,Cliente General,Relay de star,1,
BoOd6C0yhZ77KVdHiIOJ,374,2025-11-19,Cliente General,Porta fusible,1,
BoOd6C0yhZ77KVdHiIOJ,374,2025-11-19,Cliente General,Kit de sello de valvulas,1,
BoOd6C0yhZ77KVdHiIOJ,374,2025-11-19,Cliente General,Kit de anillos 205,1,
BoOd6C0yhZ77KVdHiIOJ,374,2025-11-19,Cliente General,Empaque de culata 205,1,
BoOd6C0yhZ77KVdHiIOJ,374,2025-11-19,Cliente General,Filtro y empaque 175,1,
BoOd6C0yhZ77KVdHiIOJ,374,2025-11-19,Cliente General,Kit de balero trasero,1,
BoOd6C0yhZ77KVdHiIOJ,374,2025-11-19,Cliente General,Aceite Repsol,2,
BoOd6C0yhZ77KVdHiIOJ,374,2025-11-19,Cliente General,Flecha larga,1,
BoOd6C0yhZ77KVdHiIOJ,374,2025-11-19,Cliente General,Mano de obra,1,SERVICIO
BpNFC3jnSK8EuXdGmLp9,501,2026-01-26,Cliente General,Tapadera de corona,1,
BpNFC3jnSK8EuXdGmLp9,501,2026-01-26,Cliente General,Aceite Repsol,2,
BpNFC3jnSK8EuXdGmLp9,501,2026-01-26,Cliente General,Filtro Compact,1,
BpNFC3jnSK8EuXdGmLp9,501,2026-01-26,Cliente General,Filtro y empaque,1,
BpNFC3jnSK8EuXdGmLp9,501,2026-01-26,Cliente General,Bujia,1,
BpNFC3jnSK8EuXdGmLp9,501,2026-01-26,Cliente General,Balero 1616,1,
BpNFC3jnSK8EuXdGmLp9,501,2026-01-26,Cliente General,Cable de velocidad sin forro,1,
BpNFC3jnSK8EuXdGmLp9,501,2026-01-26,Cliente General,Tuberia enrollada de freno,1,
BpNFC3jnSK8EuXdGmLp9,501,2026-01-26,Cliente General,Mano de obra,1,SERVICIO
C0OBJMJVRq6FONugoHUs,492,2026-01-21,Cliente General,Cigueñal,1,
C0OBJMJVRq6FONugoHUs,492,2026-01-21,Cliente General,Espaciador de cigüeñal,1,
C0OBJMJVRq6FONugoHUs,492,2026-01-21,Cliente General,Kit de empaque 205,1,
C0OBJMJVRq6FONugoHUs,492,2026-01-21,Cliente General,Balero 6004,1,
C0OBJMJVRq6FONugoHUs,492,2026-01-21,Cliente General,Piña multiple,1,
C0OBJMJVRq6FONugoHUs,492,2026-01-21,Cliente General,Balero JV188,1,
C0OBJMJVRq6FONugoHUs,492,2026-01-21,Cliente General,Filtro y empaque,1,
C0OBJMJVRq6FONugoHUs,492,2026-01-21,Cliente General,Selector de velocidad,1,
C0OBJMJVRq6FONugoHUs,492,2026-01-21,Cliente General,Cable de velocidad,1,
C0OBJMJVRq6FONugoHUs,492,2026-01-21,Cliente General,Kit de anillos 205,1,
C0OBJMJVRq6FONugoHUs,492,2026-01-21,Cliente General,Guias de cadena,2,
C0OBJMJVRq6FONugoHUs,492,2026-01-21,Cliente General,Bomba de aceite,1,
C0OBJMJVRq6FONugoHUs,492,2026-01-21,Cliente General,Cadena de tiempo,1,
C0OBJMJVRq6FONugoHUs,492,2026-01-21,Cliente General,Mano de obra,1,SERVICIO
C6n3sQJxadRNMpxGrTxm,562,2026-02-25,Cliente General,Filtro Compact,3,
C6n3sQJxadRNMpxGrTxm,562,2026-02-25,Cliente General,Aceite Repsol,4,
C6n3sQJxadRNMpxGrTxm,562,2026-02-25,Cliente General,Pivot,1,
C6n3sQJxadRNMpxGrTxm,562,2026-02-25,Cliente General,Clutch completo,1,
C6n3sQJxadRNMpxGrTxm,562,2026-02-25,Cliente General,Bomba central de freno 2015,1,
C6n3sQJxadRNMpxGrTxm,562,2026-02-25,Cliente General,Aceite Havoline,2,
C9RE3Ezc2B6fcSNX8G4M,411,2025-12-09,Cliente General,Bomba trasera,1,
C9RE3Ezc2B6fcSNX8G4M,411,2025-12-09,Cliente General,Tope de flecha,2,
C9RE3Ezc2B6fcSNX8G4M,411,2025-12-09,Cliente General,Pivot,2,
C9RE3Ezc2B6fcSNX8G4M,411,2025-12-09,Cliente General,Gusano de clutch,1,
C9RE3Ezc2B6fcSNX8G4M,411,2025-12-09,Cliente General,Amortiguador delantero,1,
C9RE3Ezc2B6fcSNX8G4M,411,2025-12-09,Cliente General,Cable sin forro de clutch,1,
C9RE3Ezc2B6fcSNX8G4M,411,2025-12-09,Cliente General,Ducto de carburador viejo,1,
C9RE3Ezc2B6fcSNX8G4M,411,2025-12-09,Cliente General,Kit de anillo 205,1,
C9RE3Ezc2B6fcSNX8G4M,411,2025-12-09,Cliente General,Capuchon de bujia,1,
C9RE3Ezc2B6fcSNX8G4M,411,2025-12-09,Cliente General,Silicon gris,1,
C9RE3Ezc2B6fcSNX8G4M,411,2025-12-09,Cliente General,Filtro y empaque 175,1,
C9RE3Ezc2B6fcSNX8G4M,411,2025-12-09,Cliente General,Anillo de fuego,1,
C9RE3Ezc2B6fcSNX8G4M,411,2025-12-09,Cliente General,Havoline,2,
CDcwvK5ycFE0YegxQrXw,676,2026-04-24,Cliente General,Liquido de freno,1,
CDcwvK5ycFE0YegxQrXw,676,2026-04-24,Cliente General,cable de freno de mano,1,
CDcwvK5ycFE0YegxQrXw,676,2026-04-24,Cliente General,kit de resorte 2006,1,
CDcwvK5ycFE0YegxQrXw,676,2026-04-24,Cliente General,Retenedor metalico,1,
CDcwvK5ycFE0YegxQrXw,676,2026-04-24,Cliente General,Kit de balero trasero,1,
CDcwvK5ycFE0YegxQrXw,676,2026-04-24,Cliente General,Cable de clutch compact,1,
CDcwvK5ycFE0YegxQrXw,676,2026-04-24,Cliente General,Aceite 140,1,
CDcwvK5ycFE0YegxQrXw,676,2026-04-24,Cliente General,Mano de obra,1,SERVICIO
CNXAXGOf5wmrSgLRz3eH,466,2026-01-08,Cliente General,Tope de flecha,4,
CNXAXGOf5wmrSgLRz3eH,466,2026-01-08,Cliente General,Aceite Repsol,2,
CNXAXGOf5wmrSgLRz3eH,466,2026-01-08,Cliente General,Gusano de clutch,2,
CNXAXGOf5wmrSgLRz3eH,466,2026-01-08,Cliente General,Tornillo de graduacion de freno,1,
CNXAXGOf5wmrSgLRz3eH,466,2026-01-08,Cliente General,Muleta Izquierda,1,
CNXAXGOf5wmrSgLRz3eH,466,2026-01-08,Cliente General,Kit de balero trasero,1,
CNXAXGOf5wmrSgLRz3eH,466,2026-01-08,Cliente General,Eje trasero,1,
CNXAXGOf5wmrSgLRz3eH,466,2026-01-08,Cliente General,Satelite pequeño,2,
CNXAXGOf5wmrSgLRz3eH,466,2026-01-08,Cliente General,Planetario grande,2,
CNXAXGOf5wmrSgLRz3eH,466,2026-01-08,Cliente General,Balero 1616,2,
CNXAXGOf5wmrSgLRz3eH,466,2026-01-08,Cliente General,Clutch completo,2,
CNXAXGOf5wmrSgLRz3eH,466,2026-01-08,Cliente General,Stop completo LH 175,1,
CNXAXGOf5wmrSgLRz3eH,466,2026-01-08,Cliente General,Kit de dados,2,
CNXAXGOf5wmrSgLRz3eH,466,2026-01-08,Cliente General,Kit de retenedores,1,
CaD6z7ij9kl1aaATZLxG,409,2025-12-08,Cliente General,Polvera grande,3,
CaD6z7ij9kl1aaATZLxG,409,2025-12-08,Cliente General,Relay de Star,1,
CaD6z7ij9kl1aaATZLxG,409,2025-12-08,Cliente General,Retenedor metalico,9,
CaD6z7ij9kl1aaATZLxG,409,2025-12-08,Cliente General,Kit de soporte frontal,1,
CaD6z7ij9kl1aaATZLxG,409,2025-12-08,Cliente General,Tope de flecha,2,
CaD6z7ij9kl1aaATZLxG,409,2025-12-08,Cliente General,Tornillo de graduacion de frenos,3,
CaD6z7ij9kl1aaATZLxG,409,2025-12-08,Cliente General,Planta sola 175,1,
CaD6z7ij9kl1aaATZLxG,409,2025-12-08,Cliente General,Gusano de clutch,1,
CaD6z7ij9kl1aaATZLxG,409,2025-12-08,Cliente General,Cable de clutch nuevo Bajaj,1,
Cngu7kcJaW5bvddlAPc4,679,2026-04-27,Cliente General,pin hueco,10,
Cngu7kcJaW5bvddlAPc4,679,2026-04-27,Cliente General,Filtro compact,2,
Cngu7kcJaW5bvddlAPc4,679,2026-04-27,Cliente General,Aceite Repsol,2,
Cngu7kcJaW5bvddlAPc4,679,2026-04-27,Cliente General,Tope de flecha,2,
Cngu7kcJaW5bvddlAPc4,679,2026-04-27,Cliente General,Copa pequeña compact 2015,1,
Cngu7kcJaW5bvddlAPc4,679,2026-04-27,Cliente General,Bomba trasera,2,
CyhArGlWl7OYljec6cfJ,537,2026-02-11,Cliente General,Flecha larga,1,
CyhArGlWl7OYljec6cfJ,537,2026-02-11,Cliente General,Kit de dado,2,
CyhArGlWl7OYljec6cfJ,537,2026-02-11,Cliente General,Copa mediana,1,
CyhArGlWl7OYljec6cfJ,537,2026-02-11,Cliente General,Filtro Compact,1,
CyhArGlWl7OYljec6cfJ,537,2026-02-11,Cliente General,Pivot,1,
CyhArGlWl7OYljec6cfJ,537,2026-02-11,Cliente General,Adorno de espejo 2022,1,
CyhArGlWl7OYljec6cfJ,537,2026-02-11,Cliente General,Silicon gris,1,
CyhArGlWl7OYljec6cfJ,537,2026-02-11,Cliente General,Polvera grande,1,
CyhArGlWl7OYljec6cfJ,537,2026-02-11,Cliente General,Puente trasero,1,
CyhArGlWl7OYljec6cfJ,537,2026-02-11,Cliente General,Mano de obra,1,SERVICIO
D4PWumkyBT2jxyIOL3zl,379,2025-11-19,Cliente General,Pivot,1,
D4PWumkyBT2jxyIOL3zl,379,2025-11-19,Cliente General,Cadena de tiempo,1,
D4PWumkyBT2jxyIOL3zl,379,2025-11-19,Cliente General,Balero 6004,1,
D4PWumkyBT2jxyIOL3zl,379,2025-11-19,Cliente General,Kit de empaque 205,1,
D4PWumkyBT2jxyIOL3zl,379,2025-11-19,Cliente General,Balero 6904,1,
D4PWumkyBT2jxyIOL3zl,379,2025-11-19,Cliente General,Tope de flecha,2,
D4PWumkyBT2jxyIOL3zl,379,2025-11-19,Cliente General,Anillo de fuego,1,
D4PWumkyBT2jxyIOL3zl,379,2025-11-19,Cliente General,Empaque de clutch,1,
D4PWumkyBT2jxyIOL3zl,379,2025-11-19,Cliente General,Motor de arranque 175,1,
D4PWumkyBT2jxyIOL3zl,379,2025-11-19,Cliente General,Eje trasero,1,
D4PWumkyBT2jxyIOL3zl,379,2025-11-19,Cliente General,Puente cargador trasero,1,
D4PWumkyBT2jxyIOL3zl,379,2025-11-19,Cliente General,Kit de cuna,1,
D4PWumkyBT2jxyIOL3zl,379,2025-11-19,Cliente General,Balerina pequeña,1,
D4PWumkyBT2jxyIOL3zl,379,2025-11-19,Cliente General,Balerina grande,1,
DPPSzNwlMKO6dYCttEWj,671,2026-04-21,Cliente General,Filtro compact,2,
DPPSzNwlMKO6dYCttEWj,671,2026-04-21,Cliente General,Aceite Repsol,2,
DPPSzNwlMKO6dYCttEWj,671,2026-04-21,Cliente General,Tope de flecha,1,
DPPSzNwlMKO6dYCttEWj,671,2026-04-21,Cliente General,Bomba trasera,2,
DPPSzNwlMKO6dYCttEWj,671,2026-04-21,Cliente General,Liquido de freno,1,
DPPSzNwlMKO6dYCttEWj,671,2026-04-21,Cliente General,Mano de obra,1,SERVICIO
DUyM5NatXVdfEz7Zq5kZ,465,2026-01-08,Cliente General,Pivot,1,
DUyM5NatXVdfEz7Zq5kZ,465,2026-01-08,Cliente General,Filtro y empaque,1,
DUyM5NatXVdfEz7Zq5kZ,465,2026-01-08,Cliente General,Retenedor metalico,1,
DUyM5NatXVdfEz7Zq5kZ,465,2026-01-08,Cliente General,Bujin de muleta,2,
DUyM5NatXVdfEz7Zq5kZ,465,2026-01-08,Cliente General,Pin de eje de muleta,1,
DUyM5NatXVdfEz7Zq5kZ,465,2026-01-08,Cliente General,Tope de flecha,2,
DUyM5NatXVdfEz7Zq5kZ,465,2026-01-08,Cliente General,Polvera grande,1,
DUyM5NatXVdfEz7Zq5kZ,465,2026-01-08,Cliente General,Capuchon de bujia,1,
DUyM5NatXVdfEz7Zq5kZ,465,2026-01-08,Cliente General,Filtro Compact,1,
DUyM5NatXVdfEz7Zq5kZ,465,2026-01-08,Cliente General,Aceite Repsol,2,
DUyM5NatXVdfEz7Zq5kZ,465,2026-01-08,Cliente General,Terminar de bateria,1,
DUyM5NatXVdfEz7Zq5kZ,465,2026-01-08,Cliente General,Bomba trasera,1,
DUyM5NatXVdfEz7Zq5kZ,465,2026-01-08,Cliente General,Mano de obra,1,SERVICIO
DeHBzSpfcB2QUzdGWfAh,473,2026-01-10,Cliente General,Filtro Compact,1,
DeHBzSpfcB2QUzdGWfAh,473,2026-01-10,Cliente General,Aceite Repsol,2,
DeHBzSpfcB2QUzdGWfAh,473,2026-01-10,Cliente General,Filtro y empaque,1,
DeHBzSpfcB2QUzdGWfAh,473,2026-01-10,Cliente General,Empaque de freno trasero,5,
DeHBzSpfcB2QUzdGWfAh,473,2026-01-10,Cliente General,Socket de 2 contactos,2,
DeHBzSpfcB2QUzdGWfAh,473,2026-01-10,Cliente General,Amortiguador delantero,1,
DeHBzSpfcB2QUzdGWfAh,473,2026-01-10,Cliente General,Balero 1616,2,
DeHBzSpfcB2QUzdGWfAh,473,2026-01-10,Cliente General,Piñon doble,1,
DeHBzSpfcB2QUzdGWfAh,473,2026-01-10,Cliente General,Bomba trasera,1,
DeHBzSpfcB2QUzdGWfAh,473,2026-01-10,Cliente General,Cable de clutch sin forro,1,
DeHBzSpfcB2QUzdGWfAh,473,2026-01-10,Cliente General,Mano de obra,1,SERVICIO
DgOcpmFeobVPWR5FMKBd,706,2026-05-05,Cliente General,Aceite REPSOL 20W50 1000ml,4,MxZYt471Hv0ZhT0oI8gt
DgOcpmFeobVPWR5FMKBd,706,2026-05-05,Cliente General,Bomba central de freno Bajaj,1,R6VMwrhKBYThIJQdiByt
DgOcpmFeobVPWR5FMKBd,706,2026-05-05,Cliente General,Cable de acelerador Compact,1,OL0yBYhcW2Z8kE9GOjtp
DgOcpmFeobVPWR5FMKBd,706,2026-05-05,Cliente General,Cable de clutch compact Bajaj,1,YwFBh8gSR2cqUzSV2cUM
DgOcpmFeobVPWR5FMKBd,706,2026-05-05,Cliente General,Cable de clutch sin forro,2,tDqP4GdYl1m4hEwlOe8V
DgOcpmFeobVPWR5FMKBd,706,2026-05-05,Cliente General,Cable de velocidad Compact Blanco Negro,2,qKCU8SLjJMeIQFqUKOnZ
DgOcpmFeobVPWR5FMKBd,706,2026-05-05,Cliente General,Cable de clutch nuevo Bajaj,1,YOrVSh8ETDwxtBnSdzwi
DgOcpmFeobVPWR5FMKBd,706,2026-05-05,Cliente General,Cable de freno de mano 2022,1,7pdv1aX7UTOjfFa9XXHz
DgOcpmFeobVPWR5FMKBd,706,2026-05-05,Cliente General,Caracol trasero stop 175 LH,2,tlXoUgqNzrC7joAsIrJh
DgOcpmFeobVPWR5FMKBd,706,2026-05-05,Cliente General,Caracol trasero stop 175 RH,3,UoL7nzWMpXwoLk805hVn
E16RXZy5k9EiHtpoinQa,692,2026-05-04,Cliente General,Aceite HAVOLINE 20W50 1000ml,1,xLianJA09yo8R7gurOM0
E16RXZy5k9EiHtpoinQa,692,2026-05-04,Cliente General,Washa de eje principal,1,BJHnzdBLxwSDWhbOXcCD
E16RXZy5k9EiHtpoinQa,692,2026-05-04,Cliente General,Gusano de cruz,1,2Cp5TwGdEUFCMA5B5Ytp
E16RXZy5k9EiHtpoinQa,692,2026-05-04,Cliente General,Piñon de retroceso,1,pS6Gyk5vRKVJC6xWVuMD
E16RXZy5k9EiHtpoinQa,692,2026-05-04,Cliente General,Balero JV188,1,7686NfUEs6GPTMrmhZwg
E16RXZy5k9EiHtpoinQa,692,2026-05-04,Cliente General,Selector de velocidad,1,cF6mvXiUN7HpKI07Lptd
E16RXZy5k9EiHtpoinQa,692,2026-05-04,Cliente General,Cadena de tiempo,1,JZbT4ZE0Bw5Ll8PciVsb
E16RXZy5k9EiHtpoinQa,692,2026-05-04,Cliente General,Guia de lubricacion hule BAJAJ,1,kgHfEgSJ6XBPIOs9cJcP
E16RXZy5k9EiHtpoinQa,692,2026-05-04,Cliente General,Eje de piña,1,xyO88XVEhsTZcZQGSr8Y
E16RXZy5k9EiHtpoinQa,692,2026-05-04,Cliente General,Guias de cadena de tiempo BAJAJ juego,1,QG0plBzJDBci8O1LBvJq
E16RXZy5k9EiHtpoinQa,692,2026-05-04,Cliente General,Piña multiple 175,1,cE6TrQQ4vQ2YP344B5vY
E16RXZy5k9EiHtpoinQa,692,2026-05-04,Cliente General,Piñon Doble,1,aLoMXAjEctaic4j8NEYn
E16RXZy5k9EiHtpoinQa,692,2026-05-04,Cliente General,Bomba de aceite,1,YsI2N2GF4Mjz11YVMJWs
EAfrNlHa7wHF6JTVe0Zs,446,2025-12-26,Cliente General,Filtro de aceite compact,1,
EAfrNlHa7wHF6JTVe0Zs,446,2025-12-26,Cliente General,Aceite Repsol,2,
EAfrNlHa7wHF6JTVe0Zs,446,2025-12-26,Cliente General,Castrol,2,
EAfrNlHa7wHF6JTVe0Zs,446,2025-12-26,Cliente General,Polvera grande,1,
EAfrNlHa7wHF6JTVe0Zs,446,2025-12-26,Cliente General,Filtro y empaque 175,2,
EAfrNlHa7wHF6JTVe0Zs,446,2025-12-26,Cliente General,Capuchon de bujia,1,
EAfrNlHa7wHF6JTVe0Zs,446,2025-12-26,Cliente General,Balero 6904,1,
EAfrNlHa7wHF6JTVe0Zs,446,2025-12-26,Cliente General,Mano de obra,1,SERVICIO
EHqieVVq4yf4KcLAwYi7,457,2026-01-03,Cliente General,Filtro Compact,1,
EHqieVVq4yf4KcLAwYi7,457,2026-01-03,Cliente General,Aceite Repsol,3,
EHqieVVq4yf4KcLAwYi7,457,2026-01-03,Cliente General,Polvera grande,1,
EHqieVVq4yf4KcLAwYi7,457,2026-01-03,Cliente General,Aceite Castrol,2,
EHqieVVq4yf4KcLAwYi7,457,2026-01-03,Cliente General,Cable de velocidad,1,
EHqieVVq4yf4KcLAwYi7,457,2026-01-03,Cliente General,Cable de clutch Compact,1,
EHqieVVq4yf4KcLAwYi7,457,2026-01-03,Cliente General,Mano de obra,1,SERVICIO
EWkjikPhbcfh7m9uh226,460,2026-01-05,Cliente General,Filtro y empaque,1,
EWkjikPhbcfh7m9uh226,460,2026-01-05,Cliente General,Grasera,1,
EWkjikPhbcfh7m9uh226,460,2026-01-05,Cliente General,Aceite Repsol,2,
EWkjikPhbcfh7m9uh226,460,2026-01-05,Cliente General,Filtro Compact,1,
EWkjikPhbcfh7m9uh226,460,2026-01-05,Cliente General,Llanta 4.00-8TT,1,
EWkjikPhbcfh7m9uh226,460,2026-01-05,Cliente General,Polvera grande,4,
EWkjikPhbcfh7m9uh226,460,2026-01-05,Cliente General,Anillo de fuego,1,
EWkjikPhbcfh7m9uh226,460,2026-01-05,Cliente General,Mano de obra,1,SERVICIO
EasNmTApYbbemFUFKnaW,358,2025-11-14,Cliente General,Filtro y empaque 175,2,
EasNmTApYbbemFUFKnaW,358,2025-11-14,Cliente General,Bomba trasera,1,
EasNmTApYbbemFUFKnaW,358,2025-11-14,Cliente General,Filtro de aceite compact,1,
EasNmTApYbbemFUFKnaW,358,2025-11-14,Cliente General,Cuarto de aceite Havoline,2,
EasNmTApYbbemFUFKnaW,358,2025-11-14,Cliente General,Liquido de frenos,1,
EasNmTApYbbemFUFKnaW,358,2025-11-14,Cliente General,Corona diferencial,1,
EasNmTApYbbemFUFKnaW,358,2025-11-14,Cliente General,Planetarios grandes,2,
EasNmTApYbbemFUFKnaW,358,2025-11-14,Cliente General,Satelites pequeños,2,
EasNmTApYbbemFUFKnaW,358,2025-11-14,Cliente General,Pin de satelite grande,1,
EasNmTApYbbemFUFKnaW,358,2025-11-14,Cliente General,Aceite Repsol,2,
EasNmTApYbbemFUFKnaW,358,2025-11-14,Cliente General,Cable de velocidad,1,
EasNmTApYbbemFUFKnaW,358,2025-11-14,Cliente General,Piñon doble,1,
EasNmTApYbbemFUFKnaW,358,2025-11-14,Cliente General,Piñon de retroceso,1,
EasNmTApYbbemFUFKnaW,358,2025-11-14,Cliente General,Mano de obra,1,SERVICIO
Eb2SDfaLX7icRJORjAoU,420,2025-12-12,Cliente General,Bomba trasera,2,
Eb2SDfaLX7icRJORjAoU,420,2025-12-12,Cliente General,Loderas de hule,2,
Eb2SDfaLX7icRJORjAoU,420,2025-12-12,Cliente General,Pidevias compact LH,1,
Eb2SDfaLX7icRJORjAoU,420,2025-12-12,Cliente General,Flecha pequeña,1,
Eb2SDfaLX7icRJORjAoU,420,2025-12-12,Cliente General,Polvera grande,2,
Eb2SDfaLX7icRJORjAoU,420,2025-12-12,Cliente General,Tope de flecha,2,
Eb2SDfaLX7icRJORjAoU,420,2025-12-12,Cliente General,kit de dados,1,
Eb2SDfaLX7icRJORjAoU,420,2025-12-12,Cliente General,Pidevias compact RH,1,
Eb2SDfaLX7icRJORjAoU,420,2025-12-12,Cliente General,Flecha grande,1,
Eb2SDfaLX7icRJORjAoU,420,2025-12-12,Cliente General,Mano de obra,1,SERVICIO
F2H1HGGMVXR0PgLpfYxu,504,2026-01-27,Cliente General,Aceite Havoline,2,
F2H1HGGMVXR0PgLpfYxu,504,2026-01-27,Cliente General,Polvera grande,2,
F2H1HGGMVXR0PgLpfYxu,504,2026-01-27,Cliente General,Kit de dados,5,
F2H1HGGMVXR0PgLpfYxu,504,2026-01-27,Cliente General,Pivot,1,
F2H1HGGMVXR0PgLpfYxu,504,2026-01-27,Cliente General,Kit de retenedores,1,
F2H1HGGMVXR0PgLpfYxu,504,2026-01-27,Cliente General,Balero 1616,3,
F2H1HGGMVXR0PgLpfYxu,504,2026-01-27,Cliente General,Balero 6004,1,
F2H1HGGMVXR0PgLpfYxu,504,2026-01-27,Cliente General,Pidevias LH 175,1,
F2H1HGGMVXR0PgLpfYxu,504,2026-01-27,Cliente General,Regulador de voltaje,1,
F2H1HGGMVXR0PgLpfYxu,504,2026-01-27,Cliente General,Piñon doble,1,
F2H1HGGMVXR0PgLpfYxu,504,2026-01-27,Cliente General,Terminal de bateria par,1,
F2H1HGGMVXR0PgLpfYxu,504,2026-01-27,Cliente General,Tensor de cadena,1,
F2H1HGGMVXR0PgLpfYxu,504,2026-01-27,Cliente General,Aceite Repsol,2,
F2H1HGGMVXR0PgLpfYxu,504,2026-01-27,Cliente General,Filtro Compact,1,
F3PJeZm5ap5PzTPdJqVW,370,2025-11-19,Cliente General,Bomba trasera,1,
F3PJeZm5ap5PzTPdJqVW,370,2025-11-19,Cliente General,Llanta 4.00-8TT,1,
F3PJeZm5ap5PzTPdJqVW,370,2025-11-19,Cliente General,Bujin de masa delantera,1,
F3PJeZm5ap5PzTPdJqVW,370,2025-11-19,Cliente General,Planta sola 175,1,
F3PJeZm5ap5PzTPdJqVW,370,2025-11-19,Cliente General,Pivot,1,
F3PJeZm5ap5PzTPdJqVW,370,2025-11-19,Cliente General,Loderas de hule,2,
F3PJeZm5ap5PzTPdJqVW,370,2025-11-19,Cliente General,Filtro y empaque 175,1,
F3PJeZm5ap5PzTPdJqVW,370,2025-11-19,Cliente General,Silicon gris,1,
F3PJeZm5ap5PzTPdJqVW,370,2025-11-19,Cliente General,Mano de obra,1,SERVICIO
F90pVclenzbFgRVWzGeF,336,2025-11-04,Cliente General,Filtro de aceite compact,3,
F90pVclenzbFgRVWzGeF,336,2025-11-04,Cliente General,Aceite Repsol,2,
F90pVclenzbFgRVWzGeF,336,2025-11-04,Cliente General,Cuarto de aceite 140,1,
F90pVclenzbFgRVWzGeF,336,2025-11-04,Cliente General,Tuberia enrollada delantera,1,
F90pVclenzbFgRVWzGeF,336,2025-11-04,Cliente General,Liquido de frenos,1,
F90pVclenzbFgRVWzGeF,336,2025-11-04,Cliente General,Kit de valvulas 205,1,
F90pVclenzbFgRVWzGeF,336,2025-11-04,Cliente General,Kit de anillos 205,1,
F90pVclenzbFgRVWzGeF,336,2025-11-04,Cliente General,Silicon gris,1,
F90pVclenzbFgRVWzGeF,336,2025-11-04,Cliente General,Bujia,1,
F90pVclenzbFgRVWzGeF,336,2025-11-04,Cliente General,Amortiguador trasero,1,
F90pVclenzbFgRVWzGeF,336,2025-11-04,Cliente General,Clutch completo,1,
F90pVclenzbFgRVWzGeF,336,2025-11-04,Cliente General,Cable de clutch sin forro,1,
F90pVclenzbFgRVWzGeF,336,2025-11-04,Cliente General,Empaque de clutch,1,
FNKax7iTf9lAtIc4ya5d,615,2026-03-25,Cliente General,Cilindro 205,3,
FNKax7iTf9lAtIc4ya5d,615,2026-03-25,Cliente General,Liquido de frenos,1,
FNKax7iTf9lAtIc4ya5d,615,2026-03-25,Cliente General,Eje de leva,1,
FUvC122zVkFCoQUOAOSB,607,2026-03-20,Cliente General,Filtro compact,2,
FUvC122zVkFCoQUOAOSB,607,2026-03-20,Cliente General,Aceite Repsol,4,
FUvC122zVkFCoQUOAOSB,607,2026-03-20,Cliente General,Liquido de frenos,1,
FUvC122zVkFCoQUOAOSB,607,2026-03-20,Cliente General,Base de gusano,1,
FUvC122zVkFCoQUOAOSB,607,2026-03-20,Cliente General,Socket de 2 contactos,5,
FUvC122zVkFCoQUOAOSB,607,2026-03-20,Cliente General,Mano de obra,1,SERVICIO
FasfNCOW6BIaFFx51ncn,711,2026-05-05,Cliente General,Bomba de aceite,2,YsI2N2GF4Mjz11YVMJWs
FasfNCOW6BIaFFx51ncn,711,2026-05-05,Cliente General,Filtro de aceite compact,6,46jf95e2CO7XcCWDWq8v
FasfNCOW6BIaFFx51ncn,711,2026-05-05,Cliente General,Grasera mediana,1,XN5p4xTgq2hwmQmpyhtz
FasfNCOW6BIaFFx51ncn,711,2026-05-05,Cliente General,Gusano de clutch,2,H9GY2kqXC39RKFwMchsT
FasfNCOW6BIaFFx51ncn,711,2026-05-05,Cliente General,Kit de dados,1,q36NFZjl8T1P7izG1K37
FasfNCOW6BIaFFx51ncn,711,2026-05-05,Cliente General,Pivot,2,ezNs4lrtDn35wJ0iV0tN
FasfNCOW6BIaFFx51ncn,711,2026-05-05,Cliente General,Plato completo LH,1,R9qvumfLdO2koQlITjmg
FasfNCOW6BIaFFx51ncn,711,2026-05-05,Cliente General,Plato para aros cromados de plastico shakti,1,Ujow9Por5mZqSfV7Zj3v
FasfNCOW6BIaFFx51ncn,711,2026-05-05,Cliente General,Switch de freno 2007 Bajaj,1,y33BLkAI5s1VIE3UWFuf
FasfNCOW6BIaFFx51ncn,711,2026-05-05,Cliente General,Switch de parqueo,2,mMsG50GXl1ZAWxo9AuaA
FasfNCOW6BIaFFx51ncn,711,2026-05-05,Cliente General,Tambores de frenos BAJAJ,1,szf5IjCggEtsE6XJRDou
FasfNCOW6BIaFFx51ncn,711,2026-05-05,Cliente General,Ventilador 175,1,9uht1NH2ojYX5ATgNKAN
FasfNCOW6BIaFFx51ncn,711,2026-05-05,Cliente General,Tuerca de clutch,1,2n9XK0lt1JycX3eBcwOq
FhMCQSyfPNX6BQqrfuDP,415,2025-12-10,Cliente General,Empaque de clutch,1,
FhMCQSyfPNX6BQqrfuDP,415,2025-12-10,Cliente General,Balero 6004,1,
FhMCQSyfPNX6BQqrfuDP,415,2025-12-10,Cliente General,Cruz de cambio,1,
FhMCQSyfPNX6BQqrfuDP,415,2025-12-10,Cliente General,Gusano de clutch,1,
FhMCQSyfPNX6BQqrfuDP,415,2025-12-10,Cliente General,Anillo de fuego,2,
FhMCQSyfPNX6BQqrfuDP,415,2025-12-10,Cliente General,Cable de velocidad,1,
FhMCQSyfPNX6BQqrfuDP,415,2025-12-10,Cliente General,Havoline,1,
FhMCQSyfPNX6BQqrfuDP,415,2025-12-10,Cliente General,Espaciador de cigüeñal,1,
FhMCQSyfPNX6BQqrfuDP,415,2025-12-10,Cliente General,Masa de arranque,1,
FhMCQSyfPNX6BQqrfuDP,415,2025-12-10,Cliente General,Bomba trasera,1,
FpOsSDYgcbtxM4JfJnJM,499,2026-01-24,Cliente General,Tornillo de cruz,1,
FpOsSDYgcbtxM4JfJnJM,499,2026-01-24,Cliente General,Gusano de cruz,1,
FpOsSDYgcbtxM4JfJnJM,499,2026-01-24,Cliente General,Cruz de cambio,1,
FpOsSDYgcbtxM4JfJnJM,499,2026-01-24,Cliente General,Filtro y empaque,1,
FpOsSDYgcbtxM4JfJnJM,499,2026-01-24,Cliente General,Silicon gris,1,
FpOsSDYgcbtxM4JfJnJM,499,2026-01-24,Cliente General,Kit de retenedores,1,
FpOsSDYgcbtxM4JfJnJM,499,2026-01-24,Cliente General,Planta sola,1,
FpOsSDYgcbtxM4JfJnJM,499,2026-01-24,Cliente General,Kit de sello de valvulas,1,
FpOsSDYgcbtxM4JfJnJM,499,2026-01-24,Cliente General,Balero 1616,2,
FpOsSDYgcbtxM4JfJnJM,499,2026-01-24,Cliente General,Balero 6004,2,
FpOsSDYgcbtxM4JfJnJM,499,2026-01-24,Cliente General,Espaciador de cigüeñal,1,
FpOsSDYgcbtxM4JfJnJM,499,2026-01-24,Cliente General,Kit de empaque,1,
FpOsSDYgcbtxM4JfJnJM,499,2026-01-24,Cliente General,Empaque de clutch,1,
FpOsSDYgcbtxM4JfJnJM,499,2026-01-24,Cliente General,Mano de obra,1,SERVICIO
FtMvQe4K34ss22jjIyoi,714,2026-05-05,Cliente General,Aceite REPSOL 20W50 1000ml,2,MxZYt471Hv0ZhT0oI8gt
FtMvQe4K34ss22jjIyoi,714,2026-05-05,Cliente General,Switch de neutro compact,1,C8j6R4HctBNUGc3ydmjZ
FtMvQe4K34ss22jjIyoi,714,2026-05-05,Cliente General,Focos de 2 contactos,10,KAmVRz4jn6YlUVpxwiXr
FtMvQe4K34ss22jjIyoi,714,2026-05-05,Cliente General,Filtro de aceite compact,2,46jf95e2CO7XcCWDWq8v
FtMvQe4K34ss22jjIyoi,714,2026-05-05,Cliente General,emgrase jeneral,1,
FtMvQe4K34ss22jjIyoi,714,2026-05-05,Cliente General,Cambio de aceite,1,
FtMvQe4K34ss22jjIyoi,714,2026-05-05,Cliente General,Revisión de frenos,1,
FtMvQe4K34ss22jjIyoi,714,2026-05-05,Cliente General,Mano de Obra,1,
FzNxzF5PsqlmXAlfY8BQ,352,2025-11-12,Cliente General,Kit de dados,1,
FzNxzF5PsqlmXAlfY8BQ,352,2025-11-12,Cliente General,Kit de empaque 205,1,
FzNxzF5PsqlmXAlfY8BQ,352,2025-11-12,Cliente General,Pivot,1,
FzNxzF5PsqlmXAlfY8BQ,352,2025-11-12,Cliente General,Filtro y empaque 175,2,
FzNxzF5PsqlmXAlfY8BQ,352,2025-11-12,Cliente General,Bujin de masa delantera,1,
FzNxzF5PsqlmXAlfY8BQ,352,2025-11-12,Cliente General,Balero 1616,1,
FzNxzF5PsqlmXAlfY8BQ,352,2025-11-12,Cliente General,Espaciador de cigüeñal,1,
FzNxzF5PsqlmXAlfY8BQ,352,2025-11-12,Cliente General,Balero 142216,1,
FzNxzF5PsqlmXAlfY8BQ,352,2025-11-12,Cliente General,Balero 6004,1,
FzNxzF5PsqlmXAlfY8BQ,352,2025-11-12,Cliente General,Bomba trasera,1,
FzNxzF5PsqlmXAlfY8BQ,352,2025-11-12,Cliente General,Filtro de aceite compact,2,
FzNxzF5PsqlmXAlfY8BQ,352,2025-11-12,Cliente General,Aceite Repsol,2,
FzNxzF5PsqlmXAlfY8BQ,352,2025-11-12,Cliente General,Mano de obra,1,SERVICIO
GP9FfMqwpwnG6wr7a6Wa,539,2026-02-12,Cliente General,Piñon de primera 2022,1,
GP9FfMqwpwnG6wr7a6Wa,539,2026-02-12,Cliente General,Piñon de segunda 2022,1,
GP9FfMqwpwnG6wr7a6Wa,539,2026-02-12,Cliente General,Piñon de tercera 2022,1,
GP9FfMqwpwnG6wr7a6Wa,539,2026-02-12,Cliente General,Piñon de cuarta 2022,1,
GP9FfMqwpwnG6wr7a6Wa,539,2026-02-12,Cliente General,Bomba trasera,1,
GP9FfMqwpwnG6wr7a6Wa,539,2026-02-12,Cliente General,Piña multiple 2022,1,
GP9FfMqwpwnG6wr7a6Wa,539,2026-02-12,Cliente General,Kit de empaque compact,1,
GP9FfMqwpwnG6wr7a6Wa,539,2026-02-12,Cliente General,Empaque de corona,1,
GP9FfMqwpwnG6wr7a6Wa,539,2026-02-12,Cliente General,Filtro y empaque,1,
GP9FfMqwpwnG6wr7a6Wa,539,2026-02-12,Cliente General,Aceite Havoline,2,
GP9FfMqwpwnG6wr7a6Wa,539,2026-02-12,Cliente General,Anillo de fuego,1,
GP9FfMqwpwnG6wr7a6Wa,539,2026-02-12,Cliente General,Bomba central de freno,1,
GP9FfMqwpwnG6wr7a6Wa,539,2026-02-12,Cliente General,Mano de obra,1,SERVICIO
GSKWpNj6adsGs1qc0LDE,702,2026-05-05,Cliente General,Aceite 140,1,TmfFRNzZ093NMW8Y3tf9
GSKWpNj6adsGs1qc0LDE,702,2026-05-05,Cliente General,Aceite CASTROL 20W50 1000ml,2,iIPhKSCzDDkLG4BMkLHn
GSKWpNj6adsGs1qc0LDE,702,2026-05-05,Cliente General,Aceite REPSOL 20W50 1000ml,12,MxZYt471Hv0ZhT0oI8gt
GSKWpNj6adsGs1qc0LDE,702,2026-05-05,Cliente General,Filtro de aceite compact,5,46jf95e2CO7XcCWDWq8v
GTRSER9EwMGhGMChDFI1,447,2025-12-26,Cliente General,Filtro de aceite compact,2,
GTRSER9EwMGhGMChDFI1,447,2025-12-26,Cliente General,Aceite Repsol,2,
GTRSER9EwMGhGMChDFI1,447,2025-12-26,Cliente General,Retenedor metalico,1,
GTRSER9EwMGhGMChDFI1,447,2025-12-26,Cliente General,Tope de flecha,1,
GTRSER9EwMGhGMChDFI1,447,2025-12-26,Cliente General,Socket de 2 contactos,1,
GTRSER9EwMGhGMChDFI1,447,2025-12-26,Cliente General,Base de gusano de clutch,1,
GTRSER9EwMGhGMChDFI1,447,2025-12-26,Cliente General,Mano de obra,1,SERVICIO
GVgiU4Q9p9vhJ00yOmaX,481,2026-01-15,Cliente General,Aceite Repsol,2,
GVgiU4Q9p9vhJ00yOmaX,481,2026-01-15,Cliente General,Filtro Compact,1,
GVgiU4Q9p9vhJ00yOmaX,481,2026-01-15,Cliente General,Espaciador de cigüeñal,1,
GVgiU4Q9p9vhJ00yOmaX,481,2026-01-15,Cliente General,Gusano de clutch,1,
GVgiU4Q9p9vhJ00yOmaX,481,2026-01-15,Cliente General,Filtro y empaque,1,
GVgiU4Q9p9vhJ00yOmaX,481,2026-01-15,Cliente General,Bomba trasera,1,
GVgiU4Q9p9vhJ00yOmaX,481,2026-01-15,Cliente General,Bomba de aceite,1,
GVgiU4Q9p9vhJ00yOmaX,481,2026-01-15,Cliente General,kit de valvulas 205,1,
GVgiU4Q9p9vhJ00yOmaX,481,2026-01-15,Cliente General,Guias de cadena,2,
GVgiU4Q9p9vhJ00yOmaX,481,2026-01-15,Cliente General,Cadena de tiempo,1,
GVgiU4Q9p9vhJ00yOmaX,481,2026-01-15,Cliente General,Selector de velocidad,1,
GVgiU4Q9p9vhJ00yOmaX,481,2026-01-15,Cliente General,Cilindro 205,1,
GVgiU4Q9p9vhJ00yOmaX,481,2026-01-15,Cliente General,Bujin de muleta,2,
GVgiU4Q9p9vhJ00yOmaX,481,2026-01-15,Cliente General,Mano de obra,1,SERVICIO
Gan0wJkCgwHt5iQzXnlH,551,2026-02-19,Cliente General,Espaciador de cigüeñal,1,
Gan0wJkCgwHt5iQzXnlH,551,2026-02-19,Cliente General,Balero 6004,1,
Gan0wJkCgwHt5iQzXnlH,551,2026-02-19,Cliente General,Selector de velocidad,1,
Gan0wJkCgwHt5iQzXnlH,551,2026-02-19,Cliente General,Bomba de aceite,1,
Gan0wJkCgwHt5iQzXnlH,551,2026-02-19,Cliente General,Cadena de tiempo,1,
Gan0wJkCgwHt5iQzXnlH,551,2026-02-19,Cliente General,Cilindro 205,1,
Gan0wJkCgwHt5iQzXnlH,551,2026-02-19,Cliente General,Guias de cadena,2,
Gan0wJkCgwHt5iQzXnlH,551,2026-02-19,Cliente General,Selector de retroceso,1,
Gan0wJkCgwHt5iQzXnlH,551,2026-02-19,Cliente General,Topes de flecha,4,
Gan0wJkCgwHt5iQzXnlH,551,2026-02-19,Cliente General,Capuchon de bujia,1,
Gan0wJkCgwHt5iQzXnlH,551,2026-02-19,Cliente General,Bomba trasera,1,
Gan0wJkCgwHt5iQzXnlH,551,2026-02-19,Cliente General,Mano de obra,1,SERVICIO
H5zl1AveAqToMscVobH6,681,2026-04-28,Cliente General,Cable de clutch nuevo,1,
H5zl1AveAqToMscVobH6,681,2026-04-28,Cliente General,Gusano de clutch,1,
H5zl1AveAqToMscVobH6,681,2026-04-28,Cliente General,Aceite Havoline,2,
H5zl1AveAqToMscVobH6,681,2026-04-28,Cliente General,Filtro compact,1,
H5zl1AveAqToMscVobH6,681,2026-04-28,Cliente General,filtro de aire sin maya,1,
H5zl1AveAqToMscVobH6,681,2026-04-28,Cliente General,Bayoneta de nivel de aceite negra,1,
H5zl1AveAqToMscVobH6,681,2026-04-28,Cliente General,Mano de obra,1,SERVICIO
H9n11PQ102XQ0DmBN03C,559,2026-02-24,Cliente General,Aceite Repsol,5,
H9n11PQ102XQ0DmBN03C,559,2026-02-24,Cliente General,Filtro Compact,1,
H9n11PQ102XQ0DmBN03C,559,2026-02-24,Cliente General,Bomba trasera,2,
H9n11PQ102XQ0DmBN03C,559,2026-02-24,Cliente General,Liquido de freno,1,
H9n11PQ102XQ0DmBN03C,559,2026-02-24,Cliente General,Filtro y empaque,1,
H9n11PQ102XQ0DmBN03C,559,2026-02-24,Cliente General,Aro ancho,2,
H9n11PQ102XQ0DmBN03C,559,2026-02-24,Cliente General,Mano de obra,1,SERVICIO
Hh7cwUBv9dN0A9x7P2bs,449,2025-12-29,Cliente General,Filtro de aceite compact,1,
Hh7cwUBv9dN0A9x7P2bs,449,2025-12-29,Cliente General,Cobertor de stop LH 175,2,
Hh7cwUBv9dN0A9x7P2bs,449,2025-12-29,Cliente General,Cobertor de stop RH 175,1,
Hh7cwUBv9dN0A9x7P2bs,449,2025-12-29,Cliente General,Empaque de freno trasero,1,
Hh7cwUBv9dN0A9x7P2bs,449,2025-12-29,Cliente General,Liquido de freno,1,
Hh7cwUBv9dN0A9x7P2bs,449,2025-12-29,Cliente General,Cable sin forro de clutch,1,
Hh7cwUBv9dN0A9x7P2bs,449,2025-12-29,Cliente General,Capuchon de bujia,1,
Hh7cwUBv9dN0A9x7P2bs,449,2025-12-29,Cliente General,Mano de obra,1,SERVICIO
HiVZJC4DNNUSCF21rLmP,392,2025-11-19,Cliente General,Filtro de aceite compact,2,
HiVZJC4DNNUSCF21rLmP,392,2025-11-19,Cliente General,Pivot,1,
HiVZJC4DNNUSCF21rLmP,392,2025-11-19,Cliente General,Piñon doble,1,
HiVZJC4DNNUSCF21rLmP,392,2025-11-19,Cliente General,Piñon de retroceso,1,
HiVZJC4DNNUSCF21rLmP,392,2025-11-19,Cliente General,kit de retenedores,1,
HiVZJC4DNNUSCF21rLmP,392,2025-11-19,Cliente General,Balero 1616,1,
HiVZJC4DNNUSCF21rLmP,392,2025-11-19,Cliente General,Empaque diferencial,1,
HiVZJC4DNNUSCF21rLmP,392,2025-11-19,Cliente General,Bomba central de freno,1,
Hnpz8GdZuS0RCQlTyWcw,641,2026-04-08,Cliente General,Aceite Havoline,4,
Hnpz8GdZuS0RCQlTyWcw,641,2026-04-08,Cliente General,Filtro compact,2,
Hnpz8GdZuS0RCQlTyWcw,641,2026-04-08,Cliente General,Filtro y empaque,2,
Hnpz8GdZuS0RCQlTyWcw,641,2026-04-08,Cliente General,Aceite Repsol,4,
Hnpz8GdZuS0RCQlTyWcw,641,2026-04-08,Cliente General,Gusano de clutch,1,
Hnpz8GdZuS0RCQlTyWcw,641,2026-04-08,Cliente General,Empaque de freno trasero,1,
Hnpz8GdZuS0RCQlTyWcw,641,2026-04-08,Cliente General,Llanta 4.00x8,2,
Hnpz8GdZuS0RCQlTyWcw,641,2026-04-08,Cliente General,Capuchon de bujia con cable,1,
Hnpz8GdZuS0RCQlTyWcw,641,2026-04-08,Cliente General,Liquido de freno,1,
Hnpz8GdZuS0RCQlTyWcw,641,2026-04-08,Cliente General,Balero 1616,1,
Hnpz8GdZuS0RCQlTyWcw,641,2026-04-08,Cliente General,Stop completo 175 RH,1,
Hnpz8GdZuS0RCQlTyWcw,641,2026-04-08,Cliente General,Focos de 2 contactos,10,
Hnpz8GdZuS0RCQlTyWcw,641,2026-04-08,Cliente General,Socket de 2 contactos,2,
Hnpz8GdZuS0RCQlTyWcw,641,2026-04-08,Cliente General,Focos silvin,2,
HvMVrxSsuRDYxbSZXxSx,544,2026-02-16,Cliente General,Filtro y empaque,1,
HvMVrxSsuRDYxbSZXxSx,544,2026-02-16,Cliente General,Filtro Compact,1,
HvMVrxSsuRDYxbSZXxSx,544,2026-02-16,Cliente General,Aceite Repsol,2,
HvMVrxSsuRDYxbSZXxSx,544,2026-02-16,Cliente General,Guardafango delantero,1,
HvMVrxSsuRDYxbSZXxSx,544,2026-02-16,Cliente General,Pidevia RH compact,1,
HvMVrxSsuRDYxbSZXxSx,544,2026-02-16,Cliente General,Bomba trasera,1,
HvMVrxSsuRDYxbSZXxSx,544,2026-02-16,Cliente General,Lodera de hule,1,
HvMVrxSsuRDYxbSZXxSx,544,2026-02-16,Cliente General,Mano de obra,1,SERVICIO
I0yDiVfJl7oQyPv87JPw,451,2025-12-30,Cliente General,Balero 1616,2,
I0yDiVfJl7oQyPv87JPw,451,2025-12-30,Cliente General,Piñon doble,1,
I0yDiVfJl7oQyPv87JPw,451,2025-12-30,Cliente General,Portafusible,1,
I0yDiVfJl7oQyPv87JPw,451,2025-12-30,Cliente General,Socket de 2 contactos,1,
I0yDiVfJl7oQyPv87JPw,451,2025-12-30,Cliente General,Kit de retenedores,1,
I0yDiVfJl7oQyPv87JPw,451,2025-12-30,Cliente General,Balero 6004,1,
I0yDiVfJl7oQyPv87JPw,451,2025-12-30,Cliente General,Flecha pequeña,1,
I7N1vwlxxC9wovLKC2q0,664,2026-04-16,Cliente General,Pito de platillo,1,
I7N1vwlxxC9wovLKC2q0,664,2026-04-16,Cliente General,Pivot,1,
I7N1vwlxxC9wovLKC2q0,664,2026-04-16,Cliente General,Bomba trasera,1,
I7N1vwlxxC9wovLKC2q0,664,2026-04-16,Cliente General,Relay de start,1,
I7N1vwlxxC9wovLKC2q0,664,2026-04-16,Cliente General,Filtro y empaque,1,
I7N1vwlxxC9wovLKC2q0,664,2026-04-16,Cliente General,Switch de neutro,1,
I7N1vwlxxC9wovLKC2q0,664,2026-04-16,Cliente General,Tambor de freno,1,
I7N1vwlxxC9wovLKC2q0,664,2026-04-16,Cliente General,Aceite Repsol,2,
I7N1vwlxxC9wovLKC2q0,664,2026-04-16,Cliente General,Filtro compact,1,
I7N1vwlxxC9wovLKC2q0,664,2026-04-16,Cliente General,Pidevia compact LH,1,
I7N1vwlxxC9wovLKC2q0,664,2026-04-16,Cliente General,Llanta 4.00x8,1,
I7N1vwlxxC9wovLKC2q0,664,2026-04-16,Cliente General,Tornillo de graduacion,2,
I7N1vwlxxC9wovLKC2q0,664,2026-04-16,Cliente General,Mano de obra,1,SERVICIO
IE7fWPki4TSTyxwrNprj,491,2026-01-20,Cliente General,Aceite Havoline,1,
IE7fWPki4TSTyxwrNprj,491,2026-01-20,Cliente General,Cable de clutch compact,2,
IE7fWPki4TSTyxwrNprj,491,2026-01-20,Cliente General,Cable de clutch viejo,2,
IE7fWPki4TSTyxwrNprj,491,2026-01-20,Cliente General,Filtro Compact,1,
IE7fWPki4TSTyxwrNprj,491,2026-01-20,Cliente General,Aceite Repsol,2,
IE7fWPki4TSTyxwrNprj,491,2026-01-20,Cliente General,Tornillo de graduacion de freno,2,
IE7fWPki4TSTyxwrNprj,491,2026-01-20,Cliente General,Empaque de freno trasero,10,
IE7fWPki4TSTyxwrNprj,491,2026-01-20,Cliente General,Cruz de cambio,1,
IE7fWPki4TSTyxwrNprj,491,2026-01-20,Cliente General,Gusano de cruz,1,
IE7fWPki4TSTyxwrNprj,491,2026-01-20,Cliente General,Tornillo de cruz,1,
IE7fWPki4TSTyxwrNprj,491,2026-01-20,Cliente General,Piñon de segunda,1,
IE7fWPki4TSTyxwrNprj,491,2026-01-20,Cliente General,Piñon de tercera,1,
IE7fWPki4TSTyxwrNprj,491,2026-01-20,Cliente General,Retenedor metalico,1,
IQZ1YiJG4cSUEhgGGEvF,594,2026-03-13,Cliente General,Bomba trasera,1,
IQZ1YiJG4cSUEhgGGEvF,594,2026-03-13,Cliente General,Aceite Repsol,2,
IQZ1YiJG4cSUEhgGGEvF,594,2026-03-13,Cliente General,Filtro y empaque,2,
IQZ1YiJG4cSUEhgGGEvF,594,2026-03-13,Cliente General,Filtro compact,3,
IQZ1YiJG4cSUEhgGGEvF,594,2026-03-13,Cliente General,Aceite Havoline,4,
IQZ1YiJG4cSUEhgGGEvF,594,2026-03-13,Cliente General,Eje trasero,1,
IQZ1YiJG4cSUEhgGGEvF,594,2026-03-13,Cliente General,Balero 6904,1,
IQZ1YiJG4cSUEhgGGEvF,594,2026-03-13,Cliente General,Balero 4906,1,
IQZ1YiJG4cSUEhgGGEvF,594,2026-03-13,Cliente General,Pivot,1,
IQZ1YiJG4cSUEhgGGEvF,594,2026-03-13,Cliente General,Mano de obra,1,SERVICIO
IVRTNIwlbno1VDI5K9KJ,610,2026-03-23,Cliente General,Cable de clutch viejo,5,
IVRTNIwlbno1VDI5K9KJ,610,2026-03-23,Cliente General,Aceite Repsol,2,
IVRTNIwlbno1VDI5K9KJ,610,2026-03-23,Cliente General,Filtro y empaque,2,
IVRTNIwlbno1VDI5K9KJ,610,2026-03-23,Cliente General,Llanta 4.00x8,1,
IVRTNIwlbno1VDI5K9KJ,610,2026-03-23,Cliente General,Cable de clutch sin forro,1,
IVRTNIwlbno1VDI5K9KJ,610,2026-03-23,Cliente General,Ducto de carburador,1,
IVRTNIwlbno1VDI5K9KJ,610,2026-03-23,Cliente General,Anillo de fuego,1,
IVRTNIwlbno1VDI5K9KJ,610,2026-03-23,Cliente General,Aceite Havoline,4,
IVRTNIwlbno1VDI5K9KJ,610,2026-03-23,Cliente General,Capuchon de bujia con cable,1,
IVRTNIwlbno1VDI5K9KJ,610,2026-03-23,Cliente General,Pivot,1,
IVRTNIwlbno1VDI5K9KJ,610,2026-03-23,Cliente General,Kit de sello de valvula,1,
IVRTNIwlbno1VDI5K9KJ,610,2026-03-23,Cliente General,Bomba trasera,1,
IYEyYlewDjjQaiu0g38V,532,2026-02-09,Cliente General,Filtro Compact,2,
IYEyYlewDjjQaiu0g38V,532,2026-02-09,Cliente General,Bomba trasera,1,
IYEyYlewDjjQaiu0g38V,532,2026-02-09,Cliente General,Liquido de freno,1,
IYEyYlewDjjQaiu0g38V,532,2026-02-09,Cliente General,Retenedor metalico,2,
IYEyYlewDjjQaiu0g38V,532,2026-02-09,Cliente General,Filtro y empaque,1,
IYEyYlewDjjQaiu0g38V,532,2026-02-09,Cliente General,Aceite Repsol,2,
IYEyYlewDjjQaiu0g38V,532,2026-02-09,Cliente General,Mano de obra,1,SERVICIO
IleEtDheSvfAPVS6cpl7,603,2026-03-19,Cliente General,Bomba trasera,1,
IleEtDheSvfAPVS6cpl7,603,2026-03-19,Cliente General,Filtro y empaque,1,
IleEtDheSvfAPVS6cpl7,603,2026-03-19,Cliente General,Llanta 4.00x8,1,
IleEtDheSvfAPVS6cpl7,603,2026-03-19,Cliente General,Aceite Repsol,2,
IleEtDheSvfAPVS6cpl7,603,2026-03-19,Cliente General,Filtro compact,1,
IleEtDheSvfAPVS6cpl7,603,2026-03-19,Cliente General,Portafusible,1,
IleEtDheSvfAPVS6cpl7,603,2026-03-19,Cliente General,Aceite Havoline,1,
IleEtDheSvfAPVS6cpl7,603,2026-03-19,Cliente General,Cable de clutch sin forro,1,
IleEtDheSvfAPVS6cpl7,603,2026-03-19,Cliente General,Bujia,1,
IleEtDheSvfAPVS6cpl7,603,2026-03-19,Cliente General,Capuchon de bujia con cable,1,
IleEtDheSvfAPVS6cpl7,603,2026-03-19,Cliente General,Mano de obra,1,SERVICIO
J26U8k1RjGDJGE5lQrwl,571,2026-03-02,Cliente General,Filtro compact,1,
J26U8k1RjGDJGE5lQrwl,571,2026-03-02,Cliente General,Aceite Repsol,2,
J26U8k1RjGDJGE5lQrwl,571,2026-03-02,Cliente General,Aceite 140,1,
J26U8k1RjGDJGE5lQrwl,571,2026-03-02,Cliente General,Bomba trasera,1,
J26U8k1RjGDJGE5lQrwl,571,2026-03-02,Cliente General,Cable de clutch sin forro,1,
J26U8k1RjGDJGE5lQrwl,571,2026-03-02,Cliente General,Bujia compact,2,
J26U8k1RjGDJGE5lQrwl,571,2026-03-02,Cliente General,Retenedor metalico,1,
J26U8k1RjGDJGE5lQrwl,571,2026-03-02,Cliente General,Kit de baleros traseros,1,
J26U8k1RjGDJGE5lQrwl,571,2026-03-02,Cliente General,Flecha pequeña,1,
J26U8k1RjGDJGE5lQrwl,571,2026-03-02,Cliente General,Tope de flecha,2,
J26U8k1RjGDJGE5lQrwl,571,2026-03-02,Cliente General,Kit de dados,1,
J26U8k1RjGDJGE5lQrwl,571,2026-03-02,Cliente General,Mano de obra,1,SERVICIO
J7PrUgf9u0j7aweqDpUv,617,2026-03-26,Cliente General,Kit de sello de valvula,3,
J7PrUgf9u0j7aweqDpUv,617,2026-03-26,Cliente General,Balerina grande,2,
J7PrUgf9u0j7aweqDpUv,617,2026-03-26,Cliente General,Balerina pequeña,2,
J7PrUgf9u0j7aweqDpUv,617,2026-03-26,Cliente General,Kit de bujin de muleta,1,
J7PrUgf9u0j7aweqDpUv,617,2026-03-26,Cliente General,Stop completo RH 175,1,
J7PrUgf9u0j7aweqDpUv,617,2026-03-26,Cliente General,Eje de piña,1,
J7PrUgf9u0j7aweqDpUv,617,2026-03-26,Cliente General,Piña multiple,1,
J7PrUgf9u0j7aweqDpUv,617,2026-03-26,Cliente General,Plato completo RH,1,
J7PrUgf9u0j7aweqDpUv,617,2026-03-26,Cliente General,Empaque de clutch,5,
J7PrUgf9u0j7aweqDpUv,617,2026-03-26,Cliente General,Bomba trasera,5,
J7PrUgf9u0j7aweqDpUv,617,2026-03-26,Cliente General,Bujin de masa delantera,4,
J7PrUgf9u0j7aweqDpUv,617,2026-03-26,Cliente General,Empaque de cilindro,5,
J7PrUgf9u0j7aweqDpUv,617,2026-03-26,Cliente General,Cable de velocidad,4,
J7PrUgf9u0j7aweqDpUv,617,2026-03-26,Cliente General,Cilindros,3,
JIm1Aad7cvfn3okn9zL1,424,2025-12-15,Cliente General,Filtro y empaque 175,1,
JIm1Aad7cvfn3okn9zL1,424,2025-12-15,Cliente General,Empaque de clutch,1,
JIm1Aad7cvfn3okn9zL1,424,2025-12-15,Cliente General,Clutch completo,1,
JIm1Aad7cvfn3okn9zL1,424,2025-12-15,Cliente General,Bomba trasera,1,
JIm1Aad7cvfn3okn9zL1,424,2025-12-15,Cliente General,Cable sin forro de clutch,1,
JIm1Aad7cvfn3okn9zL1,424,2025-12-15,Cliente General,Bobina de alta,1,
JIm1Aad7cvfn3okn9zL1,424,2025-12-15,Cliente General,Switch de neutro,1,
JIm1Aad7cvfn3okn9zL1,424,2025-12-15,Cliente General,Empaque Diferencial,1,
JIm1Aad7cvfn3okn9zL1,424,2025-12-15,Cliente General,Polvera Pequeña,1,
JIm1Aad7cvfn3okn9zL1,424,2025-12-15,Cliente General,Tope de flecha,2,
JIm1Aad7cvfn3okn9zL1,424,2025-12-15,Cliente General,Mano de obra,1,SERVICIO
JIzofZMFvB7tLBXGWdJI,619,2026-03-26,Cliente General,Empaque de culata,1,
JIzofZMFvB7tLBXGWdJI,619,2026-03-26,Cliente General,Pin hueco,3,
JIzofZMFvB7tLBXGWdJI,619,2026-03-26,Cliente General,Empaque de cilindro,3,
JIzofZMFvB7tLBXGWdJI,619,2026-03-26,Cliente General,Bomba central bajaj,1,
JIzofZMFvB7tLBXGWdJI,619,2026-03-26,Cliente General,Kit de empaques 205,1,
JIzofZMFvB7tLBXGWdJI,619,2026-03-26,Cliente General,Piñon de tercera,1,
JIzofZMFvB7tLBXGWdJI,619,2026-03-26,Cliente General,Anillo de fuego,10,
JIzofZMFvB7tLBXGWdJI,619,2026-03-26,Cliente General,Balerina grande,2,
JIzofZMFvB7tLBXGWdJI,619,2026-03-26,Cliente General,Eje de leva,1,
JIzofZMFvB7tLBXGWdJI,619,2026-03-26,Cliente General,Empaque de freno trasero,5,
JIzofZMFvB7tLBXGWdJI,619,2026-03-26,Cliente General,Graseras,1,
JIzofZMFvB7tLBXGWdJI,619,2026-03-26,Cliente General,Filtro compact,2,
JTvuIwc3PkNfiyN5IEAT,582,2026-03-06,Cliente General,Cable de clutch nuevo,1,
JTvuIwc3PkNfiyN5IEAT,582,2026-03-06,Cliente General,Filtro y empaque,1,
JTvuIwc3PkNfiyN5IEAT,582,2026-03-06,Cliente General,Bomba trasera,1,
JTvuIwc3PkNfiyN5IEAT,582,2026-03-06,Cliente General,Tapon prefiltro,1,
JTvuIwc3PkNfiyN5IEAT,582,2026-03-06,Cliente General,Pivot estandar bajaj,1,
JTvuIwc3PkNfiyN5IEAT,582,2026-03-06,Cliente General,Graseras,2,
JTvuIwc3PkNfiyN5IEAT,582,2026-03-06,Cliente General,Filtro compact,1,
JTvuIwc3PkNfiyN5IEAT,582,2026-03-06,Cliente General,Aceite Repsol,2,
JTvuIwc3PkNfiyN5IEAT,582,2026-03-06,Cliente General,Bujin de masa delantera,2,
JTvuIwc3PkNfiyN5IEAT,582,2026-03-06,Cliente General,Kit de baleros traseros,1,
JTvuIwc3PkNfiyN5IEAT,582,2026-03-06,Cliente General,Eje trasero,1,
JTvuIwc3PkNfiyN5IEAT,582,2026-03-06,Cliente General,Mano de obra,1,SERVICIO
JlUnK0BwuJq9pYU8sjgB,628,2026-04-01,Cliente General,Aceite 140,1,
JlUnK0BwuJq9pYU8sjgB,628,2026-04-01,Cliente General,Adorno de espejo,1,
JlUnK0BwuJq9pYU8sjgB,628,2026-04-01,Cliente General,Amortiguador delantero,1,
JlUnK0BwuJq9pYU8sjgB,628,2026-04-01,Cliente General,Amortiguador trasero,2,
JlUnK0BwuJq9pYU8sjgB,628,2026-04-01,Cliente General,Anillos de fuego,5,
JlUnK0BwuJq9pYU8sjgB,628,2026-04-01,Cliente General,Aro ancho 4.00x8,4,
JlUnK0BwuJq9pYU8sjgB,628,2026-04-01,Cliente General,Balancines,2,
JlUnK0BwuJq9pYU8sjgB,628,2026-04-01,Cliente General,Balero 142216,1,
JlUnK0BwuJq9pYU8sjgB,628,2026-04-01,Cliente General,Balero 1616,2,
JlUnK0BwuJq9pYU8sjgB,628,2026-04-01,Cliente General,Mano de obra,1,SERVICIO
Js4xhLLoPhDb8WvsFOe5,385,2025-11-19,Cliente General,Filtro y empaque 175,1,
Js4xhLLoPhDb8WvsFOe5,385,2025-11-19,Cliente General,Aceite Repsol,2,
Js4xhLLoPhDb8WvsFOe5,385,2025-11-19,Cliente General,Bomba trasera,1,
Js4xhLLoPhDb8WvsFOe5,385,2025-11-19,Cliente General,Balero 1616,1,
Js4xhLLoPhDb8WvsFOe5,385,2025-11-19,Cliente General,Llanta 4.00-8TT,2,
Js4xhLLoPhDb8WvsFOe5,385,2025-11-19,Cliente General,Porta fusible,1,
Js4xhLLoPhDb8WvsFOe5,385,2025-11-19,Cliente General,Liquido de frenos,1,
Js4xhLLoPhDb8WvsFOe5,385,2025-11-19,Cliente General,Mano de obra,1,SERVICIO
JtKIJ4tNXu4CRs5jjJMX,541,2026-02-13,Cliente General,Kit de balero trasero,1,
JtKIJ4tNXu4CRs5jjJMX,541,2026-02-13,Cliente General,Bujin de muleta,2,
JtKIJ4tNXu4CRs5jjJMX,541,2026-02-13,Cliente General,Retenedor metalico,1,
JtKIJ4tNXu4CRs5jjJMX,541,2026-02-13,Cliente General,Tope de flecha,2,
JtKIJ4tNXu4CRs5jjJMX,541,2026-02-13,Cliente General,Polvera grande,1,
JtKIJ4tNXu4CRs5jjJMX,541,2026-02-13,Cliente General,Cable de acelerador 2007,1,
JtKIJ4tNXu4CRs5jjJMX,541,2026-02-13,Cliente General,Mano de obra,1,SERVICIO
KEfEGcCE44sQK7jpABOW,401,2025-12-04,Cliente General,Bujin de muleta,2,
KEfEGcCE44sQK7jpABOW,401,2025-12-04,Cliente General,Filtro y empaque 175,2,
KEfEGcCE44sQK7jpABOW,401,2025-12-04,Cliente General,Balero 6904,1,
KEfEGcCE44sQK7jpABOW,401,2025-12-04,Cliente General,Retenedor metalico,1,
KEfEGcCE44sQK7jpABOW,401,2025-12-04,Cliente General,Socket de 2 contactos,2,
KEfEGcCE44sQK7jpABOW,401,2025-12-04,Cliente General,Filtro de aceite compact,1,
KEfEGcCE44sQK7jpABOW,401,2025-12-04,Cliente General,Aceite Repsol,2,
KEfEGcCE44sQK7jpABOW,401,2025-12-04,Cliente General,Bomba de aceite,1,
KEfEGcCE44sQK7jpABOW,401,2025-12-04,Cliente General,Masa de arranque,1,
KEfEGcCE44sQK7jpABOW,401,2025-12-04,Cliente General,Relay de Star,1,
KEfEGcCE44sQK7jpABOW,401,2025-12-04,Cliente General,Anillo de fuego,1,
KEfEGcCE44sQK7jpABOW,401,2025-12-04,Cliente General,Mano de obra,1,SERVICIO
KN5lNNTiUa754j3RDjIQ,553,2026-02-20,Cliente General,Filtro y empaque,1,
KN5lNNTiUa754j3RDjIQ,553,2026-02-20,Cliente General,Aceite Havoline,2,
KN5lNNTiUa754j3RDjIQ,553,2026-02-20,Cliente General,Bujia Bajaj,1,
KN5lNNTiUa754j3RDjIQ,553,2026-02-20,Cliente General,Socket de 2 contactos,1,
KN5lNNTiUa754j3RDjIQ,553,2026-02-20,Cliente General,Tornillos de graduacion,2,
KN5lNNTiUa754j3RDjIQ,553,2026-02-20,Cliente General,Switch de neutro,1,
KN5lNNTiUa754j3RDjIQ,553,2026-02-20,Cliente General,Aceite 140,1,
KN5lNNTiUa754j3RDjIQ,553,2026-02-20,Cliente General,Cable de velocidad compact,2,
KN5lNNTiUa754j3RDjIQ,553,2026-02-20,Cliente General,Mano de obra,1,SERVICIO
KRaaMnaC0xDgrYzvMLBc,521,2026-02-03,Cliente General,Bomba de aceite,2,
KRaaMnaC0xDgrYzvMLBc,521,2026-02-03,Cliente General,Filtro Compact,1,
KRaaMnaC0xDgrYzvMLBc,521,2026-02-03,Cliente General,Aceite Repsol,2,
KRaaMnaC0xDgrYzvMLBc,521,2026-02-03,Cliente General,Carburador viejo bajaj,1,
KRaaMnaC0xDgrYzvMLBc,521,2026-02-03,Cliente General,Kit de sello de valvulas,1,
KRaaMnaC0xDgrYzvMLBc,521,2026-02-03,Cliente General,Grasera,1,
KRaaMnaC0xDgrYzvMLBc,521,2026-02-03,Cliente General,Palanca de freno 2015,1,
KRaaMnaC0xDgrYzvMLBc,521,2026-02-03,Cliente General,Piñon de retroceso,1,
KRaaMnaC0xDgrYzvMLBc,521,2026-02-03,Cliente General,Bomba trasera,2,
KRaaMnaC0xDgrYzvMLBc,521,2026-02-03,Cliente General,Pivot,1,
KRaaMnaC0xDgrYzvMLBc,521,2026-02-03,Cliente General,Portafusibles,2,
KRaaMnaC0xDgrYzvMLBc,521,2026-02-03,Cliente General,Plato de aros cromado tipo emperador,1,
KRaaMnaC0xDgrYzvMLBc,521,2026-02-03,Cliente General,Swiitch de neutro,2,
KRaaMnaC0xDgrYzvMLBc,521,2026-02-03,Cliente General,Mano de obra,1,SERVICIO
KVtQdCKe5ku72XNLVzHO,710,2026-05-05,Cliente General,Socket de 2 contactos,1,HTSMpfAbznlAWI6TuSQh
KVtQdCKe5ku72XNLVzHO,710,2026-05-05,Cliente General,Switch de freno 2007 Bajaj,1,y33BLkAI5s1VIE3UWFuf
KVtQdCKe5ku72XNLVzHO,710,2026-05-05,Cliente General,Bomba de aceite,1,YsI2N2GF4Mjz11YVMJWs
KVtQdCKe5ku72XNLVzHO,710,2026-05-05,Cliente General,Stop completo RH 175,1,rCIS4nbvBgXDCvKEMhVE
KVtQdCKe5ku72XNLVzHO,710,2026-05-05,Cliente General,Filtro y empaque,2,eqUw92h7s5dtXhgy5eTJ
KVtQdCKe5ku72XNLVzHO,710,2026-05-05,Cliente General,Gusano de clutch,1,H9GY2kqXC39RKFwMchsT
KVtQdCKe5ku72XNLVzHO,710,2026-05-05,Cliente General,Filtro de aceite compact,1,46jf95e2CO7XcCWDWq8v
KVtQdCKe5ku72XNLVzHO,710,2026-05-05,Cliente General,Tensor de cadena de tiempo,1,hmjDvjldyAzrS4iY7wc8
KVtQdCKe5ku72XNLVzHO,710,2026-05-05,Cliente General,Kit de dados,2,q36NFZjl8T1P7izG1K37
KVtQdCKe5ku72XNLVzHO,710,2026-05-05,Cliente General,Tope de flecha,1,JWSujng8noxUgEfwmLNN
KVtQdCKe5ku72XNLVzHO,710,2026-05-05,Cliente General,Polvera grande,1,o76vNetcNhT9apKcuUVK
KVtQdCKe5ku72XNLVzHO,710,2026-05-05,Cliente General,Mano de Obra,1,
KcIA73sXOUQd3CMq9P43,648,2026-04-10,Cliente General,Cables de clutch sin forro,2,
KcIA73sXOUQd3CMq9P43,648,2026-04-10,Cliente General,Filtro compact,2,
KcIA73sXOUQd3CMq9P43,648,2026-04-10,Cliente General,Aceite Repsol,2,
KcIA73sXOUQd3CMq9P43,648,2026-04-10,Cliente General,Filtro y empaque,1,
KcIA73sXOUQd3CMq9P43,648,2026-04-10,Cliente General,Guia de lubricacion,1,
KcIA73sXOUQd3CMq9P43,648,2026-04-10,Cliente General,Pivot,2,
KcIA73sXOUQd3CMq9P43,648,2026-04-10,Cliente General,Cable de velocidad 175,2,
KcIA73sXOUQd3CMq9P43,648,2026-04-10,Cliente General,Aceite Havoline,2,
KcIA73sXOUQd3CMq9P43,648,2026-04-10,Cliente General,Cable de clutch nuevo,1,
KcIA73sXOUQd3CMq9P43,648,2026-04-10,Cliente General,Mano de obra,1,SERVICIO
KgHvayLdBAW2A0OKfPND,527,2026-02-06,Cliente General,Filtro y empaque,2,
KgHvayLdBAW2A0OKfPND,527,2026-02-06,Cliente General,Filtro Compact,2,
KgHvayLdBAW2A0OKfPND,527,2026-02-06,Cliente General,Cable de clutch sin forro,1,
KgHvayLdBAW2A0OKfPND,527,2026-02-06,Cliente General,Aceite Repsol,2,
KgHvayLdBAW2A0OKfPND,527,2026-02-06,Cliente General,CDI Verde,1,
KgHvayLdBAW2A0OKfPND,527,2026-02-06,Cliente General,Piñon de tercera,1,
KgHvayLdBAW2A0OKfPND,527,2026-02-06,Cliente General,Kit de empaque 205,3,
KgHvayLdBAW2A0OKfPND,527,2026-02-06,Cliente General,Kit de retenedores,3,
KgHvayLdBAW2A0OKfPND,527,2026-02-06,Cliente General,Bomba de aceite,3,
KgHvayLdBAW2A0OKfPND,527,2026-02-06,Cliente General,Eje trasero,1,
KgHvayLdBAW2A0OKfPND,527,2026-02-06,Cliente General,Balero 6904,1,
KgHvayLdBAW2A0OKfPND,527,2026-02-06,Cliente General,Plato completo LH,1,
KgHvayLdBAW2A0OKfPND,527,2026-02-06,Cliente General,Plato completo RH,1,
KgHvayLdBAW2A0OKfPND,527,2026-02-06,Cliente General,Balero 6004,2,
KmxRq4Md9IVQNlpIzQzB,596,2026-03-14,Cliente General,Bomba Central 2015,1,
KmxRq4Md9IVQNlpIzQzB,596,2026-03-14,Cliente General,Filtro compact,1,
KmxRq4Md9IVQNlpIzQzB,596,2026-03-14,Cliente General,Liquido de frenos,1,
KmxRq4Md9IVQNlpIzQzB,596,2026-03-14,Cliente General,Bomba trasera,1,
KmxRq4Md9IVQNlpIzQzB,596,2026-03-14,Cliente General,Switch de control de luces LH,1,
KmxRq4Md9IVQNlpIzQzB,596,2026-03-14,Cliente General,Mano de obra,1,SERVICIO
Krqusx9lbd7189wjRnds,634,2026-04-06,Cliente General,Bomba trasera,2,
Krqusx9lbd7189wjRnds,634,2026-04-06,Cliente General,Filtro compact,1,
Krqusx9lbd7189wjRnds,634,2026-04-06,Cliente General,Cable de clutch sin forro,3,
Krqusx9lbd7189wjRnds,634,2026-04-06,Cliente General,Tornillo de graduacion,1,
Krqusx9lbd7189wjRnds,634,2026-04-06,Cliente General,Flecha corta,1,
Krqusx9lbd7189wjRnds,634,2026-04-06,Cliente General,Capuchon de bujia con cable,1,
Krqusx9lbd7189wjRnds,634,2026-04-06,Cliente General,Aceite Havoline,2,
Krqusx9lbd7189wjRnds,634,2026-04-06,Cliente General,Planta sola 175,1,
Krqusx9lbd7189wjRnds,634,2026-04-06,Cliente General,Mano de obra,1,SERVICIO
KxwCcD4u3a2iyQE9e9yr,685,2026-05-01,Cliente General,Guardafangos trasero,1,8VGpOjDyg1rmXQHcUgNG
KxwCcD4u3a2iyQE9e9yr,685,2026-05-01,Cliente General,Filtro de aceite compact,1,46jf95e2CO7XcCWDWq8v
KxwCcD4u3a2iyQE9e9yr,685,2026-05-01,Cliente General,Aceite HAVOLINE 20W50 1000ml,2,xLianJA09yo8R7gurOM0
KxwCcD4u3a2iyQE9e9yr,685,2026-05-01,Cliente General,Kit de baleros traseros,1,rFNWNK3eGYImlLePjnO5
KxwCcD4u3a2iyQE9e9yr,685,2026-05-01,Cliente General,Grasera mediana,1,XN5p4xTgq2hwmQmpyhtz
KxwCcD4u3a2iyQE9e9yr,685,2026-05-01,Cliente General,Aceite 140,1,TmfFRNzZ093NMW8Y3tf9
KxwCcD4u3a2iyQE9e9yr,685,2026-05-01,Cliente General,Silicon gris,1,YPzY7o9iQLR8ET1SnS5v
KxwCcD4u3a2iyQE9e9yr,685,2026-05-01,Cliente General,Filtro y empaque,1,eqUw92h7s5dtXhgy5eTJ
KxwCcD4u3a2iyQE9e9yr,685,2026-05-01,Cliente General,Polvera grande,1,o76vNetcNhT9apKcuUVK
KxwCcD4u3a2iyQE9e9yr,685,2026-05-01,Cliente General,Revisión de frenos,1,
KxwCcD4u3a2iyQE9e9yr,685,2026-05-01,Cliente General,Cambio de aceite,1,
KxwCcD4u3a2iyQE9e9yr,685,2026-05-01,Cliente General,Mano de Obra,1,
Ky4ClMSMSayC0MDDekYb,463,2026-01-07,Cliente General,Filtro Compact,2,
Ky4ClMSMSayC0MDDekYb,463,2026-01-07,Cliente General,Silicon gris,2,
Ky4ClMSMSayC0MDDekYb,463,2026-01-07,Cliente General,Aceite Repsol,2,
Ky4ClMSMSayC0MDDekYb,463,2026-01-07,Cliente General,Bomba central bajaj,1,
Ky4ClMSMSayC0MDDekYb,463,2026-01-07,Cliente General,Liquido de freno,1,
Ky4ClMSMSayC0MDDekYb,463,2026-01-07,Cliente General,Filtro y empaque,1,
Ky4ClMSMSayC0MDDekYb,463,2026-01-07,Cliente General,Piñon doble,1,
Ky4ClMSMSayC0MDDekYb,463,2026-01-07,Cliente General,Balero 1616,1,
Ky4ClMSMSayC0MDDekYb,463,2026-01-07,Cliente General,Cruz de cambio,1,
Ky4ClMSMSayC0MDDekYb,463,2026-01-07,Cliente General,Tornillo de cruz,1,
Ky4ClMSMSayC0MDDekYb,463,2026-01-07,Cliente General,Gusano de clutch,1,
Ky4ClMSMSayC0MDDekYb,463,2026-01-07,Cliente General,Kit de empaque 205,1,
Ky4ClMSMSayC0MDDekYb,463,2026-01-07,Cliente General,Kit de retenedores,1,
Ky4ClMSMSayC0MDDekYb,463,2026-01-07,Cliente General,Espaciador de cigüeñal,1,
L0KuOjy5PRkU48r4aNI4,397,2025-12-02,Cliente General,Aceite Repsol,2,
L0KuOjy5PRkU48r4aNI4,397,2025-12-02,Cliente General,Clutch completo,1,
L0KuOjy5PRkU48r4aNI4,397,2025-12-02,Cliente General,Filtro y empaque 175,1,
L0KuOjy5PRkU48r4aNI4,397,2025-12-02,Cliente General,Filtro de aceite compact,1,
L0KuOjy5PRkU48r4aNI4,397,2025-12-02,Cliente General,Cable de velocidad,2,
L6DEtWgq2JxKSl1N67u1,351,2025-12-12,Cliente General,Filtro y empaque 175,2,
L6DEtWgq2JxKSl1N67u1,351,2025-12-12,Cliente General,Bomba trasera,3,
L6DEtWgq2JxKSl1N67u1,351,2025-12-12,Cliente General,covertor trasero de stop LH 175,1,
L6DEtWgq2JxKSl1N67u1,351,2025-12-12,Cliente General,Cuarto de aceite Havoline,2,
L6DEtWgq2JxKSl1N67u1,351,2025-12-12,Cliente General,Gusano de cruz,1,
L6DEtWgq2JxKSl1N67u1,351,2025-12-12,Cliente General,Aceite Repsol,2,
L6DEtWgq2JxKSl1N67u1,351,2025-12-12,Cliente General,Filtro de aceite compact,1,
L6DEtWgq2JxKSl1N67u1,351,2025-12-12,Cliente General,Mano de obra,1,SERVICIO
LCFACb9qmoLAdLdfGho8,493,2026-01-21,Cliente General,Bujia,1,
LCFACb9qmoLAdLdfGho8,493,2026-01-21,Cliente General,Capuchon de bujia,1,
LCFACb9qmoLAdLdfGho8,493,2026-01-21,Cliente General,Silicon gris,1,
LCFACb9qmoLAdLdfGho8,493,2026-01-21,Cliente General,Filtro y empaque,2,
LCFACb9qmoLAdLdfGho8,493,2026-01-21,Cliente General,Bollo de alambre #18,1,
LCFACb9qmoLAdLdfGho8,493,2026-01-21,Cliente General,Filtro Compact,2,
LCFACb9qmoLAdLdfGho8,493,2026-01-21,Cliente General,Gusano de clutch,1,
LCFACb9qmoLAdLdfGho8,493,2026-01-21,Cliente General,Empaque de freno trasero,1,
LCFACb9qmoLAdLdfGho8,493,2026-01-21,Cliente General,Socket de 2 contactos,1,
LCFACb9qmoLAdLdfGho8,493,2026-01-21,Cliente General,Aceite Havoline,2,
LCFACb9qmoLAdLdfGho8,493,2026-01-21,Cliente General,Cilindro 205,1,
LCFACb9qmoLAdLdfGho8,493,2026-01-21,Cliente General,Cruz de cambio,1,
LCFACb9qmoLAdLdfGho8,493,2026-01-21,Cliente General,Espaciador de cigüeñal,1,
LCFACb9qmoLAdLdfGho8,493,2026-01-21,Cliente General,Balero 6004,1,
LdpACvftJ4TJo3jGNGiT,585,2026-03-09,Cliente General,Aceite Havoline,2,
LdpACvftJ4TJo3jGNGiT,585,2026-03-09,Cliente General,Aceite 140,1,
LdpACvftJ4TJo3jGNGiT,585,2026-03-09,Cliente General,Aro completo bajaj,1,
LdpACvftJ4TJo3jGNGiT,585,2026-03-09,Cliente General,Liquido de frenos,1,
LdpACvftJ4TJo3jGNGiT,585,2026-03-09,Cliente General,Bomba trasera,1,
LdpACvftJ4TJo3jGNGiT,585,2026-03-09,Cliente General,Aceite Repsol,2,
LdpACvftJ4TJo3jGNGiT,585,2026-03-09,Cliente General,Filtro y empaque,2,
LdpACvftJ4TJo3jGNGiT,585,2026-03-09,Cliente General,Filtro compact,1,
LdpACvftJ4TJo3jGNGiT,585,2026-03-09,Cliente General,Bayoneta negra,1,
LdpACvftJ4TJo3jGNGiT,585,2026-03-09,Cliente General,Cable de velocidad,1,
LdpACvftJ4TJo3jGNGiT,585,2026-03-09,Cliente General,Mano de obra,1,SERVICIO
LfF8euovOOctQBgo8kud,407,2025-12-06,Cliente General,Retenedor metalico,1,
LfF8euovOOctQBgo8kud,407,2025-12-06,Cliente General,Polvera grande,3,
LfF8euovOOctQBgo8kud,407,2025-12-06,Cliente General,Tope de flecha,2,
LfF8euovOOctQBgo8kud,407,2025-12-06,Cliente General,Gusano de clutch,1,
LfF8euovOOctQBgo8kud,407,2025-12-06,Cliente General,Filtro y empaque 175,1,
LfF8euovOOctQBgo8kud,407,2025-12-06,Cliente General,Bujin de muleta,2,
LfF8euovOOctQBgo8kud,407,2025-12-06,Cliente General,Anillo de fuego,2,
LfF8euovOOctQBgo8kud,407,2025-12-06,Cliente General,Cable de clutch viejo,1,
LfF8euovOOctQBgo8kud,407,2025-12-06,Cliente General,Mano de obra,1,SERVICIO
M5B8h7yDs9f3Kkh8J1af,376,2025-11-19,Cliente General,Silicon gris,1,
M5B8h7yDs9f3Kkh8J1af,376,2025-11-19,Cliente General,Liquido de frenos,1,
M5B8h7yDs9f3Kkh8J1af,376,2025-11-19,Cliente General,Carburador Nuevo Bajaj,1,
M5B8h7yDs9f3Kkh8J1af,376,2025-11-19,Cliente General,Retenedor de metal,2,
M5B8h7yDs9f3Kkh8J1af,376,2025-11-19,Cliente General,Empaque de manifold PCB,1,
M5B8h7yDs9f3Kkh8J1af,376,2025-11-19,Cliente General,Filtro y empaque 175,1,
M5B8h7yDs9f3Kkh8J1af,376,2025-11-19,Cliente General,Cable de velocidad,2,
M5B8h7yDs9f3Kkh8J1af,376,2025-11-19,Cliente General,Guardafango trasero,1,
M5B8h7yDs9f3Kkh8J1af,376,2025-11-19,Cliente General,Kit cargador de soporte central,1,
M9TPFW4fE2ftMyBUi8Fs,621,2026-03-27,Cliente General,Llanta 4.00x8,15,
M9TPFW4fE2ftMyBUi8Fs,621,2026-03-27,Cliente General,Filtro compact,10,
M9TPFW4fE2ftMyBUi8Fs,621,2026-03-27,Cliente General,Bumper cromado,1,
M9TPFW4fE2ftMyBUi8Fs,621,2026-03-27,Cliente General,Gusano de clutch,1,
M9TPFW4fE2ftMyBUi8Fs,621,2026-03-27,Cliente General,Bayoneta de nival de aceite blanca,2,
MBTfrzlIGpr8kv5O2Nh9,609,2026-03-23,Cliente General,Silvin completo bajaj,1,
MBTfrzlIGpr8kv5O2Nh9,609,2026-03-23,Cliente General,Filtro y empaque,1,
MBTfrzlIGpr8kv5O2Nh9,609,2026-03-23,Cliente General,Filtro compact,1,
MBTfrzlIGpr8kv5O2Nh9,609,2026-03-23,Cliente General,Aceite Repsol,2,
MBTfrzlIGpr8kv5O2Nh9,609,2026-03-23,Cliente General,Cilindro 205,1,
MBTfrzlIGpr8kv5O2Nh9,609,2026-03-23,Cliente General,Empaque de cilindro,2,
MBTfrzlIGpr8kv5O2Nh9,609,2026-03-23,Cliente General,empaque de culata,1,
MBTfrzlIGpr8kv5O2Nh9,609,2026-03-23,Cliente General,Kit de bujin de muleta,1,
MBTfrzlIGpr8kv5O2Nh9,609,2026-03-23,Cliente General,Filtro de aire sin maya,1,
MBTfrzlIGpr8kv5O2Nh9,609,2026-03-23,Cliente General,Topes de flecha,2,
MBTfrzlIGpr8kv5O2Nh9,609,2026-03-23,Cliente General,Kit de dados,1,
MBTfrzlIGpr8kv5O2Nh9,609,2026-03-23,Cliente General,Mano de obra,1,SERVICIO
MXeq9c7xDcWMf6VeIIXh,700,2026-05-05,Cliente General,Aceite REPSOL 20W50 1000ml,2,MxZYt471Hv0ZhT0oI8gt
MXeq9c7xDcWMf6VeIIXh,700,2026-05-05,Cliente General,Filtro de aceite compact,3,46jf95e2CO7XcCWDWq8v
MXeq9c7xDcWMf6VeIIXh,700,2026-05-05,Cliente General,Balero 6004,1,gRpoTQoWiS3VAFyJFcBa
MXeq9c7xDcWMf6VeIIXh,700,2026-05-05,Cliente General,Switch de neutro compact,1,C8j6R4HctBNUGc3ydmjZ
MXeq9c7xDcWMf6VeIIXh,700,2026-05-05,Cliente General,Cable de clutch nuevo Bajaj,1,YOrVSh8ETDwxtBnSdzwi
MXeq9c7xDcWMf6VeIIXh,700,2026-05-05,Cliente General,Rin ancho 4.00X8,2,D9KVnk4aP5wspEGYV9Uh
MXeq9c7xDcWMf6VeIIXh,700,2026-05-05,Cliente General,Vidrio central compact,1,DV3X12nXeLwDuaDbBpe2
MXeq9c7xDcWMf6VeIIXh,700,2026-05-05,Cliente General,Kit de retenedores 175,1,7w53huDrJrIGgVMPt6XM
MkUxg36DehnWRIQIoKyl,674,2026-04-23,Cliente General,Aceite Repsol,1,
MkUxg36DehnWRIQIoKyl,674,2026-04-23,Cliente General,piñon doble,1,
MkUxg36DehnWRIQIoKyl,674,2026-04-23,Cliente General,Bomba central Compact,1,
MkUxg36DehnWRIQIoKyl,674,2026-04-23,Cliente General,Mano de obra,1,SERVICIO
MmokHM5aoo2CEB8drSfV,475,2026-01-12,Cliente General,Filtro Compact,1,
MmokHM5aoo2CEB8drSfV,475,2026-01-12,Cliente General,Cruz de cambio,1,
MmokHM5aoo2CEB8drSfV,475,2026-01-12,Cliente General,Tornillo de cruz,1,
MmokHM5aoo2CEB8drSfV,475,2026-01-12,Cliente General,Gusano de cruz,1,
MmokHM5aoo2CEB8drSfV,475,2026-01-12,Cliente General,Aceite Repsol,2,
MmokHM5aoo2CEB8drSfV,475,2026-01-12,Cliente General,Bomper cromado,1,
MmokHM5aoo2CEB8drSfV,475,2026-01-12,Cliente General,Liquido de freno,1,
MmokHM5aoo2CEB8drSfV,475,2026-01-12,Cliente General,Adorno de stop compact bcb,1,
MmokHM5aoo2CEB8drSfV,475,2026-01-12,Cliente General,Portafusible,1,
MmokHM5aoo2CEB8drSfV,475,2026-01-12,Cliente General,Empaque de freno trasero,1,
MmokHM5aoo2CEB8drSfV,475,2026-01-12,Cliente General,Balero 6004,1,
MmokHM5aoo2CEB8drSfV,475,2026-01-12,Cliente General,Filtro y empaque,1,
MmokHM5aoo2CEB8drSfV,475,2026-01-12,Cliente General,Grasera,1,
MmokHM5aoo2CEB8drSfV,475,2026-01-12,Cliente General,Retenedor metalico,5,
MzLgEc4BorHS46u7g33v,540,2026-02-13,Cliente General,Liquido de freno,1,
MzLgEc4BorHS46u7g33v,540,2026-02-13,Cliente General,Capuchon de bujia,1,
MzLgEc4BorHS46u7g33v,540,2026-02-13,Cliente General,Bujin de muleta,2,
MzLgEc4BorHS46u7g33v,540,2026-02-13,Cliente General,Metros alambre #10,3,
MzLgEc4BorHS46u7g33v,540,2026-02-13,Cliente General,Aro ancho,2,
MzLgEc4BorHS46u7g33v,540,2026-02-13,Cliente General,Filtro Compact,1,
MzLgEc4BorHS46u7g33v,540,2026-02-13,Cliente General,Motor de arranque 175,1,
MzLgEc4BorHS46u7g33v,540,2026-02-13,Cliente General,Lodera de hule,2,
MzLgEc4BorHS46u7g33v,540,2026-02-13,Cliente General,Anillo de fuego,1,
MzLgEc4BorHS46u7g33v,540,2026-02-13,Cliente General,Mano de obra,1,SERVICIO
NUxAzDNr2646ZfQjSRHY,635,2026-04-06,Cliente General,Filtro compact,3,
NUxAzDNr2646ZfQjSRHY,635,2026-04-06,Cliente General,Filtro y empaque,1,
NUxAzDNr2646ZfQjSRHY,635,2026-04-06,Cliente General,Bomba trasera,2,
NUxAzDNr2646ZfQjSRHY,635,2026-04-06,Cliente General,Liquido de freno,1,
NUxAzDNr2646ZfQjSRHY,635,2026-04-06,Cliente General,Empaque de freno trasero,1,
NUxAzDNr2646ZfQjSRHY,635,2026-04-06,Cliente General,Tope de flecha,3,
NUxAzDNr2646ZfQjSRHY,635,2026-04-06,Cliente General,Capuchon de bujia con cable,1,
NUxAzDNr2646ZfQjSRHY,635,2026-04-06,Cliente General,Pivot estandar bajaj,1,
NUxAzDNr2646ZfQjSRHY,635,2026-04-06,Cliente General,Cable de clutch compact,1,
NUxAzDNr2646ZfQjSRHY,635,2026-04-06,Cliente General,Polvera grande,1,
NUxAzDNr2646ZfQjSRHY,635,2026-04-06,Cliente General,kit de bujin de muleta,1,
NUxAzDNr2646ZfQjSRHY,635,2026-04-06,Cliente General,Piñon doble,1,
NUxAzDNr2646ZfQjSRHY,635,2026-04-06,Cliente General,Balero 1616,1,
NUxAzDNr2646ZfQjSRHY,635,2026-04-06,Cliente General,Bomba de aceite,1,
Nfxvta3TQTNAQT5LS8oa,600,2026-03-17,Cliente General,Masa de arranque,1,
Nfxvta3TQTNAQT5LS8oa,600,2026-03-17,Cliente General,Aceite 140,1,
Nfxvta3TQTNAQT5LS8oa,600,2026-03-17,Cliente General,Flotador de tanque,1,
Nfxvta3TQTNAQT5LS8oa,600,2026-03-17,Cliente General,Pivot estandar bajaj,1,
Nfxvta3TQTNAQT5LS8oa,600,2026-03-17,Cliente General,Bujin de masa delantera,1,
Nfxvta3TQTNAQT5LS8oa,600,2026-03-17,Cliente General,Aceite Repsol,3,
Nfxvta3TQTNAQT5LS8oa,600,2026-03-17,Cliente General,Filtro compact,1,
Nfxvta3TQTNAQT5LS8oa,600,2026-03-17,Cliente General,Filtro y empaque,1,
Nfxvta3TQTNAQT5LS8oa,600,2026-03-17,Cliente General,Cable de clutch compact,1,
Nfxvta3TQTNAQT5LS8oa,600,2026-03-17,Cliente General,Mano de obra,1,SERVICIO
O1ABTfW6yxWRDev9xh3K,516,2026-01-31,Cliente General,Anillo de fuego,1,
O1ABTfW6yxWRDev9xh3K,516,2026-01-31,Cliente General,Aceite Repsol,3,
O1ABTfW6yxWRDev9xh3K,516,2026-01-31,Cliente General,Balero 6904,1,
O1ABTfW6yxWRDev9xh3K,516,2026-01-31,Cliente General,Cable de clutch sin forro,1,
O1ABTfW6yxWRDev9xh3K,516,2026-01-31,Cliente General,Gusano de clutch,1,
O1ABTfW6yxWRDev9xh3K,516,2026-01-31,Cliente General,Filtro Compact,1,
O1ABTfW6yxWRDev9xh3K,516,2026-01-31,Cliente General,Bomba trasera,1,
O1ABTfW6yxWRDev9xh3K,516,2026-01-31,Cliente General,Mano de obra,1,SERVICIO
OAJrlSAcjKUnDuqQXd9w,416,2025-12-10,Cliente General,Anillo de fuego,2,
OAJrlSAcjKUnDuqQXd9w,416,2025-12-10,Cliente General,Filtro de aceite compact,1,
OAJrlSAcjKUnDuqQXd9w,416,2025-12-10,Cliente General,Bomba central de frenos Bajaj,1,
OAJrlSAcjKUnDuqQXd9w,416,2025-12-10,Cliente General,Liquido de freno,1,
OAJrlSAcjKUnDuqQXd9w,416,2025-12-10,Cliente General,Filtro y empaque 175,1,
OAJrlSAcjKUnDuqQXd9w,416,2025-12-10,Cliente General,Planta sola 175,1,
OAJrlSAcjKUnDuqQXd9w,416,2025-12-10,Cliente General,Aceite Repsol,2,
OAJrlSAcjKUnDuqQXd9w,416,2025-12-10,Cliente General,Mano de obra,1,SERVICIO
OG4YwiXcbAYnobKnL7uB,384,2025-11-19,Cliente General,Aceite Repsol,4,
OG4YwiXcbAYnobKnL7uB,384,2025-11-19,Cliente General,Filtro de aceite compact,2,
OG4YwiXcbAYnobKnL7uB,384,2025-11-19,Cliente General,Bujia,2,
OG4YwiXcbAYnobKnL7uB,384,2025-11-19,Cliente General,Kit de anillos 205,1,
OG4YwiXcbAYnobKnL7uB,384,2025-11-19,Cliente General,Bomba trasera,1,
OG4YwiXcbAYnobKnL7uB,384,2025-11-19,Cliente General,Mano de obra,1,SERVICIO
OIYqF4jhDBlkTEOTmVLU,626,2026-03-31,Cliente General,Filtro compact,3,
OIYqF4jhDBlkTEOTmVLU,626,2026-03-31,Cliente General,Bomba central bajaj,1,
OIYqF4jhDBlkTEOTmVLU,626,2026-03-31,Cliente General,Llanta 4.00x8,2,
OIYqF4jhDBlkTEOTmVLU,626,2026-03-31,Cliente General,Liquido de frenos,1,
OIYqF4jhDBlkTEOTmVLU,626,2026-03-31,Cliente General,Caja de focos de 2 contactos,1,
OIYqF4jhDBlkTEOTmVLU,626,2026-03-31,Cliente General,Socket de 2 contactos,1,
OIYqF4jhDBlkTEOTmVLU,626,2026-03-31,Cliente General,Mano de obra,1,SERVICIO
OYZQbCU8BzNGD2QQeopK,508,2026-01-28,Cliente General,Aceite Repsol,4,
OYZQbCU8BzNGD2QQeopK,508,2026-01-28,Cliente General,Filtro Compact,3,
OYZQbCU8BzNGD2QQeopK,508,2026-01-28,Cliente General,Filtro y empaque,1,
OYZQbCU8BzNGD2QQeopK,508,2026-01-28,Cliente General,Gusano de clutch,1,
OYZQbCU8BzNGD2QQeopK,508,2026-01-28,Cliente General,Balero 1616,2,
OYZQbCU8BzNGD2QQeopK,508,2026-01-28,Cliente General,Limpia brisa,1,
OYZQbCU8BzNGD2QQeopK,508,2026-01-28,Cliente General,Mano de obra,1,SERVICIO
OfknIvkOPTRWAnRI0YrD,372,2025-11-19,Cliente General,Cable de clutch sin forro,1,
OfknIvkOPTRWAnRI0YrD,372,2025-11-19,Cliente General,Carburador Nuevo Bajaj,1,
OfknIvkOPTRWAnRI0YrD,372,2025-11-19,Cliente General,Aceite Repsol,2,
OfknIvkOPTRWAnRI0YrD,372,2025-11-19,Cliente General,Filtro de aceite compact,1,
OfknIvkOPTRWAnRI0YrD,372,2025-11-19,Cliente General,Empaque de manifold PCB,1,
OfknIvkOPTRWAnRI0YrD,372,2025-11-19,Cliente General,Liquido de frenos,1,
OfknIvkOPTRWAnRI0YrD,372,2025-11-19,Cliente General,Socket de 2 contactos,2,
OfknIvkOPTRWAnRI0YrD,372,2025-11-19,Cliente General,Mano de obra,1,SERVICIO
PO245W6KzVMNHfrdcwog,343,2025-11-08,Cliente General,Filtro y empaque 175,1,
PO245W6KzVMNHfrdcwog,343,2025-11-08,Cliente General,Bomba trasera,2,
PO245W6KzVMNHfrdcwog,343,2025-11-08,Cliente General,Empaque de freno trasero,2,
PO245W6KzVMNHfrdcwog,343,2025-11-08,Cliente General,Liquido de frenos,1,
PO245W6KzVMNHfrdcwog,343,2025-11-08,Cliente General,Filtro de aceite compact,1,
PO245W6KzVMNHfrdcwog,343,2025-11-08,Cliente General,Capuchon de bujia,1,
PO245W6KzVMNHfrdcwog,343,2025-11-08,Cliente General,Pivot,1,
PO245W6KzVMNHfrdcwog,343,2025-11-08,Cliente General,cable de velocidad,2,
PO245W6KzVMNHfrdcwog,343,2025-11-08,Cliente General,Gusanos de Clutch,2,
PO245W6KzVMNHfrdcwog,343,2025-11-08,Cliente General,Mano de obra,1,SERVICIO
POrp0nxFf7tUEU5kzIEV,564,2026-02-26,Cliente General,Regulador de voltaje,1,
POrp0nxFf7tUEU5kzIEV,564,2026-02-26,Cliente General,Guias de cadena,2,
POrp0nxFf7tUEU5kzIEV,564,2026-02-26,Cliente General,Eje de piña,1,
POrp0nxFf7tUEU5kzIEV,564,2026-02-26,Cliente General,Piña multiple,1,
POrp0nxFf7tUEU5kzIEV,564,2026-02-26,Cliente General,Kit de empaque 205,1,
POrp0nxFf7tUEU5kzIEV,564,2026-02-26,Cliente General,Kit de retenedores,1,
POrp0nxFf7tUEU5kzIEV,564,2026-02-26,Cliente General,Balero 6004,1,
POrp0nxFf7tUEU5kzIEV,564,2026-02-26,Cliente General,Carburador nuevo BAJAJ,1,
POrp0nxFf7tUEU5kzIEV,564,2026-02-26,Cliente General,Tensor de cadena,1,
POrp0nxFf7tUEU5kzIEV,564,2026-02-26,Cliente General,Balero 1616,1,
POrp0nxFf7tUEU5kzIEV,564,2026-02-26,Cliente General,Bomba de aceite,5,
POrp0nxFf7tUEU5kzIEV,564,2026-02-26,Cliente General,Mariposa,1,
POrp0nxFf7tUEU5kzIEV,564,2026-02-26,Cliente General,Kit de sello de valvulas,4,
POrp0nxFf7tUEU5kzIEV,564,2026-02-26,Cliente General,Cable de velocidad,6,
PkrIi7drwQKxR4ytzg0a,427,2025-12-16,Cliente General,Aceite Repsol,4,
PkrIi7drwQKxR4ytzg0a,427,2025-12-16,Cliente General,Filtro de aceite compact,2,
PkrIi7drwQKxR4ytzg0a,427,2025-12-16,Cliente General,Polvera grande,4,
PkrIi7drwQKxR4ytzg0a,427,2025-12-16,Cliente General,Filtro y empaque 175,3,
PkrIi7drwQKxR4ytzg0a,427,2025-12-16,Cliente General,Pivot estandar bajaj,1,
PkrIi7drwQKxR4ytzg0a,427,2025-12-16,Cliente General,Aceite 140,1,
PkrIi7drwQKxR4ytzg0a,427,2025-12-16,Cliente General,Cargador de motor trasero,1,
PkrIi7drwQKxR4ytzg0a,427,2025-12-16,Cliente General,Socket de 2 contactos,2,
PnUav2ggCoqahM2GoNTU,484,2026-01-16,Cliente General,Anillo de fuego,2,
PnUav2ggCoqahM2GoNTU,484,2026-01-16,Cliente General,Empaque diferencial,1,
PnUav2ggCoqahM2GoNTU,484,2026-01-16,Cliente General,Aceite Repsol,2,
PnUav2ggCoqahM2GoNTU,484,2026-01-16,Cliente General,Filtro Compact,1,
PnUav2ggCoqahM2GoNTU,484,2026-01-16,Cliente General,Tope de flecha,4,
PnUav2ggCoqahM2GoNTU,484,2026-01-16,Cliente General,Polvera pequeña,1,
PnUav2ggCoqahM2GoNTU,484,2026-01-16,Cliente General,Balerina pequeña,1,
PnUav2ggCoqahM2GoNTU,484,2026-01-16,Cliente General,Kit de dados,1,
PnUav2ggCoqahM2GoNTU,484,2026-01-16,Cliente General,Filtro y empaque,1,
PnUav2ggCoqahM2GoNTU,484,2026-01-16,Cliente General,Polvera grande,2,
PnUav2ggCoqahM2GoNTU,484,2026-01-16,Cliente General,Bomba trasera,3,
PnUav2ggCoqahM2GoNTU,484,2026-01-16,Cliente General,Mano de obra,1,SERVICIO
PqqTxJs4qLyoaxZRBLso,657,2026-04-14,Cliente General,Soporte trasero,1,
PqqTxJs4qLyoaxZRBLso,657,2026-04-14,Cliente General,Kit de anillos 205,1,
PqqTxJs4qLyoaxZRBLso,657,2026-04-14,Cliente General,Kit de discos pasta,1,
PqqTxJs4qLyoaxZRBLso,657,2026-04-14,Cliente General,Guia de lubricacion,1,
PqqTxJs4qLyoaxZRBLso,657,2026-04-14,Cliente General,T de cambio,1,
PqqTxJs4qLyoaxZRBLso,657,2026-04-14,Cliente General,Pin hueco,1,
PqqTxJs4qLyoaxZRBLso,657,2026-04-14,Cliente General,Guia de cadena par,1,
PqqTxJs4qLyoaxZRBLso,657,2026-04-14,Cliente General,Bomba de aceite,1,
PqqTxJs4qLyoaxZRBLso,657,2026-04-14,Cliente General,Cadena de tiempo,1,
PqqTxJs4qLyoaxZRBLso,657,2026-04-14,Cliente General,Filtro y empaque,1,
PqqTxJs4qLyoaxZRBLso,657,2026-04-14,Cliente General,Polvera pequeña,1,
PqqTxJs4qLyoaxZRBLso,657,2026-04-14,Cliente General,Silicon gris,1,
PqqTxJs4qLyoaxZRBLso,657,2026-04-14,Cliente General,Mano de obra,1,SERVICIO
Q0eKzFsMp7VifLxg6Iik,618,2026-03-26,Cliente General,Filtro compact,1,
Q0eKzFsMp7VifLxg6Iik,618,2026-03-26,Cliente General,Filtro y empaque,1,
Q0eKzFsMp7VifLxg6Iik,618,2026-03-26,Cliente General,Liquido de frenos,1,
Q0eKzFsMp7VifLxg6Iik,618,2026-03-26,Cliente General,Empaque de freno trasero,1,
Q0eKzFsMp7VifLxg6Iik,618,2026-03-26,Cliente General,Gusano de clutch,1,
Q0eKzFsMp7VifLxg6Iik,618,2026-03-26,Cliente General,Pivot estandar compact,1,
Q0eKzFsMp7VifLxg6Iik,618,2026-03-26,Cliente General,Graseras,1,
Q0eKzFsMp7VifLxg6Iik,618,2026-03-26,Cliente General,Pivot,2,
Q0eKzFsMp7VifLxg6Iik,618,2026-03-26,Cliente General,Silicon gris,1,
Q0eKzFsMp7VifLxg6Iik,618,2026-03-26,Cliente General,Adorno de espejo 2022,1,
Q0eKzFsMp7VifLxg6Iik,618,2026-03-26,Cliente General,Bomba central 2015,1,
Q0eKzFsMp7VifLxg6Iik,618,2026-03-26,Cliente General,Mano de obra,1,SERVICIO
QJwQdDobh2LmLMMyEW4m,661,2026-04-15,Cliente General,Bomba trasera,3,
QJwQdDobh2LmLMMyEW4m,661,2026-04-15,Cliente General,Aceite Repsol,2,
QJwQdDobh2LmLMMyEW4m,661,2026-04-15,Cliente General,Liquido de freno,2,
QJwQdDobh2LmLMMyEW4m,661,2026-04-15,Cliente General,Filtro compact,2,
QJwQdDobh2LmLMMyEW4m,661,2026-04-15,Cliente General,Aceite Havoline,2,
QJwQdDobh2LmLMMyEW4m,661,2026-04-15,Cliente General,Mano de obra,1,SERVICIO
QNbWXqjDm2gC8N54QxJk,608,2026-03-21,Cliente General,Filtro compact,2,
QNbWXqjDm2gC8N54QxJk,608,2026-03-21,Cliente General,Aceite Repsol,2,
QNbWXqjDm2gC8N54QxJk,608,2026-03-21,Cliente General,Aceite Castrol,2,
QNbWXqjDm2gC8N54QxJk,608,2026-03-21,Cliente General,Bomba trasera,1,
QNbWXqjDm2gC8N54QxJk,608,2026-03-21,Cliente General,Silicon gris,1,
QNbWXqjDm2gC8N54QxJk,608,2026-03-21,Cliente General,Cable de clutch compact,1,
QNbWXqjDm2gC8N54QxJk,608,2026-03-21,Cliente General,Corona diferencial,1,
QNbWXqjDm2gC8N54QxJk,608,2026-03-21,Cliente General,Amrtiguador delantero,1,
QNbWXqjDm2gC8N54QxJk,608,2026-03-21,Cliente General,Balero 6904,1,
QNbWXqjDm2gC8N54QxJk,608,2026-03-21,Cliente General,Tambor de freno,1,
QNbWXqjDm2gC8N54QxJk,608,2026-03-21,Cliente General,Bujin de masa delantera,2,
QNbWXqjDm2gC8N54QxJk,608,2026-03-21,Cliente General,Guardafango delantero,1,
QNbWXqjDm2gC8N54QxJk,608,2026-03-21,Cliente General,Balerina grande,1,
QNbWXqjDm2gC8N54QxJk,608,2026-03-21,Cliente General,Pivot,1,
QUwB8qksh4GfnkwS23Ou,334,2025-11-03,Cliente General,Bomba trasera,2,
QUwB8qksh4GfnkwS23Ou,334,2025-11-03,Cliente General,Pidevia LH,1,
QUwB8qksh4GfnkwS23Ou,334,2025-11-03,Cliente General,Baquelita RH,1,
QUwB8qksh4GfnkwS23Ou,334,2025-11-03,Cliente General,Cuarto de aceite 140,1,
QUwB8qksh4GfnkwS23Ou,334,2025-11-03,Cliente General,Aceite Repsol,2,
QUwB8qksh4GfnkwS23Ou,334,2025-11-03,Cliente General,Filtro de aceite compact,1,
QUwB8qksh4GfnkwS23Ou,334,2025-11-03,Cliente General,Mano de obra,1,SERVICIO
QW5rlghOryMRAlltrcNx,507,2026-01-28,Cliente General,clutch completo,1,
QW5rlghOryMRAlltrcNx,507,2026-01-28,Cliente General,Empaque de clutch,1,
QW5rlghOryMRAlltrcNx,507,2026-01-28,Cliente General,Cadena de tiempo,1,
QW5rlghOryMRAlltrcNx,507,2026-01-28,Cliente General,Filtro Compact,2,
QW5rlghOryMRAlltrcNx,507,2026-01-28,Cliente General,Aceite Repsol,2,
QW5rlghOryMRAlltrcNx,507,2026-01-28,Cliente General,Filtro y empaque,1,
QW5rlghOryMRAlltrcNx,507,2026-01-28,Cliente General,Mano de obra,1,SERVICIO
QiiAs8TmtbCfzgqOHnoq,631,2026-04-02,Cliente General,Balero 6004,2,
QiiAs8TmtbCfzgqOHnoq,631,2026-04-02,Cliente General,Balero 6904,2,
QiiAs8TmtbCfzgqOHnoq,631,2026-04-02,Cliente General,Bomba central 2015,1,
QiiAs8TmtbCfzgqOHnoq,631,2026-04-02,Cliente General,Bomba trasera,2,
QiiAs8TmtbCfzgqOHnoq,631,2026-04-02,Cliente General,Boton de star,2,
QiiAs8TmtbCfzgqOHnoq,631,2026-04-02,Cliente General,Bujias bajaj,2,
QiiAs8TmtbCfzgqOHnoq,631,2026-04-02,Cliente General,Bujin de masa,3,
QiiAs8TmtbCfzgqOHnoq,631,2026-04-02,Cliente General,Bujin de muleta,3,
QiiAs8TmtbCfzgqOHnoq,631,2026-04-02,Cliente General,Bumper rojo 2022,1,
QiiAs8TmtbCfzgqOHnoq,631,2026-04-02,Cliente General,Cable de acelerador nuevo,1,
QiiAs8TmtbCfzgqOHnoq,631,2026-04-02,Cliente General,Cable de acelerador 2022,1,
QiiAs8TmtbCfzgqOHnoq,631,2026-04-02,Cliente General,Mano de obra,1,SERVICIO
Qrm5gdRxOuIUFMbDAI8x,612,2026-03-24,Cliente General,Bomba trasera,1,
Qrm5gdRxOuIUFMbDAI8x,612,2026-03-24,Cliente General,Filtro compact,2,
Qrm5gdRxOuIUFMbDAI8x,612,2026-03-24,Cliente General,Aceite Havoline,2,
Qrm5gdRxOuIUFMbDAI8x,612,2026-03-24,Cliente General,Adorno pidevia BCB,1,
Qrm5gdRxOuIUFMbDAI8x,612,2026-03-24,Cliente General,Amortiguador delantero,1,
Qrm5gdRxOuIUFMbDAI8x,612,2026-03-24,Cliente General,Filtro y empaque,2,
Qrm5gdRxOuIUFMbDAI8x,612,2026-03-24,Cliente General,Cable de clutch nuevo,1,
Qrm5gdRxOuIUFMbDAI8x,612,2026-03-24,Cliente General,Cadenas de tiempo,1,
Qrm5gdRxOuIUFMbDAI8x,612,2026-03-24,Cliente General,Cable de velocidad compact blanco,1,
Qrm5gdRxOuIUFMbDAI8x,612,2026-03-24,Cliente General,Cable de velocidad compact negro,1,
Qrm5gdRxOuIUFMbDAI8x,612,2026-03-24,Cliente General,Eje de piña,2,
Qrm5gdRxOuIUFMbDAI8x,612,2026-03-24,Cliente General,Aceite 140,1,
Qrm5gdRxOuIUFMbDAI8x,612,2026-03-24,Cliente General,Volante solo,1,
Qrm5gdRxOuIUFMbDAI8x,612,2026-03-24,Cliente General,Bujia,1,
QsGSx7ABNMvy4jrhdX5Z,483,2026-01-16,Cliente General,Pito helan,1,
QsGSx7ABNMvy4jrhdX5Z,483,2026-01-16,Cliente General,Cable de velocidad,1,
QsGSx7ABNMvy4jrhdX5Z,483,2026-01-16,Cliente General,Plato de aros cromado tipo emperador,1,
QsGSx7ABNMvy4jrhdX5Z,483,2026-01-16,Cliente General,Tensor de cadena,1,
QsGSx7ABNMvy4jrhdX5Z,483,2026-01-16,Cliente General,Adorno de stop compact bcb,1,
QsGSx7ABNMvy4jrhdX5Z,483,2026-01-16,Cliente General,Adorno de espejo 2022,1,
QsGSx7ABNMvy4jrhdX5Z,483,2026-01-16,Cliente General,Liquido de freno,1,
QsGSx7ABNMvy4jrhdX5Z,483,2026-01-16,Cliente General,Bomba central bajaj,1,
QsGSx7ABNMvy4jrhdX5Z,483,2026-01-16,Cliente General,Kit de anillos 205,1,
QsGSx7ABNMvy4jrhdX5Z,483,2026-01-16,Cliente General,Empaque de cilindro,1,
QsGSx7ABNMvy4jrhdX5Z,483,2026-01-16,Cliente General,Filtro y empaque,1,
QsGSx7ABNMvy4jrhdX5Z,483,2026-01-16,Cliente General,Aceite Havoline,2,
QsGSx7ABNMvy4jrhdX5Z,483,2026-01-16,Cliente General,Tope de flecha,2,
R19ztDgxaqsX4TiTinQs,438,2025-12-20,Cliente General,Aceite Repsol,3,
R19ztDgxaqsX4TiTinQs,438,2025-12-20,Cliente General,Filtro de aceite compact,4,
R19ztDgxaqsX4TiTinQs,438,2025-12-20,Cliente General,Filtro y empaque 175,1,
R19ztDgxaqsX4TiTinQs,438,2025-12-20,Cliente General,Castrol,1,
R19ztDgxaqsX4TiTinQs,438,2025-12-20,Cliente General,Socket de 2 contactos,1,
R19ztDgxaqsX4TiTinQs,438,2025-12-20,Cliente General,Havoline,2,
R19ztDgxaqsX4TiTinQs,438,2025-12-20,Cliente General,Gusano de clutch,1,
R19ztDgxaqsX4TiTinQs,438,2025-12-20,Cliente General,Cable de clutch nuevo Bajaj,1,
R19ztDgxaqsX4TiTinQs,438,2025-12-20,Cliente General,Cable sin forro de clutch,1,
R19ztDgxaqsX4TiTinQs,438,2025-12-20,Cliente General,Base de gusano de clutch,1,
R19ztDgxaqsX4TiTinQs,438,2025-12-20,Cliente General,Tensor de cadena 205,1,
R2UkoxMNWexgu4i4SPXX,470,2026-01-09,Cliente General,Cable de clutch nuevo bajaj,5,
R2UkoxMNWexgu4i4SPXX,470,2026-01-09,Cliente General,Stop completo LH 175,2,
R2UkoxMNWexgu4i4SPXX,470,2026-01-09,Cliente General,Corona diferencial,1,
R2UkoxMNWexgu4i4SPXX,470,2026-01-09,Cliente General,CDI VERDE,1,
R2UkoxMNWexgu4i4SPXX,470,2026-01-09,Cliente General,Liquido de freno,1,
R2UkoxMNWexgu4i4SPXX,470,2026-01-09,Cliente General,Plato de aros cromado tipo emperador,1,
R2UkoxMNWexgu4i4SPXX,470,2026-01-09,Cliente General,Bujin de masa,1,
R2UkoxMNWexgu4i4SPXX,470,2026-01-09,Cliente General,Pivot estandar Bajaj,1,
R2UkoxMNWexgu4i4SPXX,470,2026-01-09,Cliente General,Polvera pequeña,1,
R2UkoxMNWexgu4i4SPXX,470,2026-01-09,Cliente General,Polvera grande,3,
R2UkoxMNWexgu4i4SPXX,470,2026-01-09,Cliente General,Tope de flecha,4,
R2UkoxMNWexgu4i4SPXX,470,2026-01-09,Cliente General,Filtro Compact,2,
R2UkoxMNWexgu4i4SPXX,470,2026-01-09,Cliente General,Silicon gris,1,
RTCUnIcGGVyqXGfKoC26,423,2025-12-13,Cliente General,Empaque de freno trasero,5,
RTCUnIcGGVyqXGfKoC26,423,2025-12-13,Cliente General,Regulador de voltaje,1,
RTCUnIcGGVyqXGfKoC26,423,2025-12-13,Cliente General,Carburador Nuevo Bajaj 175,1,
RTCUnIcGGVyqXGfKoC26,423,2025-12-13,Cliente General,Empaque de manifold,1,
RTCUnIcGGVyqXGfKoC26,423,2025-12-13,Cliente General,Filtro y empaque 175,1,
RTCUnIcGGVyqXGfKoC26,423,2025-12-13,Cliente General,Silicon gris,1,
RTCUnIcGGVyqXGfKoC26,423,2025-12-13,Cliente General,Tuberia enrrollada de frenos,1,
RTCUnIcGGVyqXGfKoC26,423,2025-12-13,Cliente General,Cable de clutch compact,1,
RTCUnIcGGVyqXGfKoC26,423,2025-12-13,Cliente General,Tapadera de corona,1,
RTCUnIcGGVyqXGfKoC26,423,2025-12-13,Cliente General,Balero 1616,1,
RTCUnIcGGVyqXGfKoC26,423,2025-12-13,Cliente General,Mano de obra,1,SERVICIO
RvvitAkX7pqHvGiM5ENs,367,2025-11-19,Cliente General,Kit de balero trasero,1,
RvvitAkX7pqHvGiM5ENs,367,2025-11-19,Cliente General,Liquido de frenos,1,
RvvitAkX7pqHvGiM5ENs,367,2025-11-19,Cliente General,Covertor trasero de stop LH 175,2,
RvvitAkX7pqHvGiM5ENs,367,2025-11-19,Cliente General,Baquelita RH,1,
RvvitAkX7pqHvGiM5ENs,367,2025-11-19,Cliente General,Bomba trasera,1,
RvvitAkX7pqHvGiM5ENs,367,2025-11-19,Cliente General,gusano de clutch,1,
RvvitAkX7pqHvGiM5ENs,367,2025-11-19,Cliente General,Llanta 4.00-8TT,1,
RvvitAkX7pqHvGiM5ENs,367,2025-11-19,Cliente General,Capuchon de bujia,1,
RvvitAkX7pqHvGiM5ENs,367,2025-11-19,Cliente General,Pivot,1,
RvvitAkX7pqHvGiM5ENs,367,2025-11-19,Cliente General,Polvera grande,1,
RvvitAkX7pqHvGiM5ENs,367,2025-11-19,Cliente General,Mano de obra,1,SERVICIO
S0AA0qIwFsi1SyzoRkXR,637,2026-04-07,Cliente General,Filtro compact,1,
S0AA0qIwFsi1SyzoRkXR,637,2026-04-07,Cliente General,Pin hueco,5,
S0AA0qIwFsi1SyzoRkXR,637,2026-04-07,Cliente General,Switch de neutro,1,
S0AA0qIwFsi1SyzoRkXR,637,2026-04-07,Cliente General,Liquido de freno,1,
S0AA0qIwFsi1SyzoRkXR,637,2026-04-07,Cliente General,Filtro y empaque,1,
S0AA0qIwFsi1SyzoRkXR,637,2026-04-07,Cliente General,Bomba trasera,1,
S0AA0qIwFsi1SyzoRkXR,637,2026-04-07,Cliente General,Cable de velocidad 175,2,
S0AA0qIwFsi1SyzoRkXR,637,2026-04-07,Cliente General,Eje trasero,1,
S0AA0qIwFsi1SyzoRkXR,637,2026-04-07,Cliente General,Seguro de eje,1,
S0AA0qIwFsi1SyzoRkXR,637,2026-04-07,Cliente General,Empaque de clutch,2,
S0AA0qIwFsi1SyzoRkXR,637,2026-04-07,Cliente General,Grasera,1,
S0AA0qIwFsi1SyzoRkXR,637,2026-04-07,Cliente General,Bomba de aceite,1,
S0AA0qIwFsi1SyzoRkXR,637,2026-04-07,Cliente General,Focos de 2 contactos,10,
SNW1ixpdOv33wK51ufs2,574,2026-03-03,Cliente General,Empaque diferencial,1,
SNW1ixpdOv33wK51ufs2,574,2026-03-03,Cliente General,Bomba trasera,1,
SNW1ixpdOv33wK51ufs2,574,2026-03-03,Cliente General,Adorno de silvin 2015,1,
SNW1ixpdOv33wK51ufs2,574,2026-03-03,Cliente General,Plato cromado Shakti,1,
SNW1ixpdOv33wK51ufs2,574,2026-03-03,Cliente General,Filtro compact,1,
SNW1ixpdOv33wK51ufs2,574,2026-03-03,Cliente General,Aceite Repsol,2,
SNW1ixpdOv33wK51ufs2,574,2026-03-03,Cliente General,Clutch completo,1,
SNW1ixpdOv33wK51ufs2,574,2026-03-03,Cliente General,Filtro y empaque,1,
SNW1ixpdOv33wK51ufs2,574,2026-03-03,Cliente General,Mano de obra,1,SERVICIO
SOGjRerjott7P4a2tmZw,691,2026-05-04,Cliente General,Aceite HAVOLINE 20W50 1000ml,1,xLianJA09yo8R7gurOM0
SOGjRerjott7P4a2tmZw,691,2026-05-04,Cliente General,Empaque de freno trasero,2,c3VvKk2OXo2CU9FKbg6e
SOGjRerjott7P4a2tmZw,691,2026-05-04,Cliente General,Kit de dados,1,q36NFZjl8T1P7izG1K37
SOGjRerjott7P4a2tmZw,691,2026-05-04,Cliente General,Filtro y empaque,1,eqUw92h7s5dtXhgy5eTJ
SOGjRerjott7P4a2tmZw,691,2026-05-04,Cliente General,Tope de flecha,2,JWSujng8noxUgEfwmLNN
SOGjRerjott7P4a2tmZw,691,2026-05-04,Cliente General,Plato para aros cromados de plastico shakti,1,Ujow9Por5mZqSfV7Zj3v
SOGjRerjott7P4a2tmZw,691,2026-05-04,Cliente General,Motor de arranque compact,1,3aOKqGgxw1VuoeX25xyj
SOGjRerjott7P4a2tmZw,691,2026-05-04,Cliente General,Relay de start 2022 Bajaj,1,BxrvOqH0QZNmVYoI7z84
SOGjRerjott7P4a2tmZw,691,2026-05-04,Cliente General,Filtro de aceite compact,1,46jf95e2CO7XcCWDWq8v
SOGjRerjott7P4a2tmZw,691,2026-05-04,Cliente General,Bomba trasera,1,k799vWanLuRNf04a2Fwn
SOGjRerjott7P4a2tmZw,691,2026-05-04,Cliente General,Mano de Obra,1,
SUGZbk5C1J1hhu6ixtMn,359,2025-11-14,Cliente General,Selector de retroce,1,
SUGZbk5C1J1hhu6ixtMn,359,2025-11-14,Cliente General,Tapadera de corona,1,
SUGZbk5C1J1hhu6ixtMn,359,2025-11-14,Cliente General,Balero 1616,1,
SUGZbk5C1J1hhu6ixtMn,359,2025-11-14,Cliente General,Switch de neutro compact,1,
SUGZbk5C1J1hhu6ixtMn,359,2025-11-14,Cliente General,Cable de clutch sin forro,1,
SUGZbk5C1J1hhu6ixtMn,359,2025-11-14,Cliente General,Kit de dados,1,
SUGZbk5C1J1hhu6ixtMn,359,2025-11-14,Cliente General,Tope de flecha,2,
SUGZbk5C1J1hhu6ixtMn,359,2025-11-14,Cliente General,Pivot,1,
SUGZbk5C1J1hhu6ixtMn,359,2025-11-14,Cliente General,Filtro y empaque 175,1,
SUGZbk5C1J1hhu6ixtMn,359,2025-11-14,Cliente General,Cuarto de aceite Havoline,2,
SUGZbk5C1J1hhu6ixtMn,359,2025-11-14,Cliente General,Tuberia enrollada delantera,1,
SUGZbk5C1J1hhu6ixtMn,359,2025-11-14,Cliente General,Mano de obra,1,SERVICIO
SWrm8toXhCZaPAQUbDQS,620,2026-03-27,Cliente General,Aceite 140,1,
SWrm8toXhCZaPAQUbDQS,620,2026-03-27,Cliente General,Carburador nuevo bajaj,1,
SWrm8toXhCZaPAQUbDQS,620,2026-03-27,Cliente General,Liquido de frenos,1,
SWrm8toXhCZaPAQUbDQS,620,2026-03-27,Cliente General,Clutch completo,1,
SWrm8toXhCZaPAQUbDQS,620,2026-03-27,Cliente General,Filtro y empaque,1,
SWrm8toXhCZaPAQUbDQS,620,2026-03-27,Cliente General,Empaque de clutch,1,
SWrm8toXhCZaPAQUbDQS,620,2026-03-27,Cliente General,Bomba de aceite,1,
SWrm8toXhCZaPAQUbDQS,620,2026-03-27,Cliente General,Filtro compact,4,
SWrm8toXhCZaPAQUbDQS,620,2026-03-27,Cliente General,Mano de obra,1,SERVICIO
SggdFZRWKRauCEEvI5Bq,436,2025-12-19,Cliente General,Filtro de aceite compact,1,
SggdFZRWKRauCEEvI5Bq,436,2025-12-19,Cliente General,Aceite Repsol,2,
SggdFZRWKRauCEEvI5Bq,436,2025-12-19,Cliente General,Filtro y empaque 175,2,
SggdFZRWKRauCEEvI5Bq,436,2025-12-19,Cliente General,Cable sin forro de clutch,1,
SggdFZRWKRauCEEvI5Bq,436,2025-12-19,Cliente General,Mano de obra,1,SERVICIO
T34BW5BIcezVg3RZadSF,694,2026-05-05,Cliente General,Balero 16007 Bajaj,1,qBfcZREXPI7h4CA4Vb7J
T34BW5BIcezVg3RZadSF,694,2026-05-05,Cliente General,Aceite HAVOLINE 20W50 1000ml,2,xLianJA09yo8R7gurOM0
T34BW5BIcezVg3RZadSF,694,2026-05-05,Cliente General,Cable Aspirometro 2022 Bajaj,1,b4tSI13uaPghKiDCKxU1
T34BW5BIcezVg3RZadSF,694,2026-05-05,Cliente General,Filtro de aceite compact,2,46jf95e2CO7XcCWDWq8v
T34BW5BIcezVg3RZadSF,694,2026-05-05,Cliente General,Aceite REPSOL 20W50 1000ml,2,MxZYt471Hv0ZhT0oI8gt
T34BW5BIcezVg3RZadSF,694,2026-05-05,Cliente General,Focos de 2 contactos,10,KAmVRz4jn6YlUVpxwiXr
TD1WPRkWdlbLY3HDrLLH,569,2026-02-28,Cliente General,Vidrio central compact,1,
TRro7FiiaEqkvNzKvtu1,453,2026-12-31,Cliente General,Gusano de clutch,1,
TRro7FiiaEqkvNzKvtu1,453,2026-12-31,Cliente General,Base de gusano de clutch,1,
TRro7FiiaEqkvNzKvtu1,453,2026-12-31,Cliente General,Bujia,2,
TRro7FiiaEqkvNzKvtu1,453,2026-12-31,Cliente General,Filtro y empaque 175,1,
TRro7FiiaEqkvNzKvtu1,453,2026-12-31,Cliente General,Empaque de clutch,1,
TRro7FiiaEqkvNzKvtu1,453,2026-12-31,Cliente General,Clutch completo,1,
TRro7FiiaEqkvNzKvtu1,453,2026-12-31,Cliente General,Bomba de aceite,1,
TRro7FiiaEqkvNzKvtu1,453,2026-12-31,Cliente General,Havoline,2,
TRro7FiiaEqkvNzKvtu1,453,2026-12-31,Cliente General,Anillo de fuego,1,
TRro7FiiaEqkvNzKvtu1,453,2026-12-31,Cliente General,Mano de obra,1,SERVICIO
TU3w88FzvyKrETCJ3NKW,445,2025-12-24,Cliente General,Aceite Repsol,2,
TU3w88FzvyKrETCJ3NKW,445,2025-12-24,Cliente General,Filtro de aceite compact,1,
TU3w88FzvyKrETCJ3NKW,445,2025-12-24,Cliente General,Bomba trasera,2,
TU3w88FzvyKrETCJ3NKW,445,2025-12-24,Cliente General,Havoline,1,
TU3w88FzvyKrETCJ3NKW,445,2025-12-24,Cliente General,Cable de clutch viejo,1,
TU3w88FzvyKrETCJ3NKW,445,2025-12-24,Cliente General,Liquido de freno,1,
TU3w88FzvyKrETCJ3NKW,445,2025-12-24,Cliente General,Mano de obra,1,SERVICIO
Ut908XmnB7mDgkjpSvlG,604,2026-03-19,Cliente General,Bujia,1,
Ut908XmnB7mDgkjpSvlG,604,2026-03-19,Cliente General,Filtro compact,1,
Ut908XmnB7mDgkjpSvlG,604,2026-03-19,Cliente General,Aceite Repsol,2,
Ut908XmnB7mDgkjpSvlG,604,2026-03-19,Cliente General,Kit de balero trasero,1,
Ut908XmnB7mDgkjpSvlG,604,2026-03-19,Cliente General,Liquido de frenos,1,
Ut908XmnB7mDgkjpSvlG,604,2026-03-19,Cliente General,Cable de clutch nuevo,1,
Ut908XmnB7mDgkjpSvlG,604,2026-03-19,Cliente General,Pito hellan,1,
Ut908XmnB7mDgkjpSvlG,604,2026-03-19,Cliente General,Bomba trasera,1,
Ut908XmnB7mDgkjpSvlG,604,2026-03-19,Cliente General,Cobertor de stop LH 175,1,
Ut908XmnB7mDgkjpSvlG,604,2026-03-19,Cliente General,Socket de 2 contactos,2,
Ut908XmnB7mDgkjpSvlG,604,2026-03-19,Cliente General,Mano de obra,1,SERVICIO
UuVU77sL9xUqXVfBRolZ,616,2026-03-26,Cliente General,Bomba trasera,1,
UuVU77sL9xUqXVfBRolZ,616,2026-03-26,Cliente General,Kit de sello de valvula,2,
UuVU77sL9xUqXVfBRolZ,616,2026-03-26,Cliente General,Kit de valvulas 205,1,
UuVU77sL9xUqXVfBRolZ,616,2026-03-26,Cliente General,Cigüeñal,1,
UuVU77sL9xUqXVfBRolZ,616,2026-03-26,Cliente General,Balero 6004,2,
UuVU77sL9xUqXVfBRolZ,616,2026-03-26,Cliente General,Cadenas de tiempo,4,
UuVU77sL9xUqXVfBRolZ,616,2026-03-26,Cliente General,Bomba de aceite,4,
UuVU77sL9xUqXVfBRolZ,616,2026-03-26,Cliente General,Clutch completo,2,
UuVU77sL9xUqXVfBRolZ,616,2026-03-26,Cliente General,Guia de cadena tiempo,1,
UuVU77sL9xUqXVfBRolZ,616,2026-03-26,Cliente General,Pivot,2,
UuVU77sL9xUqXVfBRolZ,616,2026-03-26,Cliente General,Tensor de cadena,2,
UuVU77sL9xUqXVfBRolZ,616,2026-03-26,Cliente General,Kit de resorte de frenos,1,
UuVU77sL9xUqXVfBRolZ,616,2026-03-26,Cliente General,Sello de lubricacion,1,
UuVU77sL9xUqXVfBRolZ,616,2026-03-26,Cliente General,Motor de arranque 175,1,
V3p6u4eXLKbuclKozUXs,686,2026-05-01,Cliente General,Cigüeñal 175,1,cWnKunmbcR9jDK8Ft6Lg
V3p6u4eXLKbuclKozUXs,686,2026-05-01,Cliente General,Pivot estandar compact,1,DiTdmt4Si7FHoMYGA7m0
V3p6u4eXLKbuclKozUXs,686,2026-05-01,Cliente General,Focos de 2 contactos,10,KAmVRz4jn6YlUVpxwiXr
V3p6u4eXLKbuclKozUXs,686,2026-05-01,Cliente General,Empaque de freno trasero,3,c3VvKk2OXo2CU9FKbg6e
V3p6u4eXLKbuclKozUXs,686,2026-05-01,Cliente General,Espaciador de cigüeñal,1,KItN7oeRudOANsE9LHbQ
V3p6u4eXLKbuclKozUXs,686,2026-05-01,Cliente General,Grasera mediana,1,XN5p4xTgq2hwmQmpyhtz
V3p6u4eXLKbuclKozUXs,686,2026-05-01,Cliente General,Carter Lado Magneto,1,2YaH8YKHWuJD7PYAwtmd
V3p6u4eXLKbuclKozUXs,686,2026-05-01,Cliente General,Balero 6004,1,gRpoTQoWiS3VAFyJFcBa
V3p6u4eXLKbuclKozUXs,686,2026-05-01,Cliente General,Cilindro Completo 205,1,KtJCIL580VAxTm68iYx5
V3p6u4eXLKbuclKozUXs,686,2026-05-01,Cliente General,Kit de retenedores 175,1,7w53huDrJrIGgVMPt6XM
V3p6u4eXLKbuclKozUXs,686,2026-05-01,Cliente General,Tornillo de cruz,1,uWyD3n0vqNj1OcGCI9jl
V3p6u4eXLKbuclKozUXs,686,2026-05-01,Cliente General,Balero 1616,2,SHwbUxO2NddEG8VfG8iu
V3p6u4eXLKbuclKozUXs,686,2026-05-01,Cliente General,Cruz de cambio,1,9QznepEmRXvHVoswi2ej
V3p6u4eXLKbuclKozUXs,686,2026-05-01,Cliente General,Kit de empaques 205,1,2fwhPCyLREtyq6W2es7t
V70otzxqA9TTI8AUU9UB,638,2026-04-07,Cliente General,Retenedor metalico,1,
V70otzxqA9TTI8AUU9UB,638,2026-04-07,Cliente General,Filtro y empaque,1,
V70otzxqA9TTI8AUU9UB,638,2026-04-07,Cliente General,Liquido de freno,1,
V70otzxqA9TTI8AUU9UB,638,2026-04-07,Cliente General,Cable de velocidad 175,1,
V70otzxqA9TTI8AUU9UB,638,2026-04-07,Cliente General,Cigüeñal,1,
V70otzxqA9TTI8AUU9UB,638,2026-04-07,Cliente General,Kit de anillos 205,1,
V70otzxqA9TTI8AUU9UB,638,2026-04-07,Cliente General,Cadena de tiempo,1,
V70otzxqA9TTI8AUU9UB,638,2026-04-07,Cliente General,Kit de empaques 205,1,
V70otzxqA9TTI8AUU9UB,638,2026-04-07,Cliente General,Polvera grande,1,
V70otzxqA9TTI8AUU9UB,638,2026-04-07,Cliente General,Tope de flecha,2,
V70otzxqA9TTI8AUU9UB,638,2026-04-07,Cliente General,Washa de eje principal,1,
V70otzxqA9TTI8AUU9UB,638,2026-04-07,Cliente General,Kit de discos pasta,1,
V70otzxqA9TTI8AUU9UB,638,2026-04-07,Cliente General,Pin hueco,1,
V70otzxqA9TTI8AUU9UB,638,2026-04-07,Cliente General,Mano de obra,1,SERVICIO
V7XlPER6GS6RKuKnVrU6,480,2026-01-15,Cliente General,Filtro Compact,2,
V7XlPER6GS6RKuKnVrU6,480,2026-01-15,Cliente General,Aceite Repsol,4,
V7XlPER6GS6RKuKnVrU6,480,2026-01-15,Cliente General,Capuchon de bujia,1,
V7XlPER6GS6RKuKnVrU6,480,2026-01-15,Cliente General,Adorno de espejo lila,1,
V7XlPER6GS6RKuKnVrU6,480,2026-01-15,Cliente General,Marco de vidrio frontal compac,1,
V7XlPER6GS6RKuKnVrU6,480,2026-01-15,Cliente General,Tope de flecha,1,
V8DXrAYjo1oCe1quxjvk,469,2026-01-09,Cliente General,Cable de velocidad,2,
V8DXrAYjo1oCe1quxjvk,469,2026-01-09,Cliente General,Aceite Repsol,2,
V8DXrAYjo1oCe1quxjvk,469,2026-01-09,Cliente General,Filtro Compact,1,
V8DXrAYjo1oCe1quxjvk,469,2026-01-09,Cliente General,Polvera grande,2,
V8DXrAYjo1oCe1quxjvk,469,2026-01-09,Cliente General,Tope de flecha,2,
V8DXrAYjo1oCe1quxjvk,469,2026-01-09,Cliente General,Bobina de alta,1,
V8DXrAYjo1oCe1quxjvk,469,2026-01-09,Cliente General,Aceite Havoline,2,
V8DXrAYjo1oCe1quxjvk,469,2026-01-09,Cliente General,Filtro y empaque,1,
V8DXrAYjo1oCe1quxjvk,469,2026-01-09,Cliente General,Llanta 4.00-8TT,1,
V8DXrAYjo1oCe1quxjvk,469,2026-01-09,Cliente General,Bomba trasera,1,
V8DXrAYjo1oCe1quxjvk,469,2026-01-09,Cliente General,Mano de obra,1,SERVICIO
VAwxqYUOkLyfUFn2dorD,450,2025-12-29,Cliente General,Clutch completo,2,
VAwxqYUOkLyfUFn2dorD,450,2025-12-29,Cliente General,Socket de 2 contactos,2,
VAwxqYUOkLyfUFn2dorD,450,2025-12-29,Cliente General,Eje trasero,1,
VAwxqYUOkLyfUFn2dorD,450,2025-12-29,Cliente General,Kit de balero trasero,1,
VAwxqYUOkLyfUFn2dorD,450,2025-12-29,Cliente General,Empaque de freno trasero,1,
VUDak3fKREF33rc6MBgY,342,2025-11-07,Cliente General,Eje de piña de velocidad,1,
VUDak3fKREF33rc6MBgY,342,2025-11-07,Cliente General,Empaque de freno trasero,5,
VUDak3fKREF33rc6MBgY,342,2025-11-07,Cliente General,Cadena de tiempo,1,
VUDak3fKREF33rc6MBgY,342,2025-11-07,Cliente General,Bomba de aceite,1,
VUDak3fKREF33rc6MBgY,342,2025-11-07,Cliente General,Bomba trasera,1,
VUDak3fKREF33rc6MBgY,342,2025-11-07,Cliente General,Kit de sello de valvulas,1,
VUDak3fKREF33rc6MBgY,342,2025-11-07,Cliente General,Filtro y empaque 175,1,
VUDak3fKREF33rc6MBgY,342,2025-11-07,Cliente General,Anillo de fuego,1,
VUDak3fKREF33rc6MBgY,342,2025-11-07,Cliente General,Cable de velocidad,1,
VUDak3fKREF33rc6MBgY,342,2025-11-07,Cliente General,Polvera grande,1,
VUDak3fKREF33rc6MBgY,342,2025-11-07,Cliente General,Copa pequeña,1,
VUDak3fKREF33rc6MBgY,342,2025-11-07,Cliente General,Tope de flecha,2,
VoNp1zAzRvyYtgLWkCia,375,2025-11-19,Cliente General,Aceite Repsol,2,
VoNp1zAzRvyYtgLWkCia,375,2025-11-19,Cliente General,Filtro de aceite compact,1,
VoNp1zAzRvyYtgLWkCia,375,2025-11-19,Cliente General,Cuarto de aceite 140,1,
VoNp1zAzRvyYtgLWkCia,375,2025-11-19,Cliente General,Cable de clutch Nuevo,1,
VoNp1zAzRvyYtgLWkCia,375,2025-11-19,Cliente General,Baquelita RH,1,
VoNp1zAzRvyYtgLWkCia,375,2025-11-19,Cliente General,Kit de valvulas 205,1,
VoNp1zAzRvyYtgLWkCia,375,2025-11-19,Cliente General,Cable de velocidad,1,
VoNp1zAzRvyYtgLWkCia,375,2025-11-19,Cliente General,Bomba trasera,1,
VoNp1zAzRvyYtgLWkCia,375,2025-11-19,Cliente General,Kit de sello de valvulas,1,
VoNp1zAzRvyYtgLWkCia,375,2025-11-19,Cliente General,Cilindro 205,1,
VoNp1zAzRvyYtgLWkCia,375,2025-11-19,Cliente General,Empaque de cilindro,1,
VoNp1zAzRvyYtgLWkCia,375,2025-11-19,Cliente General,Empaque de culata 205,1,
VoNp1zAzRvyYtgLWkCia,375,2025-11-19,Cliente General,Mano de obra,1,SERVICIO
Vt7KzlJ6HKbCjhe4HYf9,588,2026-03-10,Cliente General,Pivot,2,
Vt7KzlJ6HKbCjhe4HYf9,588,2026-03-10,Cliente General,Bomba trasera,1,
Vt7KzlJ6HKbCjhe4HYf9,588,2026-03-10,Cliente General,Empaque de freno trasero,5,
Vt7KzlJ6HKbCjhe4HYf9,588,2026-03-10,Cliente General,Filtro compact,2,
Vt7KzlJ6HKbCjhe4HYf9,588,2026-03-10,Cliente General,Cilindro completo 205,1,
Vt7KzlJ6HKbCjhe4HYf9,588,2026-03-10,Cliente General,Empaque de cilindro,1,
Vt7KzlJ6HKbCjhe4HYf9,588,2026-03-10,Cliente General,Empaque de culata,1,
Vt7KzlJ6HKbCjhe4HYf9,588,2026-03-10,Cliente General,Guia de cadena tiempo,1,
Vt7KzlJ6HKbCjhe4HYf9,588,2026-03-10,Cliente General,Aceite Repsol,2,
Vt7KzlJ6HKbCjhe4HYf9,588,2026-03-10,Cliente General,Kit de sello de valvula,1,
Vt7KzlJ6HKbCjhe4HYf9,588,2026-03-10,Cliente General,Silicon gris,1,
Vt7KzlJ6HKbCjhe4HYf9,588,2026-03-10,Cliente General,Cable de acelerador 2007,1,
Vt7KzlJ6HKbCjhe4HYf9,588,2026-03-10,Cliente General,Mano de obra,1,SERVICIO
W4u2HZRRB4L7wIEVLAoH,659,2026-04-15,Cliente General,Liquido de freno,1,
W4u2HZRRB4L7wIEVLAoH,659,2026-04-15,Cliente General,Aceite Repsol,3,
W4u2HZRRB4L7wIEVLAoH,659,2026-04-15,Cliente General,Bomba trasera,2,
W4u2HZRRB4L7wIEVLAoH,659,2026-04-15,Cliente General,Filtro compact,2,
W4u2HZRRB4L7wIEVLAoH,659,2026-04-15,Cliente General,Aceite Havoline,2,
W4u2HZRRB4L7wIEVLAoH,659,2026-04-15,Cliente General,Cable de velocidad 175,1,
W4u2HZRRB4L7wIEVLAoH,659,2026-04-15,Cliente General,Mano de obra,1,SERVICIO
WHswDTTrNJYWtqMScXyN,431,2025-12-18,Cliente General,Kit de retenedores,1,
WHswDTTrNJYWtqMScXyN,431,2025-12-18,Cliente General,Liquido de freno,1,
WHswDTTrNJYWtqMScXyN,431,2025-12-18,Cliente General,Bomba trasera,1,
WHswDTTrNJYWtqMScXyN,431,2025-12-18,Cliente General,Filtro de aceite compact,2,
WHswDTTrNJYWtqMScXyN,431,2025-12-18,Cliente General,Aceite Repsol,2,
WHswDTTrNJYWtqMScXyN,431,2025-12-18,Cliente General,Retenedor metalico,1,
WHswDTTrNJYWtqMScXyN,431,2025-12-18,Cliente General,Balero 6904,1,
WHswDTTrNJYWtqMScXyN,431,2025-12-18,Cliente General,Mano de obra,1,SERVICIO
WMJaaXVsS1YCuP3d1Alb,462,2026-01-06,Cliente General,Liquido de freno,1,
WMJaaXVsS1YCuP3d1Alb,462,2026-01-06,Cliente General,Bomba trasera,1,
WMJaaXVsS1YCuP3d1Alb,462,2026-01-06,Cliente General,Filtro Compact,1,
WMJaaXVsS1YCuP3d1Alb,462,2026-01-06,Cliente General,Aceite Repsol,2,
WMJaaXVsS1YCuP3d1Alb,462,2026-01-06,Cliente General,Bujia,1,
WMJaaXVsS1YCuP3d1Alb,462,2026-01-06,Cliente General,Filtro y empaque,1,
WMJaaXVsS1YCuP3d1Alb,462,2026-01-06,Cliente General,Cable de velocidad,2,
WMJaaXVsS1YCuP3d1Alb,462,2026-01-06,Cliente General,Pivot estandar 2022,1,
WMJaaXVsS1YCuP3d1Alb,462,2026-01-06,Cliente General,Mano de obra,1,SERVICIO
WQcM7u5kUC0M7C1LMFOT,611,2026-03-24,Cliente General,Filtro y empaque,2,
WQcM7u5kUC0M7C1LMFOT,611,2026-03-24,Cliente General,Filtro compact,1,
WQcM7u5kUC0M7C1LMFOT,611,2026-03-24,Cliente General,Empaque de freno trasero,1,
WQcM7u5kUC0M7C1LMFOT,611,2026-03-24,Cliente General,Cruz de cambio,1,
WQcM7u5kUC0M7C1LMFOT,611,2026-03-24,Cliente General,Gusano de cruz,1,
WQcM7u5kUC0M7C1LMFOT,611,2026-03-24,Cliente General,Tornillo de cruz,1,
WQcM7u5kUC0M7C1LMFOT,611,2026-03-24,Cliente General,Espaciador de cigüeñal,1,
WQcM7u5kUC0M7C1LMFOT,611,2026-03-24,Cliente General,Cigüeñal,1,
WQcM7u5kUC0M7C1LMFOT,611,2026-03-24,Cliente General,Balero 6004,1,
WQcM7u5kUC0M7C1LMFOT,611,2026-03-24,Cliente General,Kit de empaques 205,1,
WQcM7u5kUC0M7C1LMFOT,611,2026-03-24,Cliente General,Pin hueco,1,
WQcM7u5kUC0M7C1LMFOT,611,2026-03-24,Cliente General,Guia de cadena tiempo,1,
WQcM7u5kUC0M7C1LMFOT,611,2026-03-24,Cliente General,Bomba de aceite,1,
WQcM7u5kUC0M7C1LMFOT,611,2026-03-24,Cliente General,Mano de obra,1,SERVICIO
XJeGlarcPynKwCYKKFFq,584,2026-03-09,Cliente General,Bomba central de freno,1,
XJeGlarcPynKwCYKKFFq,584,2026-03-09,Cliente General,Filtro compact,1,
XJeGlarcPynKwCYKKFFq,584,2026-03-09,Cliente General,Bomba trasera,1,
XJeGlarcPynKwCYKKFFq,584,2026-03-09,Cliente General,Stop completo LH 175,1,
XJeGlarcPynKwCYKKFFq,584,2026-03-09,Cliente General,Retenedor metalico,1,
XJeGlarcPynKwCYKKFFq,584,2026-03-09,Cliente General,Liquido de frenos,1,
XJeGlarcPynKwCYKKFFq,584,2026-03-09,Cliente General,Aro ancho 4.00x8,2,
XJeGlarcPynKwCYKKFFq,584,2026-03-09,Cliente General,Pito helan,1,
XJeGlarcPynKwCYKKFFq,584,2026-03-09,Cliente General,Baquelita LH 175,1,
XJeGlarcPynKwCYKKFFq,584,2026-03-09,Cliente General,Llanta 4.00x8,2,
XJeGlarcPynKwCYKKFFq,584,2026-03-09,Cliente General,Filtro y empaque,1,
XJeGlarcPynKwCYKKFFq,584,2026-03-09,Cliente General,Mano de obra,1,SERVICIO
XZDY7grcCtKXTxhTrjV6,696,2026-05-05,Cliente General,Aceite HAVOLINE 20W50 1000ml,2,xLianJA09yo8R7gurOM0
XZDY7grcCtKXTxhTrjV6,696,2026-05-05,Cliente General,Filtro de aceite compact,2,46jf95e2CO7XcCWDWq8v
XZDY7grcCtKXTxhTrjV6,696,2026-05-05,Cliente General,Eje de leva,1,lioqBR0VocC0wOxG8F5A
XZDY7grcCtKXTxhTrjV6,696,2026-05-05,Cliente General,Gusano de clutch,1,H9GY2kqXC39RKFwMchsT
XZDY7grcCtKXTxhTrjV6,696,2026-05-05,Cliente General,Kit de baleros traseros,1,rFNWNK3eGYImlLePjnO5
XZDY7grcCtKXTxhTrjV6,696,2026-05-05,Cliente General,Kit de empaques 205,1,2fwhPCyLREtyq6W2es7t
XZDY7grcCtKXTxhTrjV6,696,2026-05-05,Cliente General,Motor de arranque 175,1,MylSDeFoG7L3guoaKGpz
XZDY7grcCtKXTxhTrjV6,696,2026-05-05,Cliente General,Cable de clutch sin forro,1,tDqP4GdYl1m4hEwlOe8V
XZDY7grcCtKXTxhTrjV6,696,2026-05-05,Cliente General,Cable de velocidad sin forro,1,bBQlcoywZfGwzPIViAw2
XZDY7grcCtKXTxhTrjV6,696,2026-05-05,Cliente General,Aceite REPSOL 20W50 1000ml,6,MxZYt471Hv0ZhT0oI8gt
XjWBobU7g29Ze9JGlQOC,429,2025-12-17,Cliente General,Aceite Repsol,2,
XjWBobU7g29Ze9JGlQOC,429,2025-12-17,Cliente General,Polvera grande,4,
XjWBobU7g29Ze9JGlQOC,429,2025-12-17,Cliente General,Filtro de aceite compact,1,
XjWBobU7g29Ze9JGlQOC,429,2025-12-17,Cliente General,Castrol,2,
XjWBobU7g29Ze9JGlQOC,429,2025-12-17,Cliente General,Aceite 140,1,
XjWBobU7g29Ze9JGlQOC,429,2025-12-17,Cliente General,Cable de clutch nuevo Bajaj,1,
XjWBobU7g29Ze9JGlQOC,429,2025-12-17,Cliente General,Mano de obra,1,SERVICIO
YUnaVMbMA2qdOclJLgc4,341,2025-11-07,Cliente General,Carter lado magneto,1,
YUnaVMbMA2qdOclJLgc4,341,2025-11-07,Cliente General,Balero 142216,1,
YUnaVMbMA2qdOclJLgc4,341,2025-11-07,Cliente General,Balero 1616,2,
YUnaVMbMA2qdOclJLgc4,341,2025-11-07,Cliente General,Kit de empaque 205,1,
YUnaVMbMA2qdOclJLgc4,341,2025-11-07,Cliente General,kit de retenedores,1,
YUnaVMbMA2qdOclJLgc4,341,2025-11-07,Cliente General,Balero 6004,1,
YUnaVMbMA2qdOclJLgc4,341,2025-11-07,Cliente General,Espaciador de cigüeñal,1,
YUnaVMbMA2qdOclJLgc4,341,2025-11-07,Cliente General,Filtro y empaque 175,1,
YUnaVMbMA2qdOclJLgc4,341,2025-11-07,Cliente General,Cable de velocidad,2,
YUnaVMbMA2qdOclJLgc4,341,2025-11-07,Cliente General,Cuarto de aceite castrol,1,
YUnaVMbMA2qdOclJLgc4,341,2025-11-07,Cliente General,Bomba trasera,1,
YUnaVMbMA2qdOclJLgc4,341,2025-11-07,Cliente General,Piñon doble,1,
YUnaVMbMA2qdOclJLgc4,341,2025-11-07,Cliente General,Piña multiple,1,
YUnaVMbMA2qdOclJLgc4,341,2025-11-07,Cliente General,Mano de obra,1,SERVICIO
Yn6o3YkfUDfMGWv4GSx4,519,2026-02-02,Cliente General,Pivot estandar compact,1,
Yn6o3YkfUDfMGWv4GSx4,519,2026-02-02,Cliente General,Grasera,3,
Yn6o3YkfUDfMGWv4GSx4,519,2026-02-02,Cliente General,Llanta 4.00-8TT,2,
Yn6o3YkfUDfMGWv4GSx4,519,2026-02-02,Cliente General,Aceite Repsol,2,
Yn6o3YkfUDfMGWv4GSx4,519,2026-02-02,Cliente General,Cable de clutch viejo,1,
Yn6o3YkfUDfMGWv4GSx4,519,2026-02-02,Cliente General,Pidevias LH compact,1,
Yn6o3YkfUDfMGWv4GSx4,519,2026-02-02,Cliente General,Planta sola,1,
Yn6o3YkfUDfMGWv4GSx4,519,2026-02-02,Cliente General,Aceite 140,1,
Yn6o3YkfUDfMGWv4GSx4,519,2026-02-02,Cliente General,Balero 6904,1,
Yn6o3YkfUDfMGWv4GSx4,519,2026-02-02,Cliente General,Empaque de manifold,1,
Yn6o3YkfUDfMGWv4GSx4,519,2026-02-02,Cliente General,Filtro Compact,1,
Yn6o3YkfUDfMGWv4GSx4,519,2026-02-02,Cliente General,Terminal de bateria par,1,
Yn6o3YkfUDfMGWv4GSx4,519,2026-02-02,Cliente General,Mano de obra,1,SERVICIO
YttCvBYGNBj7R4ugNLYu,579,2026-03-05,Cliente General,Filtro y empaque,1,
YttCvBYGNBj7R4ugNLYu,579,2026-03-05,Cliente General,Filtro compact,1,
YttCvBYGNBj7R4ugNLYu,579,2026-03-05,Cliente General,Aceite Repsol,2,
YttCvBYGNBj7R4ugNLYu,579,2026-03-05,Cliente General,Bomba trasera,1,
YttCvBYGNBj7R4ugNLYu,579,2026-03-05,Cliente General,Empaque de freno trasero,5,
YttCvBYGNBj7R4ugNLYu,579,2026-03-05,Cliente General,Aceite Castrol,2,
YttCvBYGNBj7R4ugNLYu,579,2026-03-05,Cliente General,Pivot,1,
YttCvBYGNBj7R4ugNLYu,579,2026-03-05,Cliente General,Tapon de gas 2007,1,
YttCvBYGNBj7R4ugNLYu,579,2026-03-05,Cliente General,Aceite 140,1,
YttCvBYGNBj7R4ugNLYu,579,2026-03-05,Cliente General,Par de terminales de bateria,1,
YttCvBYGNBj7R4ugNLYu,579,2026-03-05,Cliente General,Mano de obra,1,SERVICIO
YzYa9Bl00uGBSiu5gd0L,417,2025-12-11,Cliente General,Empaque de clutch,1,
YzYa9Bl00uGBSiu5gd0L,417,2025-12-11,Cliente General,Clutch completo,1,
YzYa9Bl00uGBSiu5gd0L,417,2025-12-11,Cliente General,Bomba de aceite,1,
YzYa9Bl00uGBSiu5gd0L,417,2025-12-11,Cliente General,Anillo de fuego,1,
YzYa9Bl00uGBSiu5gd0L,417,2025-12-11,Cliente General,Filtro de aceite compact,1,
YzYa9Bl00uGBSiu5gd0L,417,2025-12-11,Cliente General,Bomba trasera,1,
YzYa9Bl00uGBSiu5gd0L,417,2025-12-11,Cliente General,Cable de clutch nuevo Bajaj,1,
YzYa9Bl00uGBSiu5gd0L,417,2025-12-11,Cliente General,Filtro y empaque 175,1,
YzYa9Bl00uGBSiu5gd0L,417,2025-12-11,Cliente General,Liquido de freno,1,
YzYa9Bl00uGBSiu5gd0L,417,2025-12-11,Cliente General,Mano de obra,1,SERVICIO
Z0TI3NufVPZdoURsiqBl,716,2026-05-05,Cliente General,Filtro de aceite compact,3,46jf95e2CO7XcCWDWq8v
Z0TI3NufVPZdoURsiqBl,716,2026-05-05,Cliente General,Aceite REPSOL 20W50 1000ml,4,MxZYt471Hv0ZhT0oI8gt
Z1AHIBxBNO6WKi4zm0Aq,591,2026-03-11,Cliente General,Aceite Repsol,1,
Z1AHIBxBNO6WKi4zm0Aq,591,2026-03-11,Cliente General,Bomba trasera,1,
Z1AHIBxBNO6WKi4zm0Aq,591,2026-03-11,Cliente General,Tambor de freno,1,
Z1AHIBxBNO6WKi4zm0Aq,591,2026-03-11,Cliente General,Tornillo de graduacion de freno,1,
Z1AHIBxBNO6WKi4zm0Aq,591,2026-03-11,Cliente General,Kit de seguro viejo BCB,1,
Z1AHIBxBNO6WKi4zm0Aq,591,2026-03-11,Cliente General,Aceite Havoline,4,
Z1AHIBxBNO6WKi4zm0Aq,591,2026-03-11,Cliente General,Mano de obra,1,SERVICIO
Z2qbHqFcWngHSDnqZnPV,435,2025-12-19,Cliente General,Aceite Repsol,5,
Z2qbHqFcWngHSDnqZnPV,435,2025-12-19,Cliente General,Filtro y empaque 175,2,
Z2qbHqFcWngHSDnqZnPV,435,2025-12-19,Cliente General,Filtro de aceite compact,2,
Z2qbHqFcWngHSDnqZnPV,435,2025-12-19,Cliente General,Kit de disco de cluth pasta,1,
Z2qbHqFcWngHSDnqZnPV,435,2025-12-19,Cliente General,Gusano de clutch,2,
Z2qbHqFcWngHSDnqZnPV,435,2025-12-19,Cliente General,Cable sin forro de clutch,1,
Z2qbHqFcWngHSDnqZnPV,435,2025-12-19,Cliente General,Havoline,2,
Z2qbHqFcWngHSDnqZnPV,435,2025-12-19,Cliente General,Bomba trasera,1,
Z2qbHqFcWngHSDnqZnPV,435,2025-12-19,Cliente General,Silicon gris,1,
Z2qbHqFcWngHSDnqZnPV,435,2025-12-19,Cliente General,Planta sola 175,1,
Z2qbHqFcWngHSDnqZnPV,435,2025-12-19,Cliente General,Anillo de fuego,1,
Z4iBTf9Pr9RuNMzCtEjP,421,2025-12-12,Cliente General,Tope de flecha,2,
Z4iBTf9Pr9RuNMzCtEjP,421,2025-12-12,Cliente General,Balero 1616,2,
Z4iBTf9Pr9RuNMzCtEjP,421,2025-12-12,Cliente General,Piñon de retroceso,1,
Z4iBTf9Pr9RuNMzCtEjP,421,2025-12-12,Cliente General,Piñon doble,1,
Z4iBTf9Pr9RuNMzCtEjP,421,2025-12-12,Cliente General,Silicon gris,1,
Z4iBTf9Pr9RuNMzCtEjP,421,2025-12-12,Cliente General,Cable sin forro de clutch,1,
Z4iBTf9Pr9RuNMzCtEjP,421,2025-12-12,Cliente General,Filtro de aceite compact,1,
Z4iBTf9Pr9RuNMzCtEjP,421,2025-12-12,Cliente General,Aceite Repsol,2,
Z4iBTf9Pr9RuNMzCtEjP,421,2025-12-12,Cliente General,Bomba trasera,2,
Z4iBTf9Pr9RuNMzCtEjP,421,2025-12-12,Cliente General,Mano de obra,1,SERVICIO
Z7tE5PYEOqP6PWNbg6el,566,2026-02-26,Cliente General,Muleta derecha,1,
Z7tE5PYEOqP6PWNbg6el,566,2026-02-26,Cliente General,Kit de balero trasero,3,
Z7tE5PYEOqP6PWNbg6el,566,2026-02-26,Cliente General,Aceite Repsol,2,
Z7tE5PYEOqP6PWNbg6el,566,2026-02-26,Cliente General,Filtro de aceite compact,1,
Z7tE5PYEOqP6PWNbg6el,566,2026-02-26,Cliente General,Aceite de caja,1,
Z7tE5PYEOqP6PWNbg6el,566,2026-02-26,Cliente General,Llanta 4.00-8TT,2,
Z7tE5PYEOqP6PWNbg6el,566,2026-02-26,Cliente General,Gusano de clutch,2,
Z7tE5PYEOqP6PWNbg6el,566,2026-02-26,Cliente General,Filtro y empaque,2,
Z7tE5PYEOqP6PWNbg6el,566,2026-02-26,Cliente General,Balerina pequeña,1,
Z7tE5PYEOqP6PWNbg6el,566,2026-02-26,Cliente General,Cable de velocidad 175,1,
Z7tE5PYEOqP6PWNbg6el,566,2026-02-26,Cliente General,Mano de obra,1,SERVICIO
ZHyyt1jtCHuB7DnbgfvH,587,2026-03-10,Cliente General,Empaque de culata,2,
ZHyyt1jtCHuB7DnbgfvH,587,2026-03-10,Cliente General,Selector de retroceso,1,
ZHyyt1jtCHuB7DnbgfvH,587,2026-03-10,Cliente General,Piñon de retrocesp,1,
ZHyyt1jtCHuB7DnbgfvH,587,2026-03-10,Cliente General,Corona diferencial,1,
ZHyyt1jtCHuB7DnbgfvH,587,2026-03-10,Cliente General,Puente trasero,1,
ZHyyt1jtCHuB7DnbgfvH,587,2026-03-10,Cliente General,Mariposa,1,
ZHyyt1jtCHuB7DnbgfvH,587,2026-03-10,Cliente General,Kit de balero trasero,2,
ZHyyt1jtCHuB7DnbgfvH,587,2026-03-10,Cliente General,Kit de empaques 205,2,
ZHyyt1jtCHuB7DnbgfvH,587,2026-03-10,Cliente General,Piña multiple,1,
ZHyyt1jtCHuB7DnbgfvH,587,2026-03-10,Cliente General,Kit de dados,1,
ZHyyt1jtCHuB7DnbgfvH,587,2026-03-10,Cliente General,Cables de velocidad compac,2,
ZHyyt1jtCHuB7DnbgfvH,587,2026-03-10,Cliente General,Filtro compact,1,
ZHyyt1jtCHuB7DnbgfvH,587,2026-03-10,Cliente General,Bujia,1,
ZHyyt1jtCHuB7DnbgfvH,587,2026-03-10,Cliente General,Capuchon de bujia con cable,1,
ZiJmh4wQ0IVFTzXW4nY3,575,2026-03-04,Cliente General,Clutch completo,1,
ZiJmh4wQ0IVFTzXW4nY3,575,2026-03-04,Cliente General,Polvera grande,1,
ZiJmh4wQ0IVFTzXW4nY3,575,2026-03-04,Cliente General,Polvera Pequeña,1,
ZiJmh4wQ0IVFTzXW4nY3,575,2026-03-04,Cliente General,Aceite Repsol,2,
ZiJmh4wQ0IVFTzXW4nY3,575,2026-03-04,Cliente General,Filtro compact,1,
ZiJmh4wQ0IVFTzXW4nY3,575,2026-03-04,Cliente General,Empaque de clutch,5,
ZiJmh4wQ0IVFTzXW4nY3,575,2026-03-04,Cliente General,Switch de freno,1,
ZiJmh4wQ0IVFTzXW4nY3,575,2026-03-04,Cliente General,Bujia,1,
ZiJmh4wQ0IVFTzXW4nY3,575,2026-03-04,Cliente General,Mano de obra,1,SERVICIO
ZonFKO3MSX8iU5gMU3OR,530,2026-02-07,Cliente General,Filtro Compact,2,
ZonFKO3MSX8iU5gMU3OR,530,2026-02-07,Cliente General,Aceite Repsol,2,
ZonFKO3MSX8iU5gMU3OR,530,2026-02-07,Cliente General,Guardafango delantero,1,
ZonFKO3MSX8iU5gMU3OR,530,2026-02-07,Cliente General,Carburador nuevo BAJAJ,1,
ZonFKO3MSX8iU5gMU3OR,530,2026-02-07,Cliente General,Amortiguador trasero,1,
ZonFKO3MSX8iU5gMU3OR,530,2026-02-07,Cliente General,Mano de obra,1,SERVICIO
ZsvB227TjQp9SkbaJisO,485,2026-01-16,Cliente General,Kit de retenedores,1,
ZsvB227TjQp9SkbaJisO,485,2026-01-16,Cliente General,Filtro Compact,1,
ZsvB227TjQp9SkbaJisO,485,2026-01-16,Cliente General,Aceite Repsol,2,
ZsvB227TjQp9SkbaJisO,485,2026-01-16,Cliente General,Liquido de freno,1,
ZsvB227TjQp9SkbaJisO,485,2026-01-16,Cliente General,Filtro y empaque,1,
ZsvB227TjQp9SkbaJisO,485,2026-01-16,Cliente General,Silicon gris,1,
ZsvB227TjQp9SkbaJisO,485,2026-01-16,Cliente General,Tornillo de graduacion de freno,2,
ZsvB227TjQp9SkbaJisO,485,2026-01-16,Cliente General,Relay de star,1,
ZsvB227TjQp9SkbaJisO,485,2026-01-16,Cliente General,Pivot estandar Bajaj,1,
ZsvB227TjQp9SkbaJisO,485,2026-01-16,Cliente General,Mano de obra,1,SERVICIO
ZwQYA7V9G6osBxOeQBDw,456,2026-01-03,Cliente General,Filtro Compact,4,
ZwQYA7V9G6osBxOeQBDw,456,2026-01-03,Cliente General,Aceite Repsol,4,
ZwQYA7V9G6osBxOeQBDw,456,2026-01-03,Cliente General,Polvera grande,3,
ZwQYA7V9G6osBxOeQBDw,456,2026-01-03,Cliente General,Bujia,1,
ZwQYA7V9G6osBxOeQBDw,456,2026-01-03,Cliente General,Capuchon de bujia,1,
ZwQYA7V9G6osBxOeQBDw,456,2026-01-03,Cliente General,Kit de anillos 205,1,
ZwQYA7V9G6osBxOeQBDw,456,2026-01-03,Cliente General,Filtro y empaque,1,
ZwQYA7V9G6osBxOeQBDw,456,2026-01-03,Cliente General,Flecha pequeña,1,
ZwQYA7V9G6osBxOeQBDw,456,2026-01-03,Cliente General,Retenedor metalico,1,
ZwQYA7V9G6osBxOeQBDw,456,2026-01-03,Cliente General,Bomba trasera,1,
ZwQYA7V9G6osBxOeQBDw,456,2026-01-03,Cliente General,Mano de obra,1,SERVICIO
aFDoaLhMnI5VooPhpANX,366,2025-11-18,Cliente General,Amortiguador trasero,1,
aFDoaLhMnI5VooPhpANX,366,2025-11-18,Cliente General,Kit de balero trasero,1,
aFDoaLhMnI5VooPhpANX,366,2025-11-18,Cliente General,Tope de flecha,4,
aFDoaLhMnI5VooPhpANX,366,2025-11-18,Cliente General,Aceite Repsol,1,
aFDoaLhMnI5VooPhpANX,366,2025-11-18,Cliente General,Socket de 2 contactos,1,
aFDoaLhMnI5VooPhpANX,366,2025-11-18,Cliente General,Mano de obra,1,SERVICIO
aOClDAR8lPVaUNs7UBm6,576,2026-03-04,Cliente General,Polvera grande,2,
aOClDAR8lPVaUNs7UBm6,576,2026-03-04,Cliente General,Filtro compact,2,
aOClDAR8lPVaUNs7UBm6,576,2026-03-04,Cliente General,Aceite Repsol,4,
aOClDAR8lPVaUNs7UBm6,576,2026-03-04,Cliente General,Cigüeñal,1,
aOClDAR8lPVaUNs7UBm6,576,2026-03-04,Cliente General,Balero 6004,1,
aOClDAR8lPVaUNs7UBm6,576,2026-03-04,Cliente General,Balero 142216,1,
aOClDAR8lPVaUNs7UBm6,576,2026-03-04,Cliente General,Cruz de cambio,1,
aOClDAR8lPVaUNs7UBm6,576,2026-03-04,Cliente General,Tope de cigüeñal,1,
aOClDAR8lPVaUNs7UBm6,576,2026-03-04,Cliente General,Bomba de aceite,2,
aOClDAR8lPVaUNs7UBm6,576,2026-03-04,Cliente General,Anillo de fuego,1,
aOClDAR8lPVaUNs7UBm6,576,2026-03-04,Cliente General,Aceite Havoline,2,
aOClDAR8lPVaUNs7UBm6,576,2026-03-04,Cliente General,Adorno de stop compact,1,
aOClDAR8lPVaUNs7UBm6,576,2026-03-04,Cliente General,Aceite Castrol,2,
aQw1Z36gf48bxF1q9tGt,560,2026-02-24,Cliente General,Bomba trasera,1,
aQw1Z36gf48bxF1q9tGt,560,2026-02-24,Cliente General,Filtro y empaque,3,
aQw1Z36gf48bxF1q9tGt,560,2026-02-24,Cliente General,Filtro Compact,2,
aQw1Z36gf48bxF1q9tGt,560,2026-02-24,Cliente General,Aceite Repsol,4,
aQw1Z36gf48bxF1q9tGt,560,2026-02-24,Cliente General,Bujin de muleta,4,
aQw1Z36gf48bxF1q9tGt,560,2026-02-24,Cliente General,Cilindro 205,1,
aQw1Z36gf48bxF1q9tGt,560,2026-02-24,Cliente General,Pivot,1,
aQw1Z36gf48bxF1q9tGt,560,2026-02-24,Cliente General,Pito helan,1,
aQw1Z36gf48bxF1q9tGt,560,2026-02-24,Cliente General,Base de gusano,1,
aQw1Z36gf48bxF1q9tGt,560,2026-02-24,Cliente General,Gusano de clutch,1,
aQw1Z36gf48bxF1q9tGt,560,2026-02-24,Cliente General,Mano de obra,1,SERVICIO
ak3YMT1Ulf39sb19RtSI,666,2026-04-17,Cliente General,Filtro compact,1,
ak3YMT1Ulf39sb19RtSI,666,2026-04-17,Cliente General,Aceite Repsol,2,
ak3YMT1Ulf39sb19RtSI,666,2026-04-17,Cliente General,Bomba trasera,1,
ak3YMT1Ulf39sb19RtSI,666,2026-04-17,Cliente General,Pivot estandar compact,1,
ak3YMT1Ulf39sb19RtSI,666,2026-04-17,Cliente General,Prensa cable,1,
ak3YMT1Ulf39sb19RtSI,666,2026-04-17,Cliente General,Cable de clutch compact,1,
ak3YMT1Ulf39sb19RtSI,666,2026-04-17,Cliente General,Aceite 140,1,
ak3YMT1Ulf39sb19RtSI,666,2026-04-17,Cliente General,Silicon gris,1,
ak3YMT1Ulf39sb19RtSI,666,2026-04-17,Cliente General,Capuchon de bujia RH,1,
ak3YMT1Ulf39sb19RtSI,666,2026-04-17,Cliente General,Capuchon de bujia LH,1,
ak3YMT1Ulf39sb19RtSI,666,2026-04-17,Cliente General,Seguro de eje,2,
ak3YMT1Ulf39sb19RtSI,666,2026-04-17,Cliente General,Tuerca de eje,2,
ak3YMT1Ulf39sb19RtSI,666,2026-04-17,Cliente General,Mano de obra,1,SERVICIO
akGry5aca0blMboV5JX9,704,2026-05-05,Cliente General,Baquelitas delantera RH,1,Rath7wvbVTJPjCXN47cd
akGry5aca0blMboV5JX9,704,2026-05-05,Cliente General,Balero JV188,1,7686NfUEs6GPTMrmhZwg
akGry5aca0blMboV5JX9,704,2026-05-05,Cliente General,Bomba central de freno Bajaj,1,R6VMwrhKBYThIJQdiByt
akGry5aca0blMboV5JX9,704,2026-05-05,Cliente General,Balero 6004,1,gRpoTQoWiS3VAFyJFcBa
akGry5aca0blMboV5JX9,704,2026-05-05,Cliente General,Aceite REPSOL 20W50 1000ml,2,MxZYt471Hv0ZhT0oI8gt
akGry5aca0blMboV5JX9,704,2026-05-05,Cliente General,Bujia Compact BAJAJ,2,dXBTYOx1ogaUSNzboHSd
akGry5aca0blMboV5JX9,704,2026-05-05,Cliente General,Bujias Bajaj,4,n1To2anUCjTwfW21M0Bi
akGry5aca0blMboV5JX9,704,2026-05-05,Cliente General,Bujin de masa delantera,2,15n9GwwRsHxYK9Poh8fN
awJNdsfLiMt69KolvBQG,623,2026-03-28,Cliente General,Liquido de frenos,2,
awJNdsfLiMt69KolvBQG,623,2026-03-28,Cliente General,Bomba trasera,1,
awJNdsfLiMt69KolvBQG,623,2026-03-28,Cliente General,Llanta 4.00x8,1,
awJNdsfLiMt69KolvBQG,623,2026-03-28,Cliente General,Filtro y empaque,1,
awJNdsfLiMt69KolvBQG,623,2026-03-28,Cliente General,Bomba de aceite,1,
awJNdsfLiMt69KolvBQG,623,2026-03-28,Cliente General,Tuerca de prensa,1,
awJNdsfLiMt69KolvBQG,623,2026-03-28,Cliente General,Empaque de freno trasero,2,
awJNdsfLiMt69KolvBQG,623,2026-03-28,Cliente General,Filtro compact,2,
ay4wUZGe4zKM0SPiA8p6,430,2025-12-17,Cliente General,Aceite Repsol,4,
ay4wUZGe4zKM0SPiA8p6,430,2025-12-17,Cliente General,Cable sin forro de clutch,1,
ay4wUZGe4zKM0SPiA8p6,430,2025-12-17,Cliente General,Gusano de clutch,1,
ay4wUZGe4zKM0SPiA8p6,430,2025-12-17,Cliente General,Bujia,1,
ay4wUZGe4zKM0SPiA8p6,430,2025-12-17,Cliente General,Capuchon de bujia,1,
ay4wUZGe4zKM0SPiA8p6,430,2025-12-17,Cliente General,Mano de obra,1,SERVICIO
b1bzNkWZEQZGfO50BpMX,684,2026-04-30,Cliente General,Tornillo de manecilla,1,
b1bzNkWZEQZGfO50BpMX,684,2026-04-30,Cliente General,Bomba central Compact,1,
b1bzNkWZEQZGfO50BpMX,684,2026-04-30,Cliente General,Liquido de freno,1,
b1bzNkWZEQZGfO50BpMX,684,2026-04-30,Cliente General,Filtro compact,2,
b1bzNkWZEQZGfO50BpMX,684,2026-04-30,Cliente General,Aceite Repsol,2,
b1bzNkWZEQZGfO50BpMX,684,2026-04-30,Cliente General,Bujias compact,2,
b1bzNkWZEQZGfO50BpMX,684,2026-04-30,Cliente General,Mano de obra,1,SERVICIO
bT3jPLHolkIXkmexIxYk,688,2026-05-02,Cliente General,Aceite HAVOLINE 20W50 1000ml,1,xLianJA09yo8R7gurOM0
bT3jPLHolkIXkmexIxYk,688,2026-05-02,Cliente General,Empaque de freno trasero,2,c3VvKk2OXo2CU9FKbg6e
bT3jPLHolkIXkmexIxYk,688,2026-05-02,Cliente General,Pivot,1,ezNs4lrtDn35wJ0iV0tN
bT3jPLHolkIXkmexIxYk,688,2026-05-02,Cliente General,Soporte cargador central,1,gM6mkYzhDmjxVHM7wf0h
bT3jPLHolkIXkmexIxYk,688,2026-05-02,Cliente General,Foco silvin,1,XqSsL3cmMNXMc30h6lYb
bT3jPLHolkIXkmexIxYk,688,2026-05-02,Cliente General,Cable de clutch nuevo Bajaj,1,YOrVSh8ETDwxtBnSdzwi
bT3jPLHolkIXkmexIxYk,688,2026-05-02,Cliente General,Filtro de aceite compact,1,46jf95e2CO7XcCWDWq8v
bT3jPLHolkIXkmexIxYk,688,2026-05-02,Cliente General,Bujia Compact BAJAJ,2,dXBTYOx1ogaUSNzboHSd
bT3jPLHolkIXkmexIxYk,688,2026-05-02,Cliente General,Bomba trasera,1,k799vWanLuRNf04a2Fwn
bT3jPLHolkIXkmexIxYk,688,2026-05-02,Cliente General,Cambio de aceite,1,
bT3jPLHolkIXkmexIxYk,688,2026-05-02,Cliente General,Revisión de frenos,1,
bT3jPLHolkIXkmexIxYk,688,2026-05-02,Cliente General,Poner Bomba trasera,1,
bT3jPLHolkIXkmexIxYk,688,2026-05-02,Cliente General,Mano de Obra,1,
bUb3r7szeTP3NMLAvCwG,662,2026-04-16,Cliente General,Aceite Repsol,3,
bUb3r7szeTP3NMLAvCwG,662,2026-04-16,Cliente General,Bomba trasera,2,
bUb3r7szeTP3NMLAvCwG,662,2026-04-16,Cliente General,Amortiguador trasero,1,
bUb3r7szeTP3NMLAvCwG,662,2026-04-16,Cliente General,Filtro compact,3,
bUb3r7szeTP3NMLAvCwG,662,2026-04-16,Cliente General,Prensa cable,1,
bUb3r7szeTP3NMLAvCwG,662,2026-04-16,Cliente General,Grasera,2,
bUb3r7szeTP3NMLAvCwG,662,2026-04-16,Cliente General,Guardafango trasero,1,
bUb3r7szeTP3NMLAvCwG,662,2026-04-16,Cliente General,Retenedor metalico,2,
bUb3r7szeTP3NMLAvCwG,662,2026-04-16,Cliente General,Lodera de hule,2,
bUb3r7szeTP3NMLAvCwG,662,2026-04-16,Cliente General,Mano de obra,1,SERVICIO
bW16vB3EwPMiTB6H7Zh4,344,2025-11-08,Cliente General,Kit de valvulas 205,1,
bW16vB3EwPMiTB6H7Zh4,344,2025-11-08,Cliente General,Filtro y empaque 175,2,
bW16vB3EwPMiTB6H7Zh4,344,2025-11-08,Cliente General,Capuchon de bujia,1,
bW16vB3EwPMiTB6H7Zh4,344,2025-11-08,Cliente General,Bujia,1,
bW16vB3EwPMiTB6H7Zh4,344,2025-11-08,Cliente General,Filtro de aceite compact,1,
bW16vB3EwPMiTB6H7Zh4,344,2025-11-08,Cliente General,Bomba trasera,1,
bW16vB3EwPMiTB6H7Zh4,344,2025-11-08,Cliente General,Aceite Repsol,2,
bW16vB3EwPMiTB6H7Zh4,344,2025-11-08,Cliente General,cable de velocidad sin forro,1,
bW16vB3EwPMiTB6H7Zh4,344,2025-11-08,Cliente General,Pidevia RH,1,
bW16vB3EwPMiTB6H7Zh4,344,2025-11-08,Cliente General,Cuarto de aceite 140,1,
bW16vB3EwPMiTB6H7Zh4,344,2025-11-08,Cliente General,Tornillo de graduacion BCB,2,
bW16vB3EwPMiTB6H7Zh4,344,2025-11-08,Cliente General,Cable de clutch sin forro,1,
bXPzoSzi8FgzgOZZW64C,554,2026-02-20,Cliente General,Aceite Havoline,2,
bXPzoSzi8FgzgOZZW64C,554,2026-02-20,Cliente General,Filtro Compact,3,
bXPzoSzi8FgzgOZZW64C,554,2026-02-20,Cliente General,Aceite Repsol,4,
bXPzoSzi8FgzgOZZW64C,554,2026-02-20,Cliente General,Cable de velocidad compact,1,
bXPzoSzi8FgzgOZZW64C,554,2026-02-20,Cliente General,Bomba trasera,2,
bXPzoSzi8FgzgOZZW64C,554,2026-02-20,Cliente General,Pivot,1,
bXPzoSzi8FgzgOZZW64C,554,2026-02-20,Cliente General,Liquido de freno,1,
bXPzoSzi8FgzgOZZW64C,554,2026-02-20,Cliente General,Cable de clutch nuevo,1,
bXPzoSzi8FgzgOZZW64C,554,2026-02-20,Cliente General,Filtro y empaque,4,
bcMsWp7cJOONNoq1voZq,522,2026-02-04,Cliente General,Aceite Repsol,4,
bcMsWp7cJOONNoq1voZq,522,2026-02-04,Cliente General,Filtro Compact,2,
bcMsWp7cJOONNoq1voZq,522,2026-02-04,Cliente General,Bomba trasera,1,
bcMsWp7cJOONNoq1voZq,522,2026-02-04,Cliente General,Liquido de freno,1,
bcMsWp7cJOONNoq1voZq,522,2026-02-04,Cliente General,Cable de clutch sin forro,2,
bcMsWp7cJOONNoq1voZq,522,2026-02-04,Cliente General,Silicon gris,2,
bcMsWp7cJOONNoq1voZq,522,2026-02-04,Cliente General,Socket de 2 contactos,1,
bcMsWp7cJOONNoq1voZq,522,2026-02-04,Cliente General,Stop completo RH 175,1,
bcMsWp7cJOONNoq1voZq,522,2026-02-04,Cliente General,Mano de obra,1,SERVICIO
bz4Q6xjelJsRyx9N4wZT,682,2026-04-29,Cliente General,focos de 2 contactos,10,
bz4Q6xjelJsRyx9N4wZT,682,2026-04-29,Cliente General,Aceite Repsol,1,
bz4Q6xjelJsRyx9N4wZT,682,2026-04-29,Cliente General,Bomba de aceite,1,
bz4Q6xjelJsRyx9N4wZT,682,2026-04-29,Cliente General,Empaque de clutch,1,
bz4Q6xjelJsRyx9N4wZT,682,2026-04-29,Cliente General,Filtro y empaque,1,
bz4Q6xjelJsRyx9N4wZT,682,2026-04-29,Cliente General,Anillos de fuego,1,
bz4Q6xjelJsRyx9N4wZT,682,2026-04-29,Cliente General,Socket de 2 contactos,1,
bz4Q6xjelJsRyx9N4wZT,682,2026-04-29,Cliente General,Aceite 140,1,
bz4Q6xjelJsRyx9N4wZT,682,2026-04-29,Cliente General,mariposas,2,
c6JG3yPTnThWZUEOY0Dv,578,2026-03-05,Cliente General,Aceite 140,1,
c6JG3yPTnThWZUEOY0Dv,578,2026-03-05,Cliente General,Cable de clutch compact,1,
c6JG3yPTnThWZUEOY0Dv,578,2026-03-05,Cliente General,Motor limpiabrisas,1,
c6JG3yPTnThWZUEOY0Dv,578,2026-03-05,Cliente General,Eje de piña,1,
c6JG3yPTnThWZUEOY0Dv,578,2026-03-05,Cliente General,Empaque de cilindro,1,
c6JG3yPTnThWZUEOY0Dv,578,2026-03-05,Cliente General,Empaque de culata,1,
c6JG3yPTnThWZUEOY0Dv,578,2026-03-05,Cliente General,Filtro y empaque,4,
c6JG3yPTnThWZUEOY0Dv,578,2026-03-05,Cliente General,Graseras,3,
c6JG3yPTnThWZUEOY0Dv,578,2026-03-05,Cliente General,Liquido de frenos,1,
c6JG3yPTnThWZUEOY0Dv,578,2026-03-05,Cliente General,Aceite Repsol,2,
c6JG3yPTnThWZUEOY0Dv,578,2026-03-05,Cliente General,Bujin de masa delantera,2,
c6JG3yPTnThWZUEOY0Dv,578,2026-03-05,Cliente General,Gusano de clutch,3,
c6JG3yPTnThWZUEOY0Dv,578,2026-03-05,Cliente General,Mano de obra,1,SERVICIO
c7k6EaSffWcNEO2vMZn4,517,2026-01-31,Cliente General,Aceite Repsol,3,
c7k6EaSffWcNEO2vMZn4,517,2026-01-31,Cliente General,Filtro y empaque,3,
c7k6EaSffWcNEO2vMZn4,517,2026-01-31,Cliente General,Retenedor metalico,1,
c7k6EaSffWcNEO2vMZn4,517,2026-01-31,Cliente General,Bomba trasera,2,
c7k6EaSffWcNEO2vMZn4,517,2026-01-31,Cliente General,Silicon gris,1,
c7k6EaSffWcNEO2vMZn4,517,2026-01-31,Cliente General,Mano de obra,1,SERVICIO
c9HGVc1ufZlMNWfV6scj,369,2025-11-19,Cliente General,Aceite Repsol,2,
c9HGVc1ufZlMNWfV6scj,369,2025-11-19,Cliente General,Filtro de aceite compact,1,
c9HGVc1ufZlMNWfV6scj,369,2025-11-19,Cliente General,Cable de clutch viejo,1,
c9HGVc1ufZlMNWfV6scj,369,2025-11-19,Cliente General,Balerina pequeña,1,
c9HGVc1ufZlMNWfV6scj,369,2025-11-19,Cliente General,Bomba central de freno,1,
c9HGVc1ufZlMNWfV6scj,369,2025-11-19,Cliente General,Amortiguador delantero,1,
c9HGVc1ufZlMNWfV6scj,369,2025-11-19,Cliente General,Mano de obra,1,SERVICIO
cLzLPVw6enLY3XZSPuC2,459,2026-01-05,Cliente General,Filtro Compact,2,
cLzLPVw6enLY3XZSPuC2,459,2026-01-05,Cliente General,Aceite Repsol,2,
cLzLPVw6enLY3XZSPuC2,459,2026-01-05,Cliente General,Filtro y empaque,2,
cLzLPVw6enLY3XZSPuC2,459,2026-01-05,Cliente General,Grasera,1,
cLzLPVw6enLY3XZSPuC2,459,2026-01-05,Cliente General,Kit de balero trasero,1,
cLzLPVw6enLY3XZSPuC2,459,2026-01-05,Cliente General,Retenedor metalico,1,
cLzLPVw6enLY3XZSPuC2,459,2026-01-05,Cliente General,Llanta 4.00-8TT,1,
cLzLPVw6enLY3XZSPuC2,459,2026-01-05,Cliente General,Cadena de tiempo,1,
cLzLPVw6enLY3XZSPuC2,459,2026-01-05,Cliente General,Empaque de clutch,1,
cLzLPVw6enLY3XZSPuC2,459,2026-01-05,Cliente General,Bomba trasera,1,
cLzLPVw6enLY3XZSPuC2,459,2026-01-05,Cliente General,Polvera grande,1,
cLzLPVw6enLY3XZSPuC2,459,2026-01-05,Cliente General,Cable de velocidad sin forro,1,
cLzLPVw6enLY3XZSPuC2,459,2026-01-05,Cliente General,Capuchon de bujia,1,
cau4nFuDkgL26HnHWqZj,651,2026-04-11,Cliente General,Kit de dados,1,
cau4nFuDkgL26HnHWqZj,651,2026-04-11,Cliente General,Portafusibles,1,
cau4nFuDkgL26HnHWqZj,651,2026-04-11,Cliente General,Aceite Repsol,5,
cau4nFuDkgL26HnHWqZj,651,2026-04-11,Cliente General,Filtro compact,2,
cau4nFuDkgL26HnHWqZj,651,2026-04-11,Cliente General,Silicon gris,1,
cau4nFuDkgL26HnHWqZj,651,2026-04-11,Cliente General,Polvera grande,2,
cau4nFuDkgL26HnHWqZj,651,2026-04-11,Cliente General,Pin hueco,1,
cau4nFuDkgL26HnHWqZj,651,2026-04-11,Cliente General,Masa de arranque,1,
cau4nFuDkgL26HnHWqZj,651,2026-04-11,Cliente General,Mano de obra,1,SERVICIO
ccwBzagxfE3yM0CT5Llm,622,2026-03-28,Cliente General,Filtro compact,2,
ccwBzagxfE3yM0CT5Llm,622,2026-03-28,Cliente General,Gusano de clutch,1,
ccwBzagxfE3yM0CT5Llm,622,2026-03-28,Cliente General,Pivot,1,
ccwBzagxfE3yM0CT5Llm,622,2026-03-28,Cliente General,Aceite 140,1,
ccwBzagxfE3yM0CT5Llm,622,2026-03-28,Cliente General,Cable de clutch nuevo,1,
ccwBzagxfE3yM0CT5Llm,622,2026-03-28,Cliente General,Cable de clutch sin forro,1,
ccwBzagxfE3yM0CT5Llm,622,2026-03-28,Cliente General,Silicon gris,1,
ccwBzagxfE3yM0CT5Llm,622,2026-03-28,Cliente General,Bomba trasera,1,
ccwBzagxfE3yM0CT5Llm,622,2026-03-28,Cliente General,Liquido de frenos,1,
ccwBzagxfE3yM0CT5Llm,622,2026-03-28,Cliente General,Mano de obra,1,SERVICIO
cszy8O3Eqz9MokpDfdSM,346,2025-11-10,Cliente General,Filtro de aceite compact,2,
cszy8O3Eqz9MokpDfdSM,346,2025-11-10,Cliente General,Filtro y empaque 175,2,
cszy8O3Eqz9MokpDfdSM,346,2025-11-10,Cliente General,Aceite Repsol,2,
cszy8O3Eqz9MokpDfdSM,346,2025-11-10,Cliente General,cable de velocidad,2,
cszy8O3Eqz9MokpDfdSM,346,2025-11-10,Cliente General,Kit de dados,1,
cszy8O3Eqz9MokpDfdSM,346,2025-11-10,Cliente General,Tope de flecha,4,
cszy8O3Eqz9MokpDfdSM,346,2025-11-10,Cliente General,Liquido de frenos,1,
cszy8O3Eqz9MokpDfdSM,346,2025-11-10,Cliente General,Gusanos de Clutch,1,
cszy8O3Eqz9MokpDfdSM,346,2025-11-10,Cliente General,Bomba trasera,1,
cszy8O3Eqz9MokpDfdSM,346,2025-11-10,Cliente General,Cable de clutch sin forro,1,
cszy8O3Eqz9MokpDfdSM,346,2025-11-10,Cliente General,Cuarto de aceite Havoline,1,
cszy8O3Eqz9MokpDfdSM,346,2025-11-10,Cliente General,Tuberia enrollada delantera,1,
cszy8O3Eqz9MokpDfdSM,346,2025-11-10,Cliente General,Mano de obra,1,SERVICIO
cyvfS3BQ46FjYT9VSjfp,495,2026-01-22,Cliente General,Selector de velocidad,1,
cyvfS3BQ46FjYT9VSjfp,495,2026-01-22,Cliente General,Filtro y empaque,2,
cyvfS3BQ46FjYT9VSjfp,495,2026-01-22,Cliente General,Copa pequeña,1,
cyvfS3BQ46FjYT9VSjfp,495,2026-01-22,Cliente General,Kit de dados,1,
cyvfS3BQ46FjYT9VSjfp,495,2026-01-22,Cliente General,Polvera grande,2,
cyvfS3BQ46FjYT9VSjfp,495,2026-01-22,Cliente General,Polvera pequeña,1,
cyvfS3BQ46FjYT9VSjfp,495,2026-01-22,Cliente General,Tope de flecha,3,
cyvfS3BQ46FjYT9VSjfp,495,2026-01-22,Cliente General,Bujia,1,
cyvfS3BQ46FjYT9VSjfp,495,2026-01-22,Cliente General,Aceite Repsol,2,
cyvfS3BQ46FjYT9VSjfp,495,2026-01-22,Cliente General,Anillo de fuego,1,
cyvfS3BQ46FjYT9VSjfp,495,2026-01-22,Cliente General,Bomba trasera,1,
cyvfS3BQ46FjYT9VSjfp,495,2026-01-22,Cliente General,Retenedor metalico,1,
cyvfS3BQ46FjYT9VSjfp,495,2026-01-22,Cliente General,Balero 6904,1,
cyvfS3BQ46FjYT9VSjfp,495,2026-01-22,Cliente General,Balero 4906,1,
d4tCxX4DuVRl4iBawWbE,548,2026-02-18,Cliente General,Aceite Repsol,2,
d4tCxX4DuVRl4iBawWbE,548,2026-02-18,Cliente General,Filtro Compact,1,
d4tCxX4DuVRl4iBawWbE,548,2026-02-18,Cliente General,Tope de flecha,4,
d4tCxX4DuVRl4iBawWbE,548,2026-02-18,Cliente General,Aceite Havoline,2,
d4tCxX4DuVRl4iBawWbE,548,2026-02-18,Cliente General,Tapadera de ventilador grande,1,
d4tCxX4DuVRl4iBawWbE,548,2026-02-18,Cliente General,Capuchon de bujia,1,
d4tCxX4DuVRl4iBawWbE,548,2026-02-18,Cliente General,Muleta derecha,1,
d4tCxX4DuVRl4iBawWbE,548,2026-02-18,Cliente General,Eje trasero,1,
d4tCxX4DuVRl4iBawWbE,548,2026-02-18,Cliente General,Copa pequeña,1,
d4tCxX4DuVRl4iBawWbE,548,2026-02-18,Cliente General,Kit de balero trasero,1,
d4tCxX4DuVRl4iBawWbE,548,2026-02-18,Cliente General,Tornillo de  muleta,1,
d4tCxX4DuVRl4iBawWbE,548,2026-02-18,Cliente General,Mano de obra,1,SERVICIO
deGOKosfwKwN87f5Q90D,536,2026-02-11,Cliente General,Pivot estandar compact,1,
deGOKosfwKwN87f5Q90D,536,2026-02-11,Cliente General,Filtro y empaque,1,
deGOKosfwKwN87f5Q90D,536,2026-02-11,Cliente General,Filtro Compact,2,
deGOKosfwKwN87f5Q90D,536,2026-02-11,Cliente General,Cable de velocidad,1,
deGOKosfwKwN87f5Q90D,536,2026-02-11,Cliente General,Aceite Castrol,2,
deGOKosfwKwN87f5Q90D,536,2026-02-11,Cliente General,Mano de obra,1,SERVICIO
dhirEZb3JBJHCdXIWzrZ,476,2026-01-12,Cliente General,Aceite Repsol,2,
dhirEZb3JBJHCdXIWzrZ,476,2026-01-12,Cliente General,Filtro Compact,1,
dhirEZb3JBJHCdXIWzrZ,476,2026-01-12,Cliente General,Bomba de aceite,1,
dhirEZb3JBJHCdXIWzrZ,476,2026-01-12,Cliente General,Gusano de clutch,1,
dhirEZb3JBJHCdXIWzrZ,476,2026-01-12,Cliente General,Cable de clutch sin forro,1,
dhirEZb3JBJHCdXIWzrZ,476,2026-01-12,Cliente General,Filtro y empaque,1,
dhirEZb3JBJHCdXIWzrZ,476,2026-01-12,Cliente General,Pivot,1,
dhirEZb3JBJHCdXIWzrZ,476,2026-01-12,Cliente General,Bujia,1,
dhirEZb3JBJHCdXIWzrZ,476,2026-01-12,Cliente General,Mano de obra,1,SERVICIO
dmPbC7ecGjjL03rL0oJF,675,2026-04-23,Cliente General,Liquido de freno,2,
dmPbC7ecGjjL03rL0oJF,675,2026-04-23,Cliente General,Bomba trasera,2,
dmPbC7ecGjjL03rL0oJF,675,2026-04-23,Cliente General,Relay de start,1,
dmPbC7ecGjjL03rL0oJF,675,2026-04-23,Cliente General,Gusano de clutch,1,
dmPbC7ecGjjL03rL0oJF,675,2026-04-23,Cliente General,Mano de obra,1,SERVICIO
eEW4lN0puxwxC7wNtB3k,333,2025-11-03,Cliente General,Cables de clutch compact,2,
eEW4lN0puxwxC7wNtB3k,333,2025-11-03,Cliente General,Socket de 2 contactos,2,
eEW4lN0puxwxC7wNtB3k,333,2025-11-03,Cliente General,Bomba trasera,1,
eEW4lN0puxwxC7wNtB3k,333,2025-11-03,Cliente General,Loderas de hule,2,
eEW4lN0puxwxC7wNtB3k,333,2025-11-03,Cliente General,Liquido de frenos,1,
eEW4lN0puxwxC7wNtB3k,333,2025-11-03,Cliente General,Bujia,1,
eEW4lN0puxwxC7wNtB3k,333,2025-11-03,Cliente General,Cable de velocidad,1,
eEW4lN0puxwxC7wNtB3k,333,2025-11-03,Cliente General,Aceite Repsol,2,
eEW4lN0puxwxC7wNtB3k,333,2025-11-03,Cliente General,Stop completo Compact RH,1,
eEW4lN0puxwxC7wNtB3k,333,2025-11-03,Cliente General,Stop completo Compact LH,1,
eEW4lN0puxwxC7wNtB3k,333,2025-11-03,Cliente General,Covertor trasero de stop RH 175,2,
eEW4lN0puxwxC7wNtB3k,333,2025-11-03,Cliente General,Cable de clutch sin forro,1,
eEW4lN0puxwxC7wNtB3k,333,2025-11-03,Cliente General,Masa de arranque VARROC,1,
eEW4lN0puxwxC7wNtB3k,333,2025-11-03,Cliente General,Mano de obra,1,SERVICIO
eEZtwmRZJCE7R4qVhI9V,394,2025-12-01,Cliente General,Havoline,2,
eEZtwmRZJCE7R4qVhI9V,394,2025-12-01,Cliente General,Filtro y empaque 175,1,
eEZtwmRZJCE7R4qVhI9V,394,2025-12-01,Cliente General,Cable de velocidad,2,
eEZtwmRZJCE7R4qVhI9V,394,2025-12-01,Cliente General,Eje trasero,1,
eEZtwmRZJCE7R4qVhI9V,394,2025-12-01,Cliente General,Kit de balero trasero,1,
eEZtwmRZJCE7R4qVhI9V,394,2025-12-01,Cliente General,Retenedor metalico,1,
eEZtwmRZJCE7R4qVhI9V,394,2025-12-01,Cliente General,Cable de acelerador nuevo Bajaj,1,
eEZtwmRZJCE7R4qVhI9V,394,2025-12-01,Cliente General,Graseras,2,
eEZtwmRZJCE7R4qVhI9V,394,2025-12-01,Cliente General,Cable de clutch nuevo Bajaj,1,
eEZtwmRZJCE7R4qVhI9V,394,2025-12-01,Cliente General,Bobina de alta,1,
eEZtwmRZJCE7R4qVhI9V,394,2025-12-01,Cliente General,Mano de obra,1,SERVICIO
eNCNI0TYfRDw75qu8mGD,693,2026-05-04,Cliente General,Empaque de freno trasero,1,c3VvKk2OXo2CU9FKbg6e
eNCNI0TYfRDw75qu8mGD,693,2026-05-04,Cliente General,Aceite HAVOLINE 20W50 1000ml,2,xLianJA09yo8R7gurOM0
eNCNI0TYfRDw75qu8mGD,693,2026-05-04,Cliente General,Kit de sellos de valvulas,1,KfBkeFOQXg721pQ3UKkP
eNCNI0TYfRDw75qu8mGD,693,2026-05-04,Cliente General,Balero 142216 Bajaj,1,R1VHNEPKjx63H9Erw4zq
eNCNI0TYfRDw75qu8mGD,693,2026-05-04,Cliente General,Eje de leva,1,lioqBR0VocC0wOxG8F5A
eNCNI0TYfRDw75qu8mGD,693,2026-05-04,Cliente General,Balero 16007 Bajaj,1,qBfcZREXPI7h4CA4Vb7J
eNCNI0TYfRDw75qu8mGD,693,2026-05-04,Cliente General,Corona diferencial 175,1,LoYJ56aWuB58ZWE6LvVm
eNCNI0TYfRDw75qu8mGD,693,2026-05-04,Cliente General,Planetario grande,2,hQn9w1dwh9vxsPJiYw4t
eNCNI0TYfRDw75qu8mGD,693,2026-05-04,Cliente General,Satelite pequeño,2,SKbFkzhgw0pfT7zkVyuc
eNCNI0TYfRDw75qu8mGD,693,2026-05-04,Cliente General,Pin de satelite grande,1,FU3r3zYle6H1cUR6mA0y
eNCNI0TYfRDw75qu8mGD,693,2026-05-04,Cliente General,Tope de flecha,2,JWSujng8noxUgEfwmLNN
eNCNI0TYfRDw75qu8mGD,693,2026-05-04,Cliente General,Pivot,1,ezNs4lrtDn35wJ0iV0tN
eNCNI0TYfRDw75qu8mGD,693,2026-05-04,Cliente General,Cadena de tiempo,1,JZbT4ZE0Bw5Ll8PciVsb
eNCNI0TYfRDw75qu8mGD,693,2026-05-04,Cliente General,Mano de Obra,1,
eSIvMpjLZCrQcgY0fqvK,573,2026-03-02,Cliente General,Tope de flecha,2,
eSIvMpjLZCrQcgY0fqvK,573,2026-03-02,Cliente General,Tensor de cadena,1,
eSIvMpjLZCrQcgY0fqvK,573,2026-03-02,Cliente General,Gusano de clutch,1,
eSIvMpjLZCrQcgY0fqvK,573,2026-03-02,Cliente General,Switch de neutro,1,
eSIvMpjLZCrQcgY0fqvK,573,2026-03-02,Cliente General,Filtro compact,2,
eSIvMpjLZCrQcgY0fqvK,573,2026-03-02,Cliente General,Aceite Repsol,3,
eSIvMpjLZCrQcgY0fqvK,573,2026-03-02,Cliente General,Liquido de frenos,1,
eSIvMpjLZCrQcgY0fqvK,573,2026-03-02,Cliente General,Aceite 140,1,
eSIvMpjLZCrQcgY0fqvK,573,2026-03-02,Cliente General,Silicon gris,1,
eSIvMpjLZCrQcgY0fqvK,573,2026-03-02,Cliente General,Mano de obra,1,SERVICIO
fCraqZ5qh2h7QpWs6AXJ,529,2026-02-07,Cliente General,Empaque de cilindro,1,
fCraqZ5qh2h7QpWs6AXJ,529,2026-02-07,Cliente General,Empaque de culata,1,
fCraqZ5qh2h7QpWs6AXJ,529,2026-02-07,Cliente General,Kit de sello de valvulas,1,
fCraqZ5qh2h7QpWs6AXJ,529,2026-02-07,Cliente General,Selector de velocidad,1,
fCraqZ5qh2h7QpWs6AXJ,529,2026-02-07,Cliente General,Terminal de bateria par,1,
fCraqZ5qh2h7QpWs6AXJ,529,2026-02-07,Cliente General,Pivot,1,
fCraqZ5qh2h7QpWs6AXJ,529,2026-02-07,Cliente General,Filtro Compact,2,
fCraqZ5qh2h7QpWs6AXJ,529,2026-02-07,Cliente General,Empaque de freno trasero,1,
fCraqZ5qh2h7QpWs6AXJ,529,2026-02-07,Cliente General,Aceite Repsol,2,
fCraqZ5qh2h7QpWs6AXJ,529,2026-02-07,Cliente General,Filtro y empaque,1,
fCraqZ5qh2h7QpWs6AXJ,529,2026-02-07,Cliente General,Balero 6004,1,
fCraqZ5qh2h7QpWs6AXJ,529,2026-02-07,Cliente General,Balero 142216,1,
fCraqZ5qh2h7QpWs6AXJ,529,2026-02-07,Cliente General,Balero 1616,1,
fCraqZ5qh2h7QpWs6AXJ,529,2026-02-07,Cliente General,Espaciador de cigüeñal,1,
fP2qwAr3wR7f6g3jWWMI,497,2026-01-23,Cliente General,Cable de velocidad,2,
fP2qwAr3wR7f6g3jWWMI,497,2026-01-23,Cliente General,Bomba central compac,1,
fP2qwAr3wR7f6g3jWWMI,497,2026-01-23,Cliente General,Liquido de freno,2,
fP2qwAr3wR7f6g3jWWMI,497,2026-01-23,Cliente General,Filtro Compact,1,
fP2qwAr3wR7f6g3jWWMI,497,2026-01-23,Cliente General,Aceite Repsol,2,
fP2qwAr3wR7f6g3jWWMI,497,2026-01-23,Cliente General,Planta sola,1,
fP2qwAr3wR7f6g3jWWMI,497,2026-01-23,Cliente General,Mano de obra,1,SERVICIO
fQPrefdrjSbbEYl055X1,413,2025-12-09,Cliente General,Bomba trasera,1,
fQPrefdrjSbbEYl055X1,413,2025-12-09,Cliente General,Cruz de cambio,1,
fQPrefdrjSbbEYl055X1,413,2025-12-09,Cliente General,Balero 6004,1,
fQPrefdrjSbbEYl055X1,413,2025-12-09,Cliente General,Anillo de fuego,1,
fQPrefdrjSbbEYl055X1,413,2025-12-09,Cliente General,Socket de 2 contactos,2,
fQPrefdrjSbbEYl055X1,413,2025-12-09,Cliente General,Retenedor metalico,2,
fQPrefdrjSbbEYl055X1,413,2025-12-09,Cliente General,Portafusible,1,
fQPrefdrjSbbEYl055X1,413,2025-12-09,Cliente General,Cadena de tiempo,1,
fQPrefdrjSbbEYl055X1,413,2025-12-09,Cliente General,Balero 1616,1,
fQPrefdrjSbbEYl055X1,413,2025-12-09,Cliente General,Kit de retenedores,1,
fQPrefdrjSbbEYl055X1,413,2025-12-09,Cliente General,Kit de empaque 205,1,
fQPrefdrjSbbEYl055X1,413,2025-12-09,Cliente General,Eje trasero,1,
fQPrefdrjSbbEYl055X1,413,2025-12-09,Cliente General,Kit de balero trasero,1,
fQPrefdrjSbbEYl055X1,413,2025-12-09,Cliente General,Clutch completo,1,
ftDfoMSr6Uz9Z5dSBiUU,390,2025-11-19,Cliente General,Aceite Repsol,4,
ftDfoMSr6Uz9Z5dSBiUU,390,2025-11-19,Cliente General,Filtro de aceite compact,2,
ftDfoMSr6Uz9Z5dSBiUU,390,2025-11-19,Cliente General,Cuarto de aceite 140,1,
ftDfoMSr6Uz9Z5dSBiUU,390,2025-11-19,Cliente General,Gusano de clutch,1,
ftDfoMSr6Uz9Z5dSBiUU,390,2025-11-19,Cliente General,Amortiguador delantero,1,
ftDfoMSr6Uz9Z5dSBiUU,390,2025-11-19,Cliente General,Cable de clutch compact,1,
ftDfoMSr6Uz9Z5dSBiUU,390,2025-11-19,Cliente General,Filtro y empaque 175,1,
ftDfoMSr6Uz9Z5dSBiUU,390,2025-11-19,Cliente General,Motor de arranque 175,1,
ftDfoMSr6Uz9Z5dSBiUU,390,2025-11-19,Cliente General,Anillo de fuego,1,
ftDfoMSr6Uz9Z5dSBiUU,390,2025-11-19,Cliente General,Bomba trasera,1,
ftDfoMSr6Uz9Z5dSBiUU,390,2025-11-19,Cliente General,Socket de 2 contactos,1,
ftDfoMSr6Uz9Z5dSBiUU,390,2025-11-19,Cliente General,Cuarto de aceite Havoline,2,
ftDfoMSr6Uz9Z5dSBiUU,390,2025-11-19,Cliente General,Mano de obra,1,SERVICIO
ftjw9dDhDB4XYdSuFtx4,506,2026-01-27,Cliente General,Filtro Compact,1,
ftjw9dDhDB4XYdSuFtx4,506,2026-01-27,Cliente General,Aceite Repsol,4,
ftjw9dDhDB4XYdSuFtx4,506,2026-01-27,Cliente General,Pivot,2,
ftjw9dDhDB4XYdSuFtx4,506,2026-01-27,Cliente General,Tensor de cadena,1,
ftjw9dDhDB4XYdSuFtx4,506,2026-01-27,Cliente General,Bomba central bajaj,1,
ftjw9dDhDB4XYdSuFtx4,506,2026-01-27,Cliente General,Filtro y empaque,1,
ftjw9dDhDB4XYdSuFtx4,506,2026-01-27,Cliente General,Mariposas bajaj,2,
ftjw9dDhDB4XYdSuFtx4,506,2026-01-27,Cliente General,Socket de 2 contactos,1,
ftjw9dDhDB4XYdSuFtx4,506,2026-01-27,Cliente General,filtro de aire sin maya,1,
ftjw9dDhDB4XYdSuFtx4,506,2026-01-27,Cliente General,Mano de obra,1,SERVICIO
gBlC9TuzyVzzVLGP7OHw,670,2026-04-20,Cliente General,Filtro y empaque,1,
gBlC9TuzyVzzVLGP7OHw,670,2026-04-20,Cliente General,Filtro compact,1,
gBlC9TuzyVzzVLGP7OHw,670,2026-04-20,Cliente General,Aceite Repsol,2,
gBlC9TuzyVzzVLGP7OHw,670,2026-04-20,Cliente General,Base de gusano de metal,1,
gBlC9TuzyVzzVLGP7OHw,670,2026-04-20,Cliente General,Bayoneta de nivel de aceite blanco,1,
gBlC9TuzyVzzVLGP7OHw,670,2026-04-20,Cliente General,Aro ancho 4.00x8,2,
gBlC9TuzyVzzVLGP7OHw,670,2026-04-20,Cliente General,Plato para aro cromado Shakti,1,
gBlC9TuzyVzzVLGP7OHw,670,2026-04-20,Cliente General,Mano de obra,1,SERVICIO
gV78Bs5qal6mnko7KNTo,549,2026-02-19,Cliente General,Aceite Havoline,1,
gV78Bs5qal6mnko7KNTo,549,2026-02-19,Cliente General,Grasera,2,
gV78Bs5qal6mnko7KNTo,549,2026-02-19,Cliente General,Amortiguador delantero,1,
gV78Bs5qal6mnko7KNTo,549,2026-02-19,Cliente General,Polvera grande,1,
gV78Bs5qal6mnko7KNTo,549,2026-02-19,Cliente General,Tope de flecha,4,
gV78Bs5qal6mnko7KNTo,549,2026-02-19,Cliente General,Cable de clutch sin forro,1,
gV78Bs5qal6mnko7KNTo,549,2026-02-19,Cliente General,Aceite Repsol,2,
gV78Bs5qal6mnko7KNTo,549,2026-02-19,Cliente General,Filtro y empaque,1,
gV78Bs5qal6mnko7KNTo,549,2026-02-19,Cliente General,Silicon gris,1,
gV78Bs5qal6mnko7KNTo,549,2026-02-19,Cliente General,Mano de obra,1,SERVICIO
ghhvXmsvLODggdYWQAHn,625,2026-03-30,Cliente General,Filtro compact,2,
ghhvXmsvLODggdYWQAHn,625,2026-03-30,Cliente General,Bomba trasera,1,
ghhvXmsvLODggdYWQAHn,625,2026-03-30,Cliente General,Motor de arranque 175,1,
ghhvXmsvLODggdYWQAHn,625,2026-03-30,Cliente General,Anillo de fuego,1,
ghhvXmsvLODggdYWQAHn,625,2026-03-30,Cliente General,Kit de resorte de frenos,1,
ghhvXmsvLODggdYWQAHn,625,2026-03-30,Cliente General,Aceite 140,1,
ghhvXmsvLODggdYWQAHn,625,2026-03-30,Cliente General,Mano de obra,1,SERVICIO
ghojVZQmaWAhC7lqM9vH,630,2026-04-01,Cliente General,Amortiguador delantero,1,
ghojVZQmaWAhC7lqM9vH,630,2026-04-01,Cliente General,Aro ancho 4.00x8,2,
ghojVZQmaWAhC7lqM9vH,630,2026-04-01,Cliente General,Balero 6004,1,
ghojVZQmaWAhC7lqM9vH,630,2026-04-01,Cliente General,Balero 6904,1,
ghojVZQmaWAhC7lqM9vH,630,2026-04-01,Cliente General,Balero 4906,1,
ghojVZQmaWAhC7lqM9vH,630,2026-04-01,Cliente General,Bomba central 2015,1,
ghojVZQmaWAhC7lqM9vH,630,2026-04-01,Cliente General,Bomba trasera,1,
ghojVZQmaWAhC7lqM9vH,630,2026-04-01,Cliente General,Boton de star,1,
ghojVZQmaWAhC7lqM9vH,630,2026-04-01,Cliente General,Bujias bajaj,2,
ghojVZQmaWAhC7lqM9vH,630,2026-04-01,Cliente General,Bujias compact,2,
ghojVZQmaWAhC7lqM9vH,630,2026-04-01,Cliente General,Bujin de masa,2,
ghojVZQmaWAhC7lqM9vH,630,2026-04-01,Cliente General,Bumper cromado,1,
ghojVZQmaWAhC7lqM9vH,630,2026-04-01,Cliente General,Mano de obra,1,SERVICIO
ghxJVzdnWV7kLov0hN3B,572,2026-03-02,Cliente General,Bomba trasera,3,
ghxJVzdnWV7kLov0hN3B,572,2026-03-02,Cliente General,Amortiguador delantero,1,
ghxJVzdnWV7kLov0hN3B,572,2026-03-02,Cliente General,Soporte trasero,1,
ghxJVzdnWV7kLov0hN3B,572,2026-03-02,Cliente General,Balero 1616,2,
ghxJVzdnWV7kLov0hN3B,572,2026-03-02,Cliente General,Piñon doble,1,
ghxJVzdnWV7kLov0hN3B,572,2026-03-02,Cliente General,Llanta 4.00x8,3,
ghxJVzdnWV7kLov0hN3B,572,2026-03-02,Cliente General,Filtro compact,1,
ghxJVzdnWV7kLov0hN3B,572,2026-03-02,Cliente General,Aceite Repsol,2,
ghxJVzdnWV7kLov0hN3B,572,2026-03-02,Cliente General,Silicon gris,1,
ghxJVzdnWV7kLov0hN3B,572,2026-03-02,Cliente General,Polvera Pequeña,1,
ghxJVzdnWV7kLov0hN3B,572,2026-03-02,Cliente General,Mano de obra,1,SERVICIO
gnB3tGa0Hfb9KlW87meM,398,2025-12-02,Cliente General,Aceite Repsol,4,
gnB3tGa0Hfb9KlW87meM,398,2025-12-02,Cliente General,Filtro de aceite compact,2,
gnB3tGa0Hfb9KlW87meM,398,2025-12-02,Cliente General,Filtro y empaque 175,1,
gnB3tGa0Hfb9KlW87meM,398,2025-12-02,Cliente General,Bomba trasera,1,
gnB3tGa0Hfb9KlW87meM,398,2025-12-02,Cliente General,Liquido de freno,1,
gnB3tGa0Hfb9KlW87meM,398,2025-12-02,Cliente General,Socket de 2 contactos,1,
gnB3tGa0Hfb9KlW87meM,398,2025-12-02,Cliente General,Carburador viejo Bajaj,1,
gnB3tGa0Hfb9KlW87meM,398,2025-12-02,Cliente General,Mano de obra,1,SERVICIO
gnWu6liI8aZAdop7eHKu,355,2025-11-13,Cliente General,Liquido de frenos,1,
gnWu6liI8aZAdop7eHKu,355,2025-11-13,Cliente General,Cable de clutch sin forro,1,
gnWu6liI8aZAdop7eHKu,355,2025-11-13,Cliente General,Balero 6904,1,
gnWu6liI8aZAdop7eHKu,355,2025-11-13,Cliente General,Bomba trasera,1,
gnWu6liI8aZAdop7eHKu,355,2025-11-13,Cliente General,Motor de arranque 175,1,
gnWu6liI8aZAdop7eHKu,355,2025-11-13,Cliente General,Puente trasero,1,
gnWu6liI8aZAdop7eHKu,355,2025-11-13,Cliente General,Mano de obra,1,SERVICIO
gys1JeGnY4n9SNbWd8qi,479,2026-01-14,Cliente General,Filtro Compact,2,
gys1JeGnY4n9SNbWd8qi,479,2026-01-14,Cliente General,Aceite Repsol,2,
gys1JeGnY4n9SNbWd8qi,479,2026-01-14,Cliente General,Bujia,1,
gys1JeGnY4n9SNbWd8qi,479,2026-01-14,Cliente General,Kit de balero trasero,1,
gys1JeGnY4n9SNbWd8qi,479,2026-01-14,Cliente General,Retenedor metalico,1,
gys1JeGnY4n9SNbWd8qi,479,2026-01-14,Cliente General,Socket de 2 contactos,2,
gys1JeGnY4n9SNbWd8qi,479,2026-01-14,Cliente General,Mano de obra,1,SERVICIO
gzpnur7gPcpWRD2CFmqE,399,2025-12-02,Cliente General,Aceite Repsol,2,
gzpnur7gPcpWRD2CFmqE,399,2025-12-02,Cliente General,Filtro de aceite compact,2,
gzpnur7gPcpWRD2CFmqE,399,2025-12-02,Cliente General,Filtro y empaque 175,1,
gzpnur7gPcpWRD2CFmqE,399,2025-12-02,Cliente General,Havoline,2,
gzpnur7gPcpWRD2CFmqE,399,2025-12-02,Cliente General,Carburador viejo Bajaj,1,
gzpnur7gPcpWRD2CFmqE,399,2025-12-02,Cliente General,Empaque de manifold,1,
gzpnur7gPcpWRD2CFmqE,399,2025-12-02,Cliente General,Mano de obra,1,SERVICIO
h6UzukjW5sPdJDlxBy12,383,2025-11-19,Cliente General,Aceite Repsol,2,
h6UzukjW5sPdJDlxBy12,383,2025-11-19,Cliente General,Filtro de aceite compact,1,
h6UzukjW5sPdJDlxBy12,383,2025-11-19,Cliente General,Kit de balero trasero,1,
h6UzukjW5sPdJDlxBy12,383,2025-11-19,Cliente General,Eje trasero,1,
h6UzukjW5sPdJDlxBy12,383,2025-11-19,Cliente General,Planta sola 175,1,
h6UzukjW5sPdJDlxBy12,383,2025-11-19,Cliente General,Anillo de fuego,2,
h6UzukjW5sPdJDlxBy12,383,2025-11-19,Cliente General,Empaque de manifold PCB,1,
h6UzukjW5sPdJDlxBy12,383,2025-11-19,Cliente General,Carburador Nuevo Bajaj,1,
h6UzukjW5sPdJDlxBy12,383,2025-11-19,Cliente General,Stop completo 175 RH,1,
h6UzukjW5sPdJDlxBy12,383,2025-11-19,Cliente General,Stop completo 175 LH,1,
h6UzukjW5sPdJDlxBy12,383,2025-11-19,Cliente General,Mano de obra,1,SERVICIO
hOPSz5mT7hsnybwjSCRe,636,2026-04-07,Cliente General,Filtro y empaque,3,
hOPSz5mT7hsnybwjSCRe,636,2026-04-07,Cliente General,Bomba trasera,1,
hOPSz5mT7hsnybwjSCRe,636,2026-04-07,Cliente General,Clutch completo,1,
hOPSz5mT7hsnybwjSCRe,636,2026-04-07,Cliente General,Empaque de clutch,1,
hOPSz5mT7hsnybwjSCRe,636,2026-04-07,Cliente General,Silicon gris,1,
hOPSz5mT7hsnybwjSCRe,636,2026-04-07,Cliente General,Capuchon de bujia con cable,1,
hOPSz5mT7hsnybwjSCRe,636,2026-04-07,Cliente General,Kit de valvulas 205,1,
hOPSz5mT7hsnybwjSCRe,636,2026-04-07,Cliente General,Kit de sello de valvulas,1,
hOPSz5mT7hsnybwjSCRe,636,2026-04-07,Cliente General,Kit de anillos 205,1,
hOPSz5mT7hsnybwjSCRe,636,2026-04-07,Cliente General,Empaque de cilindro,1,
hOPSz5mT7hsnybwjSCRe,636,2026-04-07,Cliente General,Mano de obra,1,SERVICIO
hOPSz5mT7hsnybwjSCRe,636,2026-04-07,Cliente General,Empaque de culata 205,1,
hOPSz5mT7hsnybwjSCRe,636,2026-04-07,Cliente General,Guia de lubricacion,1,
hg3X4BCWnoA2Wfzn5UkN,500,2026-01-24,Cliente General,Kit de retenedores,2,
hg3X4BCWnoA2Wfzn5UkN,500,2026-01-24,Cliente General,Guias de cadena,2,
hg3X4BCWnoA2Wfzn5UkN,500,2026-01-24,Cliente General,Cadena de tiempo,1,
hg3X4BCWnoA2Wfzn5UkN,500,2026-01-24,Cliente General,Bomba de aceite,1,
hg3X4BCWnoA2Wfzn5UkN,500,2026-01-24,Cliente General,Cilindro 205,1,
hg3X4BCWnoA2Wfzn5UkN,500,2026-01-24,Cliente General,Filtro y empaque,1,
hg3X4BCWnoA2Wfzn5UkN,500,2026-01-24,Cliente General,Cable de velocidad,2,
hg3X4BCWnoA2Wfzn5UkN,500,2026-01-24,Cliente General,Tensor de cadena,1,
hg3X4BCWnoA2Wfzn5UkN,500,2026-01-24,Cliente General,Aceite Repsol,2,
hg3X4BCWnoA2Wfzn5UkN,500,2026-01-24,Cliente General,Filtro Compact,1,
hg3X4BCWnoA2Wfzn5UkN,500,2026-01-24,Cliente General,Balero JV188,1,
hg3X4BCWnoA2Wfzn5UkN,500,2026-01-24,Cliente General,Kit de empaque 205,1,
hg3X4BCWnoA2Wfzn5UkN,500,2026-01-24,Cliente General,Piñon doble,1,
hg3X4BCWnoA2Wfzn5UkN,500,2026-01-24,Cliente General,Piñon de retroceso,1,
hiSqdENOuUzNkIl6PsIX,350,2025-11-12,Cliente General,Filtro y empaque 175,3,
hiSqdENOuUzNkIl6PsIX,350,2025-11-12,Cliente General,Cuarto de aceite Havoline,2,
hiSqdENOuUzNkIl6PsIX,350,2025-11-12,Cliente General,Silicon gris,1,
hiSqdENOuUzNkIl6PsIX,350,2025-11-12,Cliente General,Cable de clutch sin forro,2,
hiSqdENOuUzNkIl6PsIX,350,2025-11-12,Cliente General,Bomba trasera,1,
hiSqdENOuUzNkIl6PsIX,350,2025-11-12,Cliente General,Liquido de frenos,1,
hiSqdENOuUzNkIl6PsIX,350,2025-11-12,Cliente General,Bujia,1,
hiSqdENOuUzNkIl6PsIX,350,2025-11-12,Cliente General,Filtro de aceite compact,1,
hiSqdENOuUzNkIl6PsIX,350,2025-11-12,Cliente General,Manecila de clutch,1,
hiSqdENOuUzNkIl6PsIX,350,2025-11-12,Cliente General,Aceite Repsol,2,
hiSqdENOuUzNkIl6PsIX,350,2025-11-12,Cliente General,Cilindro 205,1,
hiSqdENOuUzNkIl6PsIX,350,2025-11-12,Cliente General,Covertor trasero de stop RH 175,1,
hiSqdENOuUzNkIl6PsIX,350,2025-11-12,Cliente General,Cruz de cambio,1,
hqHRCPiwalPccCTt1yw0,653,2026-04-13,Cliente General,Aceite Repsol,2,
hqHRCPiwalPccCTt1yw0,653,2026-04-13,Cliente General,Filtro compact,1,
hqHRCPiwalPccCTt1yw0,653,2026-04-13,Cliente General,Pivot estandar bajaj,1,
hqHRCPiwalPccCTt1yw0,653,2026-04-13,Cliente General,Filtro y empaque,1,
hqHRCPiwalPccCTt1yw0,653,2026-04-13,Cliente General,Flecha pequeña,1,
hqHRCPiwalPccCTt1yw0,653,2026-04-13,Cliente General,Pivot,1,
hqHRCPiwalPccCTt1yw0,653,2026-04-13,Cliente General,Tope de flecha,2,
hqHRCPiwalPccCTt1yw0,653,2026-04-13,Cliente General,Cable de velocidad 175,2,
hqHRCPiwalPccCTt1yw0,653,2026-04-13,Cliente General,Kit de balero trasero,1,
hqHRCPiwalPccCTt1yw0,653,2026-04-13,Cliente General,Retenedor metalico,1,
hqHRCPiwalPccCTt1yw0,653,2026-04-13,Cliente General,Eje trasero,1,
hqHRCPiwalPccCTt1yw0,653,2026-04-13,Cliente General,Grasera,1,
hqHRCPiwalPccCTt1yw0,653,2026-04-13,Cliente General,Liquido de freno,1,
hqHRCPiwalPccCTt1yw0,653,2026-04-13,Cliente General,Mano de obra,1,SERVICIO
iFGEoXRmijAriJyMDn7I,340,2025-11-06,Cliente General,Bomba trasera,3,
iFGEoXRmijAriJyMDn7I,340,2025-11-06,Cliente General,Filtro de aceite compact,1,
iFGEoXRmijAriJyMDn7I,340,2025-11-06,Cliente General,Cuarto de aceite Havoline,2,
iFGEoXRmijAriJyMDn7I,340,2025-11-06,Cliente General,Empaque de freno trasero,5,
iFGEoXRmijAriJyMDn7I,340,2025-11-06,Cliente General,Mano de obra,1,SERVICIO
iFuRhx2QW2UDQ0QIRnIF,592,2026-03-12,Cliente General,Filtro compact,3,
iFuRhx2QW2UDQ0QIRnIF,592,2026-03-12,Cliente General,Graseras,1,
iFuRhx2QW2UDQ0QIRnIF,592,2026-03-12,Cliente General,Clutch completo,1,
iFuRhx2QW2UDQ0QIRnIF,592,2026-03-12,Cliente General,Empaque de clutch,1,
iFuRhx2QW2UDQ0QIRnIF,592,2026-03-12,Cliente General,Filtro y empaque,1,
iFuRhx2QW2UDQ0QIRnIF,592,2026-03-12,Cliente General,Cable de clutch sin forro,1,
iFuRhx2QW2UDQ0QIRnIF,592,2026-03-12,Cliente General,Cable de velocidad sin forro,1,
iFuRhx2QW2UDQ0QIRnIF,592,2026-03-12,Cliente General,Tuerca de prensa,1,
iFuRhx2QW2UDQ0QIRnIF,592,2026-03-12,Cliente General,Pivot,1,
iFuRhx2QW2UDQ0QIRnIF,592,2026-03-12,Cliente General,Tapadera de silvin LH BCB,1,
iFuRhx2QW2UDQ0QIRnIF,592,2026-03-12,Cliente General,Mano de obra,1,SERVICIO
iK0VBBElzJutVcixSGEa,642,2026-04-09,Cliente General,Aceite Havoline,2,
iK0VBBElzJutVcixSGEa,642,2026-04-09,Cliente General,Filtro y empaque,1,
iK0VBBElzJutVcixSGEa,642,2026-04-09,Cliente General,Liquido de freno,1,
iK0VBBElzJutVcixSGEa,642,2026-04-09,Cliente General,Terminal de bateria Par,1,
iK0VBBElzJutVcixSGEa,642,2026-04-09,Cliente General,Prensa cable,1,
iK0VBBElzJutVcixSGEa,642,2026-04-09,Cliente General,Kit de carbones,1,
iK0VBBElzJutVcixSGEa,642,2026-04-09,Cliente General,Switch de inicio,1,
iK0VBBElzJutVcixSGEa,642,2026-04-09,Cliente General,Filtro compact,1,
iK0VBBElzJutVcixSGEa,642,2026-04-09,Cliente General,Polvera grande,3,
iK0VBBElzJutVcixSGEa,642,2026-04-09,Cliente General,Mano de obra,1,SERVICIO
iWLZpp52CnogYzhcWt3P,408,2025-12-06,Cliente General,Gusano de clutch,1,
iWLZpp52CnogYzhcWt3P,408,2025-12-06,Cliente General,Filtro y empaque 175,1,
iWLZpp52CnogYzhcWt3P,408,2025-12-06,Cliente General,Empaque de freno trasero,5,
iWLZpp52CnogYzhcWt3P,408,2025-12-06,Cliente General,Juego de espejo negro lila 2022,1,
iWLZpp52CnogYzhcWt3P,408,2025-12-06,Cliente General,Filtro de aceite compact,2,
iWLZpp52CnogYzhcWt3P,408,2025-12-06,Cliente General,Kit de balero trasero,1,
iWLZpp52CnogYzhcWt3P,408,2025-12-06,Cliente General,Havoline,2,
iWLZpp52CnogYzhcWt3P,408,2025-12-06,Cliente General,Pidevia RH 175,1,
iWLZpp52CnogYzhcWt3P,408,2025-12-06,Cliente General,Mano de obra,1,SERVICIO
iWS5UOgjcOTd2ludSaQR,660,2026-04-15,Cliente General,Liquido de freno,2,
iWS5UOgjcOTd2ludSaQR,660,2026-04-15,Cliente General,Cable de clutch nuevo,5,
iWS5UOgjcOTd2ludSaQR,660,2026-04-15,Cliente General,Relay de start,1,
iWS5UOgjcOTd2ludSaQR,660,2026-04-15,Cliente General,Bomba trasera,5,
iWS5UOgjcOTd2ludSaQR,660,2026-04-15,Cliente General,Soporte trasero,1,
iWS5UOgjcOTd2ludSaQR,660,2026-04-15,Cliente General,Espaciador de cigüeñal,1,
iWS5UOgjcOTd2ludSaQR,660,2026-04-15,Cliente General,Tornillo de cruz,1,
iWS5UOgjcOTd2ludSaQR,660,2026-04-15,Cliente General,Gusano de cruz,1,
iWS5UOgjcOTd2ludSaQR,660,2026-04-15,Cliente General,Cruz de cambio,1,
iWS5UOgjcOTd2ludSaQR,660,2026-04-15,Cliente General,Piñon de segunda,1,
iWS5UOgjcOTd2ludSaQR,660,2026-04-15,Cliente General,Filtro compact,2,
iWS5UOgjcOTd2ludSaQR,660,2026-04-15,Cliente General,Aceite Havoline,2,
iWS5UOgjcOTd2ludSaQR,660,2026-04-15,Cliente General,Retenedor metalico,1,
iWS5UOgjcOTd2ludSaQR,660,2026-04-15,Cliente General,Eje trasero,1,
iYvHpHSvAr0N4Gm5vnWo,332,2025-11-01,Cliente General,Tope de flecha,1,
iYvHpHSvAr0N4Gm5vnWo,332,2025-11-01,Cliente General,Amortiguador delantero,1,
iYvHpHSvAr0N4Gm5vnWo,332,2025-11-01,Cliente General,Anillo de fuego,1,
iYvHpHSvAr0N4Gm5vnWo,332,2025-11-01,Cliente General,Bujin de masa delantera,1,
iYvHpHSvAr0N4Gm5vnWo,332,2025-11-01,Cliente General,Bomba trasera,1,
iYvHpHSvAr0N4Gm5vnWo,332,2025-11-01,Cliente General,Filtro de aceite compact,1,
iYvHpHSvAr0N4Gm5vnWo,332,2025-11-01,Cliente General,Filtro y empaque 175,1,
iYvHpHSvAr0N4Gm5vnWo,332,2025-11-01,Cliente General,Planta sola 175,1,
iYvHpHSvAr0N4Gm5vnWo,332,2025-11-01,Cliente General,Gusanos de Clutch,2,
iYvHpHSvAr0N4Gm5vnWo,332,2025-11-01,Cliente General,cable de velocidad,2,
iYvHpHSvAr0N4Gm5vnWo,332,2025-11-01,Cliente General,Mano de obra,1,SERVICIO
idBxfNEfqp2WTEpdjaHA,652,2026-04-13,Cliente General,Polvera grande,3,
idBxfNEfqp2WTEpdjaHA,652,2026-04-13,Cliente General,Vidrio central compact,1,
idBxfNEfqp2WTEpdjaHA,652,2026-04-13,Cliente General,Filtro compact,2,
idBxfNEfqp2WTEpdjaHA,652,2026-04-13,Cliente General,Palanca de freno de mano 2022,1,
idBxfNEfqp2WTEpdjaHA,652,2026-04-13,Cliente General,Aceite Havoline,2,
idBxfNEfqp2WTEpdjaHA,652,2026-04-13,Cliente General,Grasera,1,
idBxfNEfqp2WTEpdjaHA,652,2026-04-13,Cliente General,Llanta 4.00x8,2,
idBxfNEfqp2WTEpdjaHA,652,2026-04-13,Cliente General,Tornillo de cruz,1,
idBxfNEfqp2WTEpdjaHA,652,2026-04-13,Cliente General,Cable de clutch compact,1,
idBxfNEfqp2WTEpdjaHA,652,2026-04-13,Cliente General,Espejo lila,1,
idBxfNEfqp2WTEpdjaHA,652,2026-04-13,Cliente General,Retenedor metalico,1,
idBxfNEfqp2WTEpdjaHA,652,2026-04-13,Cliente General,Filtro y empaque,1,
idBxfNEfqp2WTEpdjaHA,652,2026-04-13,Cliente General,Tope de flecha,2,
idBxfNEfqp2WTEpdjaHA,652,2026-04-13,Cliente General,Liquido de freno,1,
ie5VJkFDog7WULFTzMny,468,2026-01-09,Cliente General,Metros de alambre negro #10,1,
ie5VJkFDog7WULFTzMny,468,2026-01-09,Cliente General,Cobertor trasero 205 compact,2,
ie5VJkFDog7WULFTzMny,468,2026-01-09,Cliente General,Empaque de manifold,1,
ie5VJkFDog7WULFTzMny,468,2026-01-09,Cliente General,Bujia,1,
ie5VJkFDog7WULFTzMny,468,2026-01-09,Cliente General,Bomba trasera,1,
ie5VJkFDog7WULFTzMny,468,2026-01-09,Cliente General,Filtro y empaque,1,
ie5VJkFDog7WULFTzMny,468,2026-01-09,Cliente General,Tuberia enrollada de freno,1,
ie5VJkFDog7WULFTzMny,468,2026-01-09,Cliente General,Kit de retenedores,1,
ie5VJkFDog7WULFTzMny,468,2026-01-09,Cliente General,Piñon de retroceso,1,
ie5VJkFDog7WULFTzMny,468,2026-01-09,Cliente General,Empaque diferencial,1,
ie5VJkFDog7WULFTzMny,468,2026-01-09,Cliente General,Tope de flecha,4,
ie5VJkFDog7WULFTzMny,468,2026-01-09,Cliente General,Cable de clutch sin forro,1,
ie5VJkFDog7WULFTzMny,468,2026-01-09,Cliente General,Cargador trasero,1,
ie5VJkFDog7WULFTzMny,468,2026-01-09,Cliente General,Anillo de fuego,1,
iluON1xnkUHcUSMM3mVu,557,2026-02-23,Cliente General,Aceite Repsol,7,
iluON1xnkUHcUSMM3mVu,557,2026-02-23,Cliente General,Filtro Compact,2,
iluON1xnkUHcUSMM3mVu,557,2026-02-23,Cliente General,Bomba trasera,2,
iluON1xnkUHcUSMM3mVu,557,2026-02-23,Cliente General,Liquido de freno,1,
iluON1xnkUHcUSMM3mVu,557,2026-02-23,Cliente General,Cable de clutch compact,1,
iluON1xnkUHcUSMM3mVu,557,2026-02-23,Cliente General,Silicon gris,1,
iqes3X4WH2jOfjGWJZfe,649,2026-04-11,Cliente General,Filtro compact,3,
iqes3X4WH2jOfjGWJZfe,649,2026-04-11,Cliente General,Aceite Repsol,4,
iqes3X4WH2jOfjGWJZfe,649,2026-04-11,Cliente General,Gusano de clutch,1,
iqes3X4WH2jOfjGWJZfe,649,2026-04-11,Cliente General,Liquido de freno,1,
iqes3X4WH2jOfjGWJZfe,649,2026-04-11,Cliente General,Pivot,1,
iqes3X4WH2jOfjGWJZfe,649,2026-04-11,Cliente General,Polvera grande,4,
iqes3X4WH2jOfjGWJZfe,649,2026-04-11,Cliente General,Cable de clutch compact,1,
iqes3X4WH2jOfjGWJZfe,649,2026-04-11,Cliente General,Pin hueco,1,
iqes3X4WH2jOfjGWJZfe,649,2026-04-11,Cliente General,Pivot estandar bajaj,1,
iqes3X4WH2jOfjGWJZfe,649,2026-04-11,Cliente General,Kit de balero trasero,1,
iqes3X4WH2jOfjGWJZfe,649,2026-04-11,Cliente General,Cadena de tiempo,1,
iqes3X4WH2jOfjGWJZfe,649,2026-04-11,Cliente General,Clutch completo,1,
iqes3X4WH2jOfjGWJZfe,649,2026-04-11,Cliente General,Guardafango trasero,1,
iqes3X4WH2jOfjGWJZfe,649,2026-04-11,Cliente General,Empaque de culata 205,2,
jH2jRNwpWnCLQwYfD3B0,345,2025-11-10,Cliente General,Filtro de aceite compact,1,
jH2jRNwpWnCLQwYfD3B0,345,2025-11-10,Cliente General,Balerina pequeña,1,
jH2jRNwpWnCLQwYfD3B0,345,2025-11-10,Cliente General,Balerina grande,1,
jH2jRNwpWnCLQwYfD3B0,345,2025-11-10,Cliente General,Aceite Repsol,2,
jH2jRNwpWnCLQwYfD3B0,345,2025-11-10,Cliente General,Bujia,1,
jH2jRNwpWnCLQwYfD3B0,345,2025-11-10,Cliente General,Mano de obra,1,SERVICIO
jK3j9oEQZ3b0HM0k62IC,442,2025-12-23,Cliente General,Filtro y empaque 175,1,
jK3j9oEQZ3b0HM0k62IC,442,2025-12-23,Cliente General,Liquido de freno,1,
jK3j9oEQZ3b0HM0k62IC,442,2025-12-23,Cliente General,Piñon doble,2,
jK3j9oEQZ3b0HM0k62IC,442,2025-12-23,Cliente General,Switch de neutro,1,
jK3j9oEQZ3b0HM0k62IC,442,2025-12-23,Cliente General,Cable de velocidad,2,
jK3j9oEQZ3b0HM0k62IC,442,2025-12-23,Cliente General,Cable sin forro de velocidad,2,
jK3j9oEQZ3b0HM0k62IC,442,2025-12-23,Cliente General,Empaque de freno trasero,2,
jK3j9oEQZ3b0HM0k62IC,442,2025-12-23,Cliente General,Aro completo Bajaj,1,
jK3j9oEQZ3b0HM0k62IC,442,2025-12-23,Cliente General,Cable de clutch compact,1,
jK3j9oEQZ3b0HM0k62IC,442,2025-12-23,Cliente General,Pito helan,1,
jK3j9oEQZ3b0HM0k62IC,442,2025-12-23,Cliente General,Mano de obra,1,SERVICIO
jMseLHVUkg3cGj73O4xT,547,2026-02-18,Cliente General,Pin hueco,2,
jMseLHVUkg3cGj73O4xT,547,2026-02-18,Cliente General,Filtro y empaque,1,
jMseLHVUkg3cGj73O4xT,547,2026-02-18,Cliente General,Aceite Havoline,2,
jMseLHVUkg3cGj73O4xT,547,2026-02-18,Cliente General,Filtro Compact,1,
jMseLHVUkg3cGj73O4xT,547,2026-02-18,Cliente General,Retenedor metalico,1,
jMseLHVUkg3cGj73O4xT,547,2026-02-18,Cliente General,Balero 4906,1,
jMseLHVUkg3cGj73O4xT,547,2026-02-18,Cliente General,Balero 6904,1,
jMseLHVUkg3cGj73O4xT,547,2026-02-18,Cliente General,Eje trasero,1,
jMseLHVUkg3cGj73O4xT,547,2026-02-18,Cliente General,Pivot,1,
jMseLHVUkg3cGj73O4xT,547,2026-02-18,Cliente General,Lodera de hule,1,
jMseLHVUkg3cGj73O4xT,547,2026-02-18,Cliente General,Empaque de freno trasero,1,
jMseLHVUkg3cGj73O4xT,547,2026-02-18,Cliente General,Polvera grande,1,
jMseLHVUkg3cGj73O4xT,547,2026-02-18,Cliente General,Carburador nuevo BAJAJ,1,
jMseLHVUkg3cGj73O4xT,547,2026-02-18,Cliente General,Mano de obra,1,SERVICIO
jSk4LW1lLtxFAoniR18R,353,2025-11-13,Cliente General,Aceite Repsol,4,
jSk4LW1lLtxFAoniR18R,353,2025-11-13,Cliente General,Filtro de aceite compact,1,
jSk4LW1lLtxFAoniR18R,353,2025-11-13,Cliente General,Filtro y empaque 175,1,
jSk4LW1lLtxFAoniR18R,353,2025-11-13,Cliente General,Bujin de masa delantera,1,
jSk4LW1lLtxFAoniR18R,353,2025-11-13,Cliente General,Pivot,1,
jSk4LW1lLtxFAoniR18R,353,2025-11-13,Cliente General,Amortiguador delantero,1,
jSk4LW1lLtxFAoniR18R,353,2025-11-13,Cliente General,Balerina grande,1,
jSk4LW1lLtxFAoniR18R,353,2025-11-13,Cliente General,Balerina pequeña,1,
jSk4LW1lLtxFAoniR18R,353,2025-11-13,Cliente General,Guardafango trasero,1,
jSk4LW1lLtxFAoniR18R,353,2025-11-13,Cliente General,Mano de obra,1,SERVICIO
jmsK5P0IhQllvWHa8zSt,412,2025-12-09,Cliente General,Amortiguador delantero,1,
jmsK5P0IhQllvWHa8zSt,412,2025-12-09,Cliente General,Tope de flecha,4,
jmsK5P0IhQllvWHa8zSt,412,2025-12-09,Cliente General,Anillo de fuego,1,
jmsK5P0IhQllvWHa8zSt,412,2025-12-09,Cliente General,Bomba trasera,1,
jmsK5P0IhQllvWHa8zSt,412,2025-12-09,Cliente General,Liquido de freno,2,
jmsK5P0IhQllvWHa8zSt,412,2025-12-09,Cliente General,Espaciador de cigüeñal,1,
jmsK5P0IhQllvWHa8zSt,412,2025-12-09,Cliente General,Cobertor trasero 205 de stop LH,2,
jmsK5P0IhQllvWHa8zSt,412,2025-12-09,Cliente General,Masa de arranque,1,
jmsK5P0IhQllvWHa8zSt,412,2025-12-09,Cliente General,Eje trasero,1,
jmsK5P0IhQllvWHa8zSt,412,2025-12-09,Cliente General,Cable de velocidad,2,
jmsK5P0IhQllvWHa8zSt,412,2025-12-09,Cliente General,Mano de obra,1,SERVICIO
k4yIELR25tyrfVUjNllr,643,2026-04-09,Cliente General,Filtro compact,1,
k4yIELR25tyrfVUjNllr,643,2026-04-09,Cliente General,Aceite Repsol,2,
k4yIELR25tyrfVUjNllr,643,2026-04-09,Cliente General,Llanta 4.00x8,3,
k4yIELR25tyrfVUjNllr,643,2026-04-09,Cliente General,Bomba trasera,1,
k4yIELR25tyrfVUjNllr,643,2026-04-09,Cliente General,Silicon gris,1,
k4yIELR25tyrfVUjNllr,643,2026-04-09,Cliente General,Piña multiple,1,
k4yIELR25tyrfVUjNllr,643,2026-04-09,Cliente General,Capuchon de bujia con cable,1,
k4yIELR25tyrfVUjNllr,643,2026-04-09,Cliente General,Piñon de tercera,1,
k4yIELR25tyrfVUjNllr,643,2026-04-09,Cliente General,Espaciador de cigüeñal,1,
k4yIELR25tyrfVUjNllr,643,2026-04-09,Cliente General,Cruz de cambio,1,
k4yIELR25tyrfVUjNllr,643,2026-04-09,Cliente General,Eje de piña,1,
k4yIELR25tyrfVUjNllr,643,2026-04-09,Cliente General,Cobertor stop 175 RH,1,
k4yIELR25tyrfVUjNllr,643,2026-04-09,Cliente General,Tornillo de graduacion,2,
k4yIELR25tyrfVUjNllr,643,2026-04-09,Cliente General,Liquido de freno,1,
kP9433kkXiEuVFSb8zeJ,677,2026-04-25,Cliente General,Filtro y empaque,1,
kP9433kkXiEuVFSb8zeJ,677,2026-04-25,Cliente General,Aceite Repsol,2,
kP9433kkXiEuVFSb8zeJ,677,2026-04-25,Cliente General,Filtro compact,1,
kP9433kkXiEuVFSb8zeJ,677,2026-04-25,Cliente General,Copa pequeña,1,
kP9433kkXiEuVFSb8zeJ,677,2026-04-25,Cliente General,Aceite castrol,1,
kP9433kkXiEuVFSb8zeJ,677,2026-04-25,Cliente General,Polvera grande,1,
kP9433kkXiEuVFSb8zeJ,677,2026-04-25,Cliente General,Tope de flecha,1,
kP9433kkXiEuVFSb8zeJ,677,2026-04-25,Cliente General,Liquido de freno,1,
kP9433kkXiEuVFSb8zeJ,677,2026-04-25,Cliente General,Cable de clutch compact,1,
kR0t5nFL90DNC1i3hW4p,690,2026-05-02,Cliente General,Aceite REPSOL 20W50 1000ml,12,MxZYt471Hv0ZhT0oI8gt
kR0t5nFL90DNC1i3hW4p,690,2026-05-02,Cliente General,Filtro de aceite compact,6,46jf95e2CO7XcCWDWq8v
kR0t5nFL90DNC1i3hW4p,690,2026-05-02,Cliente General,Kit de retenedores 175,1,7w53huDrJrIGgVMPt6XM
kR0t5nFL90DNC1i3hW4p,690,2026-05-02,Cliente General,Espejos negros 2022 LILA set,1,JqtPwIyiMFmGlqwxpY6m
kR0t5nFL90DNC1i3hW4p,690,2026-05-02,Cliente General,Bujin de masa delantera,1,15n9GwwRsHxYK9Poh8fN
kR0t5nFL90DNC1i3hW4p,690,2026-05-02,Cliente General,Motor de arranque 175,1,MylSDeFoG7L3guoaKGpz
kR0t5nFL90DNC1i3hW4p,690,2026-05-02,Cliente General,Pivot estandar Bajaj,1,t2pvb0BS1i67CNAfQlIA
kR0t5nFL90DNC1i3hW4p,690,2026-05-02,Cliente General,Cable de clutch sin forro,1,tDqP4GdYl1m4hEwlOe8V
kYGObPwwlKM3PVuUoseD,698,2026-05-05,Cliente General,Aceite 140,1,TmfFRNzZ093NMW8Y3tf9
kYGObPwwlKM3PVuUoseD,698,2026-05-05,Cliente General,Cable de velocidad sin forro,1,bBQlcoywZfGwzPIViAw2
kYGObPwwlKM3PVuUoseD,698,2026-05-05,Cliente General,Motor de arranque 175,1,MylSDeFoG7L3guoaKGpz
kYGObPwwlKM3PVuUoseD,698,2026-05-05,Cliente General,Caracol trasero stop 175 LH,1,tlXoUgqNzrC7joAsIrJh
kYGObPwwlKM3PVuUoseD,698,2026-05-05,Cliente General,Rin completo bajaj,1,5QYSH5B6RjdeET5fwBLG
kYGObPwwlKM3PVuUoseD,698,2026-05-05,Cliente General,Retenedor metalico,1,mBAulDT5f931rYpQoW6z
kYGObPwwlKM3PVuUoseD,698,2026-05-05,Cliente General,Aceite REPSOL 20W50 1000ml,1,MxZYt471Hv0ZhT0oI8gt
kYGObPwwlKM3PVuUoseD,698,2026-05-05,Cliente General,Foco silvin,2,XqSsL3cmMNXMc30h6lYb
kYGObPwwlKM3PVuUoseD,698,2026-05-05,Cliente General,Empaque de Clutch,1,6hhJjR5wumxRtnrahX4d
kYGObPwwlKM3PVuUoseD,698,2026-05-05,Cliente General,Tapadera de ventilador pequeño BAJAJ,1,xnm7NZaCwYHICsWFyCLs
kYGObPwwlKM3PVuUoseD,698,2026-05-05,Cliente General,Cable de acelerador Nuevo Bajaj,1,PSCX45qMCXoTRsnsWlox
kYGObPwwlKM3PVuUoseD,698,2026-05-05,Cliente General,Guias de cadena de tiempo BAJAJ juego,2,QG0plBzJDBci8O1LBvJq
kYGObPwwlKM3PVuUoseD,698,2026-05-05,Cliente General,Kit de empaques 205,1,2fwhPCyLREtyq6W2es7t
kYNkRBhJH7zhMfmzMLCw,542,2026-02-14,Cliente General,Motor limpiabrisas,1,
kYNkRBhJH7zhMfmzMLCw,542,2026-02-14,Cliente General,Balero 6904,1,
kYNkRBhJH7zhMfmzMLCw,542,2026-02-14,Cliente General,Balero 4906,1,
kYNkRBhJH7zhMfmzMLCw,542,2026-02-14,Cliente General,Aceite Havoline,2,
kYNkRBhJH7zhMfmzMLCw,542,2026-02-14,Cliente General,Filtro Compact,2,
kYNkRBhJH7zhMfmzMLCw,542,2026-02-14,Cliente General,Bomba trasera,1,
kYNkRBhJH7zhMfmzMLCw,542,2026-02-14,Cliente General,Pito helan,1,
kYNkRBhJH7zhMfmzMLCw,542,2026-02-14,Cliente General,Cable de velocidad,1,
kYNkRBhJH7zhMfmzMLCw,542,2026-02-14,Cliente General,Flecha larga,1,
kYNkRBhJH7zhMfmzMLCw,542,2026-02-14,Cliente General,Filtro y empaque,1,
kYNkRBhJH7zhMfmzMLCw,542,2026-02-14,Cliente General,Mano de obra,1,SERVICIO
kqB6jHzr3LP2AnNVaMXa,650,2026-04-11,Cliente General,Filtro compact,4,
kqB6jHzr3LP2AnNVaMXa,650,2026-04-11,Cliente General,Aceite Repsol,3,
kqB6jHzr3LP2AnNVaMXa,650,2026-04-11,Cliente General,Pivot,1,
kqB6jHzr3LP2AnNVaMXa,650,2026-04-11,Cliente General,Empaque de clutch,3,
kqB6jHzr3LP2AnNVaMXa,650,2026-04-11,Cliente General,Cable de velocidad 175,5,
kqB6jHzr3LP2AnNVaMXa,650,2026-04-11,Cliente General,Cilindro 205,1,
kqB6jHzr3LP2AnNVaMXa,650,2026-04-11,Cliente General,Empaque de cilindro,2,
kqB6jHzr3LP2AnNVaMXa,650,2026-04-11,Cliente General,Kit de sello de valvulas,2,
kqB6jHzr3LP2AnNVaMXa,650,2026-04-11,Cliente General,Guia de cadena par,1,
kqB6jHzr3LP2AnNVaMXa,650,2026-04-11,Cliente General,Selectos de velocidad,1,
kqB6jHzr3LP2AnNVaMXa,650,2026-04-11,Cliente General,Tapon de gas 2007,2,
kqB6jHzr3LP2AnNVaMXa,650,2026-04-11,Cliente General,CDI Verde,1,
kqB6jHzr3LP2AnNVaMXa,650,2026-04-11,Cliente General,Pin hueco,1,
kqB6jHzr3LP2AnNVaMXa,650,2026-04-11,Cliente General,Tuberia enrrollada de frenos,1,
ksCGHlEkGLMQiqYqhGZX,534,2026-02-10,Cliente General,Llanta 4.00-8TT,3,
ksCGHlEkGLMQiqYqhGZX,534,2026-02-10,Cliente General,Flecha completa 2025,1,
ksCGHlEkGLMQiqYqhGZX,534,2026-02-10,Cliente General,Mariposa,1,
ksCGHlEkGLMQiqYqhGZX,534,2026-02-10,Cliente General,Boton de arranque,1,
ksCGHlEkGLMQiqYqhGZX,534,2026-02-10,Cliente General,Amortiguador trasero,1,
ksCGHlEkGLMQiqYqhGZX,534,2026-02-10,Cliente General,Bomba central de freno,1,
ksCGHlEkGLMQiqYqhGZX,534,2026-02-10,Cliente General,Liquido de freno,2,
ksCGHlEkGLMQiqYqhGZX,534,2026-02-10,Cliente General,Bumper cromado,1,
ksCGHlEkGLMQiqYqhGZX,534,2026-02-10,Cliente General,Aceite havoline,1,
kyPLLmcTJWzE0ZYeIFI1,705,2026-05-05,Cliente General,Kit de empaques 205,1,2fwhPCyLREtyq6W2es7t
kyPLLmcTJWzE0ZYeIFI1,705,2026-05-05,Cliente General,Guardafangos trasero,1,8VGpOjDyg1rmXQHcUgNG
kyPLLmcTJWzE0ZYeIFI1,705,2026-05-05,Cliente General,Socket de 2 contactos,1,HTSMpfAbznlAWI6TuSQh
kyPLLmcTJWzE0ZYeIFI1,705,2026-05-05,Cliente General,Cargador de motor trasero BAJAJ,1,mcKh4J063bFQvafyyzT8
kyPLLmcTJWzE0ZYeIFI1,705,2026-05-05,Cliente General,Polvera grande,1,o76vNetcNhT9apKcuUVK
kyPLLmcTJWzE0ZYeIFI1,705,2026-05-05,Cliente General,Plato para aros cromados de plastico shakti,1,Ujow9Por5mZqSfV7Zj3v
kyPLLmcTJWzE0ZYeIFI1,705,2026-05-05,Cliente General,Prisionero o prensa de cable BCB,3,2vG9erys8uzANjXDklAF
kyPLLmcTJWzE0ZYeIFI1,705,2026-05-05,Cliente General,Bomba trasera,1,k799vWanLuRNf04a2Fwn
kyPLLmcTJWzE0ZYeIFI1,705,2026-05-05,Cliente General,Cable de acelerador 2022,1,7EinWhC5LBqYjcfha3ge
kyPLLmcTJWzE0ZYeIFI1,705,2026-05-05,Cliente General,Cambio de aceite,1,
kyPLLmcTJWzE0ZYeIFI1,705,2026-05-05,Cliente General,Revisión de frenos,1,
kyPLLmcTJWzE0ZYeIFI1,705,2026-05-05,Cliente General,Poner Bomba trasera,1,
kyPLLmcTJWzE0ZYeIFI1,705,2026-05-05,Cliente General,Mano de Obra,1,
kyPLLmcTJWzE0ZYeIFI1,705,2026-05-05,Cliente General,Aceite REPSOL 20W50 1000ml,2,MxZYt471Hv0ZhT0oI8gt
lI0BG91jaOWACnPWIEky,715,2026-05-05,Cliente General,Cigüeñal 175,1,cWnKunmbcR9jDK8Ft6Lg
lI0BG91jaOWACnPWIEky,715,2026-05-05,Cliente General,Filtro y empaque,6,eqUw92h7s5dtXhgy5eTJ
lI0BG91jaOWACnPWIEky,715,2026-05-05,Cliente General,Polvera grande,3,o76vNetcNhT9apKcuUVK
lI0BG91jaOWACnPWIEky,715,2026-05-05,Cliente General,Switch de neutro compact,2,C8j6R4HctBNUGc3ydmjZ
lOE9e1Fc4xq9C99Poy2I,378,2025-11-19,Cliente General,Filtro y empaque 175,2,
lOE9e1Fc4xq9C99Poy2I,378,2025-11-19,Cliente General,Aceite Repsol,1,
lOE9e1Fc4xq9C99Poy2I,378,2025-11-19,Cliente General,Filtro de aceite compact,1,
lOE9e1Fc4xq9C99Poy2I,378,2025-11-19,Cliente General,Switch de neutro compact,1,
lOE9e1Fc4xq9C99Poy2I,378,2025-11-19,Cliente General,Cuarto de aceite Havoline,2,
lOE9e1Fc4xq9C99Poy2I,378,2025-11-19,Cliente General,Bomba trasera,1,
lOE9e1Fc4xq9C99Poy2I,378,2025-11-19,Cliente General,Pivot,1,
lOE9e1Fc4xq9C99Poy2I,378,2025-11-19,Cliente General,Base de gusano,1,
lOE9e1Fc4xq9C99Poy2I,378,2025-11-19,Cliente General,Mano de obra,1,SERVICIO
lfKDZfZ5P39rhbIees2x,606,2026-03-20,Cliente General,Filtro y empaque,2,
lfKDZfZ5P39rhbIees2x,606,2026-03-20,Cliente General,Aceite Repsol,2,
lfKDZfZ5P39rhbIees2x,606,2026-03-20,Cliente General,Bomba trasera,2,
lfKDZfZ5P39rhbIees2x,606,2026-03-20,Cliente General,Capuchon de bujia con cable,1,
lfKDZfZ5P39rhbIees2x,606,2026-03-20,Cliente General,Bomba central bajaj,1,
lfKDZfZ5P39rhbIees2x,606,2026-03-20,Cliente General,Mano de obra,1,SERVICIO
lgXeoVMuee5KDvrGLOTj,414,2025-12-10,Cliente General,Bomba trasera,3,
lgXeoVMuee5KDvrGLOTj,414,2025-12-10,Cliente General,Balero 6004,1,
lgXeoVMuee5KDvrGLOTj,414,2025-12-10,Cliente General,Empaque de clutch,1,
lgXeoVMuee5KDvrGLOTj,414,2025-12-10,Cliente General,Cargador de motor trasero,1,
lgXeoVMuee5KDvrGLOTj,414,2025-12-10,Cliente General,Kit de disco de cluth pasta,1,
lgXeoVMuee5KDvrGLOTj,414,2025-12-10,Cliente General,Filtro y empaque 175,1,
lgXeoVMuee5KDvrGLOTj,414,2025-12-10,Cliente General,Aceite Repsol,2,
lgXeoVMuee5KDvrGLOTj,414,2025-12-10,Cliente General,Mano de obra,1,SERVICIO
m45skQhC4xlDLPAL7ht7,490,2026-01-20,Cliente General,Aceite Havoline,2,
m45skQhC4xlDLPAL7ht7,490,2026-01-20,Cliente General,Empaque de manifold,1,
m45skQhC4xlDLPAL7ht7,490,2026-01-20,Cliente General,Bujia,1,
m45skQhC4xlDLPAL7ht7,490,2026-01-20,Cliente General,Capuchon de bujia,1,
m45skQhC4xlDLPAL7ht7,490,2026-01-20,Cliente General,Cable de velocidad,2,
m45skQhC4xlDLPAL7ht7,490,2026-01-20,Cliente General,Cable de acelerador nuevo bajaj,1,
m45skQhC4xlDLPAL7ht7,490,2026-01-20,Cliente General,Motor de arranque 175,1,
m45skQhC4xlDLPAL7ht7,490,2026-01-20,Cliente General,Retenedor metalico,1,
m45skQhC4xlDLPAL7ht7,490,2026-01-20,Cliente General,Mano de obra,1,SERVICIO
m4ZslFcb9wCarRuaQCyN,386,2025-11-19,Cliente General,Aceite Repsol,2,
m4ZslFcb9wCarRuaQCyN,386,2025-11-19,Cliente General,Filtro de aceite compact,1,
m4ZslFcb9wCarRuaQCyN,386,2025-11-19,Cliente General,Bomba trasera,2,
m4ZslFcb9wCarRuaQCyN,386,2025-11-19,Cliente General,Liquido de frenos,1,
m4ZslFcb9wCarRuaQCyN,386,2025-11-19,Cliente General,Tensor de cadena,1,
m4ZslFcb9wCarRuaQCyN,386,2025-11-19,Cliente General,Rin ancho de fabrica VRK,2,
m4ZslFcb9wCarRuaQCyN,386,2025-11-19,Cliente General,Empaque de freno trasero,1,
m4ZslFcb9wCarRuaQCyN,386,2025-11-19,Cliente General,Mano de obra,1,SERVICIO
m5z5EEPeCSTT42QUV2g1,602,2026-03-18,Cliente General,Gusano de clutch,1,
m5z5EEPeCSTT42QUV2g1,602,2026-03-18,Cliente General,Kit de dados,1,
m5z5EEPeCSTT42QUV2g1,602,2026-03-18,Cliente General,Copa pequeña,1,
m5z5EEPeCSTT42QUV2g1,602,2026-03-18,Cliente General,Flotador de tanque,1,
m5z5EEPeCSTT42QUV2g1,602,2026-03-18,Cliente General,Bomba trasera,1,
m5z5EEPeCSTT42QUV2g1,602,2026-03-18,Cliente General,Filtro y empaque,1,
m5z5EEPeCSTT42QUV2g1,602,2026-03-18,Cliente General,Regulador de voltaje,1,
m5z5EEPeCSTT42QUV2g1,602,2026-03-18,Cliente General,Pivot,1,
m5z5EEPeCSTT42QUV2g1,602,2026-03-18,Cliente General,Filtro compact,2,
m5z5EEPeCSTT42QUV2g1,602,2026-03-18,Cliente General,Aceite Repsol,4,
m5z5EEPeCSTT42QUV2g1,602,2026-03-18,Cliente General,Bujin de masa delantera,1,
m5z5EEPeCSTT42QUV2g1,602,2026-03-18,Cliente General,Empaque de freno trasero,1,
m5z5EEPeCSTT42QUV2g1,602,2026-03-18,Cliente General,Mano de obra,1,SERVICIO
mAc1HK1p25ViABFlp35X,646,2026-04-10,Cliente General,Cable de clutch sin forro,1,
mAc1HK1p25ViABFlp35X,646,2026-04-10,Cliente General,Clutch completo,1,
mAc1HK1p25ViABFlp35X,646,2026-04-10,Cliente General,Switch de neutro,1,
mAc1HK1p25ViABFlp35X,646,2026-04-10,Cliente General,Polvera pequeña,1,
mAc1HK1p25ViABFlp35X,646,2026-04-10,Cliente General,Empaque de freno trasero,1,
mAc1HK1p25ViABFlp35X,646,2026-04-10,Cliente General,Cable de velocidad 175,1,
mAc1HK1p25ViABFlp35X,646,2026-04-10,Cliente General,Llanta 4.00x8,2,
mAc1HK1p25ViABFlp35X,646,2026-04-10,Cliente General,Socket de 2 contactos,1,
mAc1HK1p25ViABFlp35X,646,2026-04-10,Cliente General,Mano de obra,1,SERVICIO
mCCA32o2cKKoNPPo5VzU,590,2026-03-11,Cliente General,Aceite Repsol,4,
mCCA32o2cKKoNPPo5VzU,590,2026-03-11,Cliente General,Filtro compact,5,
mCCA32o2cKKoNPPo5VzU,590,2026-03-11,Cliente General,Aceite Havoline,4,
mCCA32o2cKKoNPPo5VzU,590,2026-03-11,Cliente General,Bomba trasera,1,
mCCA32o2cKKoNPPo5VzU,590,2026-03-11,Cliente General,Cable de clutch sin forro,1,
mCCA32o2cKKoNPPo5VzU,590,2026-03-11,Cliente General,Cable de freno de mano,1,
mCCA32o2cKKoNPPo5VzU,590,2026-03-11,Cliente General,Kit de cuna,1,
mCCA32o2cKKoNPPo5VzU,590,2026-03-11,Cliente General,Kit de bujin de muleta,3,
mCCA32o2cKKoNPPo5VzU,590,2026-03-11,Cliente General,Pivot,1,
mCCA32o2cKKoNPPo5VzU,590,2026-03-11,Cliente General,Tornillo de graduacion de freno,1,
mI4h6snGG6Msnedi8Lse,434,2025-12-19,Cliente General,Aceite Repsol,2,
mI4h6snGG6Msnedi8Lse,434,2025-12-19,Cliente General,Filtro de aceite compact,1,
mI4h6snGG6Msnedi8Lse,434,2025-12-19,Cliente General,Filtro y empaque 175,3,
mI4h6snGG6Msnedi8Lse,434,2025-12-19,Cliente General,Balero 6904,1,
mI4h6snGG6Msnedi8Lse,434,2025-12-19,Cliente General,Retenedor metalico,1,
mI4h6snGG6Msnedi8Lse,434,2025-12-19,Cliente General,Bomba trasera,1,
mI4h6snGG6Msnedi8Lse,434,2025-12-19,Cliente General,Mano de obra,1,SERVICIO
mP65o5x6JuQOYhesaIsn,489,2026-01-19,Cliente General,Retenedor metalico,1,
mP65o5x6JuQOYhesaIsn,489,2026-01-19,Cliente General,Bomba trasera,1,
mP65o5x6JuQOYhesaIsn,489,2026-01-19,Cliente General,Manga de cambio,1,
mP65o5x6JuQOYhesaIsn,489,2026-01-19,Cliente General,Filtro Compact,1,
mP65o5x6JuQOYhesaIsn,489,2026-01-19,Cliente General,Cable de velocidad,2,
mP65o5x6JuQOYhesaIsn,489,2026-01-19,Cliente General,Aceite Repsol,2,
mP65o5x6JuQOYhesaIsn,489,2026-01-19,Cliente General,Filtro y empaque,1,
mP65o5x6JuQOYhesaIsn,489,2026-01-19,Cliente General,Mano de obra,1,SERVICIO
mTNck3twVqhKyh3k69W3,361,2025-11-17,Cliente General,Bomba trasera,1,
mTNck3twVqhKyh3k69W3,361,2025-11-17,Cliente General,Filtro de aceite compact,1,
mTNck3twVqhKyh3k69W3,361,2025-11-17,Cliente General,Aceite Repsol,2,
mTNck3twVqhKyh3k69W3,361,2025-11-17,Cliente General,Bujia,1,
mTNck3twVqhKyh3k69W3,361,2025-11-17,Cliente General,Filtro y empaque 175,1,
mTNck3twVqhKyh3k69W3,361,2025-11-17,Cliente General,Liquido de frenos,1,
mTNck3twVqhKyh3k69W3,361,2025-11-17,Cliente General,Cable de clutch sin forro,1,
mTNck3twVqhKyh3k69W3,361,2025-11-17,Cliente General,Socket de 2 contactos,2,
mTNck3twVqhKyh3k69W3,361,2025-11-17,Cliente General,Tornillo de graduacion BCB,1,
mTNck3twVqhKyh3k69W3,361,2025-11-17,Cliente General,Stop completo 175 LH,1,
mTNck3twVqhKyh3k69W3,361,2025-11-17,Cliente General,Mano de obra,1,SERVICIO
mkxgA0kCNntVf2R3Lvv1,425,2025-12-15,Cliente General,Filtro y empaque 175,2,
mkxgA0kCNntVf2R3Lvv1,425,2025-12-15,Cliente General,Aceite Repsol,2,
mkxgA0kCNntVf2R3Lvv1,425,2025-12-15,Cliente General,Bomba trasera,2,
mkxgA0kCNntVf2R3Lvv1,425,2025-12-15,Cliente General,Filtro de aceite compact,1,
mkxgA0kCNntVf2R3Lvv1,425,2025-12-15,Cliente General,Cable de velocidad compact blanco,1,
mkxgA0kCNntVf2R3Lvv1,425,2025-12-15,Cliente General,Cable de velocidad compact negro,1,
mkxgA0kCNntVf2R3Lvv1,425,2025-12-15,Cliente General,Cable de acelerador 2022,1,
mkxgA0kCNntVf2R3Lvv1,425,2025-12-15,Cliente General,Mano de obra,1,SERVICIO
nCEjvHUmHFg6IxBibgPd,474,2026-01-12,Cliente General,Filtro y empaque,1,
nCEjvHUmHFg6IxBibgPd,474,2026-01-12,Cliente General,Filtro Compact,1,
nCEjvHUmHFg6IxBibgPd,474,2026-01-12,Cliente General,Aceite Repsol,2,
nCEjvHUmHFg6IxBibgPd,474,2026-01-12,Cliente General,Empaque de freno trasero,1,
nCEjvHUmHFg6IxBibgPd,474,2026-01-12,Cliente General,Liquido de freno,1,
nCEjvHUmHFg6IxBibgPd,474,2026-01-12,Cliente General,Llanta 4.00-8TT,2,
nCEjvHUmHFg6IxBibgPd,474,2026-01-12,Cliente General,Bujia,1,
nCEjvHUmHFg6IxBibgPd,474,2026-01-12,Cliente General,Capuchon de bujia,1,
nCEjvHUmHFg6IxBibgPd,474,2026-01-12,Cliente General,Grasera,1,
nCEjvHUmHFg6IxBibgPd,474,2026-01-12,Cliente General,Motor de arranque 175,1,
nCEjvHUmHFg6IxBibgPd,474,2026-01-12,Cliente General,Anillo de fuego,1,
nCEjvHUmHFg6IxBibgPd,474,2026-01-12,Cliente General,Bomba trasera,1,
nCEjvHUmHFg6IxBibgPd,474,2026-01-12,Cliente General,Mano de obra,1,SERVICIO
nD4bv1JBlCAFEw3ko32E,467,2026-01-08,Cliente General,Kit de empaque 205,1,
nD4bv1JBlCAFEw3ko32E,467,2026-01-08,Cliente General,Balero 6004,1,
nD4bv1JBlCAFEw3ko32E,467,2026-01-08,Cliente General,Selector de velocidad,1,
nD4bv1JBlCAFEw3ko32E,467,2026-01-08,Cliente General,Bomba trasera,2,
nD4bv1JBlCAFEw3ko32E,467,2026-01-08,Cliente General,Liquido de freno,1,
nD4bv1JBlCAFEw3ko32E,467,2026-01-08,Cliente General,Aceite Repsol,2,
nD4bv1JBlCAFEw3ko32E,467,2026-01-08,Cliente General,Filtro y empaque,2,
nD4bv1JBlCAFEw3ko32E,467,2026-01-08,Cliente General,Cable de velocidad,2,
nD4bv1JBlCAFEw3ko32E,467,2026-01-08,Cliente General,Cable de acelerador nuevo bajaj,1,
nD4bv1JBlCAFEw3ko32E,467,2026-01-08,Cliente General,Cable de clutch nuevo bajaj,1,
nD4bv1JBlCAFEw3ko32E,467,2026-01-08,Cliente General,CDI VERDE,1,
nD4bv1JBlCAFEw3ko32E,467,2026-01-08,Cliente General,Manecilla de clutch,1,
nD4bv1JBlCAFEw3ko32E,467,2026-01-08,Cliente General,Mano de obra,1,SERVICIO
nGzsU8P0Wd52WKjhK9DV,656,2026-04-14,Cliente General,Bomba de aceite,1,
nGzsU8P0Wd52WKjhK9DV,656,2026-04-14,Cliente General,Motor de arranque 175,1,
nGzsU8P0Wd52WKjhK9DV,656,2026-04-14,Cliente General,Llanta 4.00x8,1,
nGzsU8P0Wd52WKjhK9DV,656,2026-04-14,Cliente General,Plato automatico RH,1,
nGzsU8P0Wd52WKjhK9DV,656,2026-04-14,Cliente General,Filtro y empaque,1,
nGzsU8P0Wd52WKjhK9DV,656,2026-04-14,Cliente General,Kit de balero trasero,1,
nGzsU8P0Wd52WKjhK9DV,656,2026-04-14,Cliente General,Retenedor metalico,1,
nGzsU8P0Wd52WKjhK9DV,656,2026-04-14,Cliente General,Cobertor de stop RH,1,
nGzsU8P0Wd52WKjhK9DV,656,2026-04-14,Cliente General,Cable de velocidad 175,2,
nGzsU8P0Wd52WKjhK9DV,656,2026-04-14,Cliente General,Pivot,1,
nGzsU8P0Wd52WKjhK9DV,656,2026-04-14,Cliente General,Liquido de freno,1,
nGzsU8P0Wd52WKjhK9DV,656,2026-04-14,Cliente General,Kit de carbones,1,
nGzsU8P0Wd52WKjhK9DV,656,2026-04-14,Cliente General,Mano de obra,1,SERVICIO
nLFl1byvmrnVJFrKocRO,439,2025-12-22,Cliente General,Bujin de masa delantera,1,
nLFl1byvmrnVJFrKocRO,439,2025-12-22,Cliente General,Filtro de aceite compact,1,
nLFl1byvmrnVJFrKocRO,439,2025-12-22,Cliente General,Pivot,1,
nLFl1byvmrnVJFrKocRO,439,2025-12-22,Cliente General,Filtro y empaque 175,1,
nLFl1byvmrnVJFrKocRO,439,2025-12-22,Cliente General,Bomba trasera,1,
nLFl1byvmrnVJFrKocRO,439,2025-12-22,Cliente General,Rin ancho de dos pulgadas tulio,2,
nLFl1byvmrnVJFrKocRO,439,2025-12-22,Cliente General,Liquido de freno,1,
nLFl1byvmrnVJFrKocRO,439,2025-12-22,Cliente General,Regulador de voltaje,1,
nLFl1byvmrnVJFrKocRO,439,2025-12-22,Cliente General,Mano de obra,1,SERVICIO
nMSPGrqGdZijZFyGGmPp,503,2026-01-26,Cliente General,Aceite Repsol,1,
nMSPGrqGdZijZFyGGmPp,503,2026-01-26,Cliente General,Filtro y empaque,1,
nMSPGrqGdZijZFyGGmPp,503,2026-01-26,Cliente General,Empaque de clutch,1,
nMSPGrqGdZijZFyGGmPp,503,2026-01-26,Cliente General,Bomba de aceite,1,
nMSPGrqGdZijZFyGGmPp,503,2026-01-26,Cliente General,Balero 1616,1,
nMSPGrqGdZijZFyGGmPp,503,2026-01-26,Cliente General,Piñon doble,1,
nMSPGrqGdZijZFyGGmPp,503,2026-01-26,Cliente General,Piñon de retroceso,1,
nMSPGrqGdZijZFyGGmPp,503,2026-01-26,Cliente General,Liquido de freno,2,
nMSPGrqGdZijZFyGGmPp,503,2026-01-26,Cliente General,Kit de retenedores,1,
nMSPGrqGdZijZFyGGmPp,503,2026-01-26,Cliente General,Balero 16007,1,
nMSPGrqGdZijZFyGGmPp,503,2026-01-26,Cliente General,Pin satelite grande,1,
nMSPGrqGdZijZFyGGmPp,503,2026-01-26,Cliente General,Planetarios grandes,2,
nMSPGrqGdZijZFyGGmPp,503,2026-01-26,Cliente General,Satelite pequeño,2,
nMSPGrqGdZijZFyGGmPp,503,2026-01-26,Cliente General,Cable de clutch nuevo bajaj,1,
ni7JyyKxmxMcUeMJ45aI,717,2026-05-05,Cliente General,Aceite REPSOL 20W50 1000ml,2,MxZYt471Hv0ZhT0oI8gt
ni7JyyKxmxMcUeMJ45aI,717,2026-05-05,Cliente General,Filtro de aceite compact,3,46jf95e2CO7XcCWDWq8v
ni7JyyKxmxMcUeMJ45aI,717,2026-05-05,Cliente General,Focos de 2 contactos,4,KAmVRz4jn6YlUVpxwiXr
ni7JyyKxmxMcUeMJ45aI,717,2026-05-05,Cliente General,Cambio de aceite,1,
ni7JyyKxmxMcUeMJ45aI,717,2026-05-05,Cliente General,Revisión de frenos,1,
ni7JyyKxmxMcUeMJ45aI,717,2026-05-05,Cliente General,emgrase jeneral,1,
ni7JyyKxmxMcUeMJ45aI,717,2026-05-05,Cliente General,Mano de Obra,1,
nj2i5vxydo2eEe2GRtJj,558,2026-02-24,Cliente General,Aceite Repsol,2,
nj2i5vxydo2eEe2GRtJj,558,2026-02-24,Cliente General,Filtro Compact,2,
nj2i5vxydo2eEe2GRtJj,558,2026-02-24,Cliente General,Bomba trasera,1,
nj2i5vxydo2eEe2GRtJj,558,2026-02-24,Cliente General,Cilindro 205,1,
nj2i5vxydo2eEe2GRtJj,558,2026-02-24,Cliente General,Platos adornos cromados shakti,1,
nj2i5vxydo2eEe2GRtJj,558,2026-02-24,Cliente General,Adorno central 2015,1,
nj2i5vxydo2eEe2GRtJj,558,2026-02-24,Cliente General,Adorno silvin 2015,1,
nj2i5vxydo2eEe2GRtJj,558,2026-02-24,Cliente General,Adorno stop compact,2,
nj2i5vxydo2eEe2GRtJj,558,2026-02-24,Cliente General,Tapadera de silvin LH Bajaj,1,
nj2i5vxydo2eEe2GRtJj,558,2026-02-24,Cliente General,Aro ancho,2,
nj2i5vxydo2eEe2GRtJj,558,2026-02-24,Cliente General,Bumper cromado,1,
nvVJ0v8TCZAGezddika8,624,2026-03-30,Cliente General,Clutch completo,1,
nvVJ0v8TCZAGezddika8,624,2026-03-30,Cliente General,Empaque de clutch,1,
nvVJ0v8TCZAGezddika8,624,2026-03-30,Cliente General,Filtro compact,2,
nvVJ0v8TCZAGezddika8,624,2026-03-30,Cliente General,Retenedor metalico,1,
nvVJ0v8TCZAGezddika8,624,2026-03-30,Cliente General,Bomba trasera,1,
nvVJ0v8TCZAGezddika8,624,2026-03-30,Cliente General,Empaque de freno trasero,1,
nvVJ0v8TCZAGezddika8,624,2026-03-30,Cliente General,Mano de obra,1,SERVICIO
oHQ65hcGQizscGgBAFyR,538,2026-02-12,Cliente General,Bumper cromado,1,
oHQ65hcGQizscGgBAFyR,538,2026-02-12,Cliente General,Tornillo de cruz,1,
oHQ65hcGQizscGgBAFyR,538,2026-02-12,Cliente General,Selector de velocidad,1,
oHQ65hcGQizscGgBAFyR,538,2026-02-12,Cliente General,Filtro y empaque,1,
oHQ65hcGQizscGgBAFyR,538,2026-02-12,Cliente General,Empaque de clutch,1,
oHQ65hcGQizscGgBAFyR,538,2026-02-12,Cliente General,Aro ancho,2,
oafvAXwKHPOBQtsZcEsF,365,2025-11-18,Cliente General,Cable de velocidad,3,
oafvAXwKHPOBQtsZcEsF,365,2025-11-18,Cliente General,Gusano de clutch,1,
oafvAXwKHPOBQtsZcEsF,365,2025-11-18,Cliente General,Filtro de aceite compact,1,
oafvAXwKHPOBQtsZcEsF,365,2025-11-18,Cliente General,Pivot estandar bajaj,1,
oafvAXwKHPOBQtsZcEsF,365,2025-11-18,Cliente General,Amortiguador delantero,1,
oafvAXwKHPOBQtsZcEsF,365,2025-11-18,Cliente General,Bomba trasera,1,
oafvAXwKHPOBQtsZcEsF,365,2025-11-18,Cliente General,Mano de obra,1,SERVICIO
obggZzbEbeF42m2Zi2mE,511,2026-01-29,Cliente General,Filtro y empaque,1,
obggZzbEbeF42m2Zi2mE,511,2026-01-29,Cliente General,Aceite Havoline,2,
obggZzbEbeF42m2Zi2mE,511,2026-01-29,Cliente General,Balero 6004,1,
obggZzbEbeF42m2Zi2mE,511,2026-01-29,Cliente General,filtro de aire sin maya,1,
obggZzbEbeF42m2Zi2mE,511,2026-01-29,Cliente General,Filtro Compact,2,
obggZzbEbeF42m2Zi2mE,511,2026-01-29,Cliente General,Aceite Repsol,2,
obggZzbEbeF42m2Zi2mE,511,2026-01-29,Cliente General,Bujia compact,2,
obggZzbEbeF42m2Zi2mE,511,2026-01-29,Cliente General,Balero 1616,1,
obggZzbEbeF42m2Zi2mE,511,2026-01-29,Cliente General,Espejo negro lila 2022,1,
obggZzbEbeF42m2Zi2mE,511,2026-01-29,Cliente General,Mano de obra,1,SERVICIO
ok6HEBoI0WEbrDsd84C1,455,2026-01-02,Cliente General,Cruz de cambio,1,
ok6HEBoI0WEbrDsd84C1,455,2026-01-02,Cliente General,Filtro y empaque,1,
ok6HEBoI0WEbrDsd84C1,455,2026-01-02,Cliente General,Empaque de clutch,1,
ok6HEBoI0WEbrDsd84C1,455,2026-01-02,Cliente General,Aceite Repsol,2,
ok6HEBoI0WEbrDsd84C1,455,2026-01-02,Cliente General,Filtro Compact,1,
ok6HEBoI0WEbrDsd84C1,455,2026-01-02,Cliente General,Bomba trasera,1,
ok6HEBoI0WEbrDsd84C1,455,2026-01-02,Cliente General,Polvera grande,2,
ok6HEBoI0WEbrDsd84C1,455,2026-01-02,Cliente General,Cadena de tiempo,1,
ok6HEBoI0WEbrDsd84C1,455,2026-01-02,Cliente General,Clutch completo,1,
ok6HEBoI0WEbrDsd84C1,455,2026-01-02,Cliente General,Bomba de aceite,1,
ok6HEBoI0WEbrDsd84C1,455,2026-01-02,Cliente General,Aceite Havoline,2,
ok6HEBoI0WEbrDsd84C1,455,2026-01-02,Cliente General,Tensor de cadena,1,
ok6HEBoI0WEbrDsd84C1,455,2026-01-02,Cliente General,Pivot,1,
ok6HEBoI0WEbrDsd84C1,455,2026-01-02,Cliente General,Tope de flecha,1,
ouKaA2KBoTwc5pXuSDHb,689,2026-05-02,Cliente General,Aceite HAVOLINE 20W50 1000ml,1,xLianJA09yo8R7gurOM0
ouKaA2KBoTwc5pXuSDHb,689,2026-05-02,Cliente General,Empaque de freno trasero,2,c3VvKk2OXo2CU9FKbg6e
ouKaA2KBoTwc5pXuSDHb,689,2026-05-02,Cliente General,Planta sola 175,1,L4apupzsIzfP0XXB5j7h
ouKaA2KBoTwc5pXuSDHb,689,2026-05-02,Cliente General,Filtro y empaque,1,eqUw92h7s5dtXhgy5eTJ
ouKaA2KBoTwc5pXuSDHb,689,2026-05-02,Cliente General,Tapadera de ventilador pequeño BAJAJ,1,xnm7NZaCwYHICsWFyCLs
ouKaA2KBoTwc5pXuSDHb,689,2026-05-02,Cliente General,Tapadera de ventilador grande BAJAJ,1,GjEfcQHAtOtmUWwCZUQ3
ouKaA2KBoTwc5pXuSDHb,689,2026-05-02,Cliente General,Cable de clutch nuevo Bajaj,1,YOrVSh8ETDwxtBnSdzwi
ouKaA2KBoTwc5pXuSDHb,689,2026-05-02,Cliente General,Boton de arranque BCB,1,U95gHh7s6MN4dekqKNLl
ouKaA2KBoTwc5pXuSDHb,689,2026-05-02,Cliente General,Loderas de hule,2,2iiNN2YMAcy4HW0le8Hj
ouKaA2KBoTwc5pXuSDHb,689,2026-05-02,Cliente General,Aceite REPSOL 20W50 1000ml,2,MxZYt471Hv0ZhT0oI8gt
ouKaA2KBoTwc5pXuSDHb,689,2026-05-02,Cliente General,Bomba trasera,1,k799vWanLuRNf04a2Fwn
ouKaA2KBoTwc5pXuSDHb,689,2026-05-02,Cliente General,Mano de Obra,1,
p3XWLxVEtX5U3a8f4gMD,391,2025-11-19,Cliente General,Aceite Repsol,4,
p3XWLxVEtX5U3a8f4gMD,391,2025-11-19,Cliente General,Filtro de aceite compact,1,
p3XWLxVEtX5U3a8f4gMD,391,2025-11-19,Cliente General,Filtro y empaque 175,1,
p3XWLxVEtX5U3a8f4gMD,391,2025-11-19,Cliente General,Pivot,1,
p3XWLxVEtX5U3a8f4gMD,391,2025-11-19,Cliente General,Capuchon de bujia,1,
p3XWLxVEtX5U3a8f4gMD,391,2025-11-19,Cliente General,Bomba central de freno,1,
p3XWLxVEtX5U3a8f4gMD,391,2025-11-19,Cliente General,Liquido de frenos,1,
p3XWLxVEtX5U3a8f4gMD,391,2025-11-19,Cliente General,Bomba trasera,2,
p3XWLxVEtX5U3a8f4gMD,391,2025-11-19,Cliente General,Socket de 2 contactos,1,
p3XWLxVEtX5U3a8f4gMD,391,2025-11-19,Cliente General,Retenedor de metal,1,
p3XWLxVEtX5U3a8f4gMD,391,2025-11-19,Cliente General,Balero 6904,1,
p3XWLxVEtX5U3a8f4gMD,391,2025-11-19,Cliente General,Grasera,1,
p3XWLxVEtX5U3a8f4gMD,391,2025-11-19,Cliente General,Mano de obra,1,SERVICIO
p8GycCMOzcsWG6Od6Q9J,633,2026-04-06,Cliente General,Bomba central Bajaj,1,
p8GycCMOzcsWG6Od6Q9J,633,2026-04-06,Cliente General,Bomba de aceite,1,
p8GycCMOzcsWG6Od6Q9J,633,2026-04-06,Cliente General,Bomba trasera,2,
p8GycCMOzcsWG6Od6Q9J,633,2026-04-06,Cliente General,Cable de clutch compact,1,
p8GycCMOzcsWG6Od6Q9J,633,2026-04-06,Cliente General,Cable de clutch nuevo,1,
p8GycCMOzcsWG6Od6Q9J,633,2026-04-06,Cliente General,Cable de clutch sin forro,3,
p8GycCMOzcsWG6Od6Q9J,633,2026-04-06,Cliente General,Cable de freno de mano,1,
p8GycCMOzcsWG6Od6Q9J,633,2026-04-06,Cliente General,Cable de velocidad 175,2,
p8GycCMOzcsWG6Od6Q9J,633,2026-04-06,Cliente General,Mano de obra,1,SERVICIO
pDiChxzwtWAL8KOoF6jm,663,2026-04-16,Cliente General,Amortiguador trasero,1,
pDiChxzwtWAL8KOoF6jm,663,2026-04-16,Cliente General,Eje trasero,1,
pDiChxzwtWAL8KOoF6jm,663,2026-04-16,Cliente General,Empaque de clutch,2,
pDiChxzwtWAL8KOoF6jm,663,2026-04-16,Cliente General,Espaciador de cigüeñal,1,
pDiChxzwtWAL8KOoF6jm,663,2026-04-16,Cliente General,Guia de lubricacion,2,
pDiChxzwtWAL8KOoF6jm,663,2026-04-16,Cliente General,Kit de cuna,2,
pDiChxzwtWAL8KOoF6jm,663,2026-04-16,Cliente General,Kit de resorte de freno,1,
pDiChxzwtWAL8KOoF6jm,663,2026-04-16,Cliente General,Kit de retenedores,2,
pDiChxzwtWAL8KOoF6jm,663,2026-04-16,Cliente General,Foco de 2 contactos,10,
pDiChxzwtWAL8KOoF6jm,663,2026-04-16,Cliente General,Kit de sello de valvulas,1,
pDiChxzwtWAL8KOoF6jm,663,2026-04-16,Cliente General,Kit de valvulas 205,1,
pDiChxzwtWAL8KOoF6jm,663,2026-04-16,Cliente General,Motor de arranque 175,1,
pDiChxzwtWAL8KOoF6jm,663,2026-04-16,Cliente General,Pin hueco,5,
pDiChxzwtWAL8KOoF6jm,663,2026-04-16,Cliente General,Liquido de freno,1,
pNeQ5qE6wRSSdhIcEz7I,640,2026-04-08,Cliente General,Filtro compact,1,
pNeQ5qE6wRSSdhIcEz7I,640,2026-04-08,Cliente General,Aceite Havoline,2,
pNeQ5qE6wRSSdhIcEz7I,640,2026-04-08,Cliente General,Filtro y empaque,1,
pNeQ5qE6wRSSdhIcEz7I,640,2026-04-08,Cliente General,Aceite Repsol,2,
pNeQ5qE6wRSSdhIcEz7I,640,2026-04-08,Cliente General,Empaque de freno trasero,1,
pNeQ5qE6wRSSdhIcEz7I,640,2026-04-08,Cliente General,Cable de clutch compact,1,
pNeQ5qE6wRSSdhIcEz7I,640,2026-04-08,Cliente General,Adorno de espejo,1,
pNeQ5qE6wRSSdhIcEz7I,640,2026-04-08,Cliente General,Bomba trasera,1,
pNeQ5qE6wRSSdhIcEz7I,640,2026-04-08,Cliente General,Pito de platillo,1,
pNeQ5qE6wRSSdhIcEz7I,640,2026-04-08,Cliente General,Liquido de freno,1,
pNeQ5qE6wRSSdhIcEz7I,640,2026-04-08,Cliente General,Mano de obra,1,SERVICIO
pdPiVJpbhCHbQ3zg8R3d,586,2026-03-10,Cliente General,Aceite Havoline,2,
pdPiVJpbhCHbQ3zg8R3d,586,2026-03-10,Cliente General,Cargador de motor trasero,1,
pdPiVJpbhCHbQ3zg8R3d,586,2026-03-10,Cliente General,Eje de piña,1,
pdPiVJpbhCHbQ3zg8R3d,586,2026-03-10,Cliente General,Kit de retenedor,1,
pdPiVJpbhCHbQ3zg8R3d,586,2026-03-10,Cliente General,Balero 6004,1,
pdPiVJpbhCHbQ3zg8R3d,586,2026-03-10,Cliente General,Kit de dados,1,
pdPiVJpbhCHbQ3zg8R3d,586,2026-03-10,Cliente General,Tornillo de graduacion de freno,1,
pdPiVJpbhCHbQ3zg8R3d,586,2026-03-10,Cliente General,Pivot,1,
pdPiVJpbhCHbQ3zg8R3d,586,2026-03-10,Cliente General,Empaque de cilindro,1,
pdPiVJpbhCHbQ3zg8R3d,586,2026-03-10,Cliente General,Pin hueco,5,
pdPiVJpbhCHbQ3zg8R3d,586,2026-03-10,Cliente General,Cadenas de tiempo,2,
pdPiVJpbhCHbQ3zg8R3d,586,2026-03-10,Cliente General,Empaque de clutch,1,
pdPiVJpbhCHbQ3zg8R3d,586,2026-03-10,Cliente General,Balerina grande,1,
pdPiVJpbhCHbQ3zg8R3d,586,2026-03-10,Cliente General,Balerina pequeña,2,
pw0YkPc60jufWBJTrkfF,452,2025-12-30,Cliente General,Filtro de aceite compact,1,
pw0YkPc60jufWBJTrkfF,452,2025-12-30,Cliente General,Aceite Repsol,2,
pw0YkPc60jufWBJTrkfF,452,2025-12-30,Cliente General,Amortiguador trasero,1,
pw0YkPc60jufWBJTrkfF,452,2025-12-30,Cliente General,Filtro y empaque 175,1,
pw0YkPc60jufWBJTrkfF,452,2025-12-30,Cliente General,Bomba trasera,1,
pw0YkPc60jufWBJTrkfF,452,2025-12-30,Cliente General,Mano de obra,1,SERVICIO
q9jowZaepIZzsCbwbRIz,400,2025-12-03,Cliente General,Filtro y empaque 175,2,
q9jowZaepIZzsCbwbRIz,400,2025-12-03,Cliente General,Bujia,1,
q9jowZaepIZzsCbwbRIz,400,2025-12-03,Cliente General,Cable de velocidad,1,
q9jowZaepIZzsCbwbRIz,400,2025-12-03,Cliente General,Tensor de cadena 205,1,
q9jowZaepIZzsCbwbRIz,400,2025-12-03,Cliente General,Gusano de clutch,1,
q9jowZaepIZzsCbwbRIz,400,2025-12-03,Cliente General,Polvera grande,2,
q9jowZaepIZzsCbwbRIz,400,2025-12-03,Cliente General,Tope de flecha,2,
q9jowZaepIZzsCbwbRIz,400,2025-12-03,Cliente General,Filtro de aceite compact,1,
q9jowZaepIZzsCbwbRIz,400,2025-12-03,Cliente General,Cable sin forro de clutch,5,
q9jowZaepIZzsCbwbRIz,400,2025-12-03,Cliente General,Cable sin forro de velocidad,5,
q9jowZaepIZzsCbwbRIz,400,2025-12-03,Cliente General,Aceite 140,1,
q9jowZaepIZzsCbwbRIz,400,2025-12-03,Cliente General,Aceite Repsol,2,
qKmzCKgAHaO5DECksUvp,354,2025-11-13,Cliente General,Aceite Repsol,2,
qKmzCKgAHaO5DECksUvp,354,2025-11-13,Cliente General,Cuarto de aceite 140,3,
qKmzCKgAHaO5DECksUvp,354,2025-11-13,Cliente General,Cuarto de aceite Havoline,3,
qKmzCKgAHaO5DECksUvp,354,2025-11-13,Cliente General,Filtro y empaque 175,1,
qKmzCKgAHaO5DECksUvp,354,2025-11-13,Cliente General,Filtro de aceite compact,1,
qKmzCKgAHaO5DECksUvp,354,2025-11-13,Cliente General,Bujin de masa delantera,1,
qKmzCKgAHaO5DECksUvp,354,2025-11-13,Cliente General,Pivot estandar bajaj,1,
qKmzCKgAHaO5DECksUvp,354,2025-11-13,Cliente General,Silicon gris,1,
qKmzCKgAHaO5DECksUvp,354,2025-11-13,Cliente General,Bomba trasera,1,
qKmzCKgAHaO5DECksUvp,354,2025-11-13,Cliente General,Liquido de frenos,5,
qW4cBEkoYCp63smZj0Fb,639,2026-04-08,Cliente General,Filtro y empaque,2,
qW4cBEkoYCp63smZj0Fb,639,2026-04-08,Cliente General,Empaque de clutch,1,
qW4cBEkoYCp63smZj0Fb,639,2026-04-08,Cliente General,Gusano de clutch,1,
qW4cBEkoYCp63smZj0Fb,639,2026-04-08,Cliente General,T de cambio,1,
qW4cBEkoYCp63smZj0Fb,639,2026-04-08,Cliente General,Guia de lubricacion,1,
qW4cBEkoYCp63smZj0Fb,639,2026-04-08,Cliente General,Tornillo de eje de muleta,1,
qW4cBEkoYCp63smZj0Fb,639,2026-04-08,Cliente General,Kit de discos pasta,1,
qW4cBEkoYCp63smZj0Fb,639,2026-04-08,Cliente General,Filtro compact,1,
qW4cBEkoYCp63smZj0Fb,639,2026-04-08,Cliente General,Aceite Havoline,2,
qW4cBEkoYCp63smZj0Fb,639,2026-04-08,Cliente General,Mano de obra,1,SERVICIO
qXoJOdMaLqSLiIgkb9v9,543,2026-02-16,Cliente General,Aceite Repsol,4,
qXoJOdMaLqSLiIgkb9v9,543,2026-02-16,Cliente General,Filtro Compact,2,
qXoJOdMaLqSLiIgkb9v9,543,2026-02-16,Cliente General,Liquido de freno,1,
qXoJOdMaLqSLiIgkb9v9,543,2026-02-16,Cliente General,Bomba trasera,2,
qXoJOdMaLqSLiIgkb9v9,543,2026-02-16,Cliente General,Terminal de bateria par,1,
qXoJOdMaLqSLiIgkb9v9,543,2026-02-16,Cliente General,Bujia Bajaj,1,
qXoJOdMaLqSLiIgkb9v9,543,2026-02-16,Cliente General,Cable de clutch sin forro,1,
qXoJOdMaLqSLiIgkb9v9,543,2026-02-16,Cliente General,Llanta 4.00-8TT,2,
qXoJOdMaLqSLiIgkb9v9,543,2026-02-16,Cliente General,Grasera,1,
qXoJOdMaLqSLiIgkb9v9,543,2026-02-16,Cliente General,Mano de obra,1,SERVICIO
qo4w88XxzTDPaH9lJIn7,428,2025-12-16,Cliente General,Aceite Repsol,4,
qo4w88XxzTDPaH9lJIn7,428,2025-12-16,Cliente General,Filtro de aceite compact,2,
qo4w88XxzTDPaH9lJIn7,428,2025-12-16,Cliente General,Mano de obra,1,SERVICIO
qu3ITqcGksI8yAhCUEGO,598,2026-03-16,Cliente General,Liquido de frenos,1,
qu3ITqcGksI8yAhCUEGO,598,2026-03-16,Cliente General,Bomba central Compact,1,
qu3ITqcGksI8yAhCUEGO,598,2026-03-16,Cliente General,Bumper Rojo,1,
qu3ITqcGksI8yAhCUEGO,598,2026-03-16,Cliente General,Socket de 2 contactos,1,
qu3ITqcGksI8yAhCUEGO,598,2026-03-16,Cliente General,Aceite Repsol,2,
qu3ITqcGksI8yAhCUEGO,598,2026-03-16,Cliente General,Filtro compact,1,
qu3ITqcGksI8yAhCUEGO,598,2026-03-16,Cliente General,Cable de clutch nuevo,1,
qu3ITqcGksI8yAhCUEGO,598,2026-03-16,Cliente General,Gusano de clutch,1,
qu3ITqcGksI8yAhCUEGO,598,2026-03-16,Cliente General,Mano de obra,1,SERVICIO
r2GeLEHJBTBLiWJMZy3F,433,2025-12-18,Cliente General,Aceite Repsol,1,
r2GeLEHJBTBLiWJMZy3F,433,2025-12-18,Cliente General,Filtro de aceite compact,1,
r2GeLEHJBTBLiWJMZy3F,433,2025-12-18,Cliente General,Havoline,2,
r2GeLEHJBTBLiWJMZy3F,433,2025-12-18,Cliente General,Empaque de freno trasero,1,
r2GeLEHJBTBLiWJMZy3F,433,2025-12-18,Cliente General,Planta sola 175,1,
r2GeLEHJBTBLiWJMZy3F,433,2025-12-18,Cliente General,Kit de balero trasero,1,
r2GeLEHJBTBLiWJMZy3F,433,2025-12-18,Cliente General,Mano de obra,1,SERVICIO
rC7TRveZApUO1ifDvlWO,703,2026-05-05,Cliente General,Aceite CASTROL 20W50 1000ml,1,iIPhKSCzDDkLG4BMkLHn
rC7TRveZApUO1ifDvlWO,703,2026-05-05,Cliente General,Aceite 140,1,TmfFRNzZ093NMW8Y3tf9
rC7TRveZApUO1ifDvlWO,703,2026-05-05,Cliente General,Amortiguador trasero,2,SdFAAsq48y8SGN7CPLl6
rC7TRveZApUO1ifDvlWO,703,2026-05-05,Cliente General,Anillo de fuego hueco,1,08jX9b3Efj9NtR3iCSoA
rC7TRveZApUO1ifDvlWO,703,2026-05-05,Cliente General,Balero 6904,1,wnfBQ7Q0jrxq4dLvTwhf
rC7TRveZApUO1ifDvlWO,703,2026-05-05,Cliente General,Baquelitas delantera LH,1,xy61Jgi7thqYPGYLjOxu
rC7TRveZApUO1ifDvlWO,703,2026-05-05,Cliente General,Bomba central de freno Bajaj,1,R6VMwrhKBYThIJQdiByt
rC7TRveZApUO1ifDvlWO,703,2026-05-05,Cliente General,Bomba trasera,2,k799vWanLuRNf04a2Fwn
rC7TRveZApUO1ifDvlWO,703,2026-05-05,Cliente General,Mano de Obra,1,
rMBhAiNKmwMuM0VEb1cq,373,2025-11-19,Cliente General,Kit de valvulas 205,1,
rMBhAiNKmwMuM0VEb1cq,373,2025-11-19,Cliente General,Carburador Nuevo Bajaj,1,
rMBhAiNKmwMuM0VEb1cq,373,2025-11-19,Cliente General,Balero 6904,1,
rMBhAiNKmwMuM0VEb1cq,373,2025-11-19,Cliente General,Aceite Repsol,2,
rMBhAiNKmwMuM0VEb1cq,373,2025-11-19,Cliente General,Filtro de aceite compact,1,
rMBhAiNKmwMuM0VEb1cq,373,2025-11-19,Cliente General,Cuarto de aceite 140,1,
rMBhAiNKmwMuM0VEb1cq,373,2025-11-19,Cliente General,Cuarto de aceite Havoline,1,
rMBhAiNKmwMuM0VEb1cq,373,2025-11-19,Cliente General,Piñon doble,1,
rMBhAiNKmwMuM0VEb1cq,373,2025-11-19,Cliente General,Piñon de retroceso,1,
rMBhAiNKmwMuM0VEb1cq,373,2025-11-19,Cliente General,Balero 1616,1,
rMBhAiNKmwMuM0VEb1cq,373,2025-11-19,Cliente General,Tapadera de corona,1,
rMBhAiNKmwMuM0VEb1cq,373,2025-11-19,Cliente General,Empaque diferencial,2,
rMBhAiNKmwMuM0VEb1cq,373,2025-11-19,Cliente General,Kit de dados,1,
rMBhAiNKmwMuM0VEb1cq,373,2025-11-19,Cliente General,Juegos de adornos de espejo,1,
rXtUJG8cuFc2S5JvgoLR,583,2026-03-07,Cliente General,Filtro compact,1,
rXtUJG8cuFc2S5JvgoLR,583,2026-03-07,Cliente General,Aceite Repsol,2,
rXtUJG8cuFc2S5JvgoLR,583,2026-03-07,Cliente General,Retenedor metalico,1,
rXtUJG8cuFc2S5JvgoLR,583,2026-03-07,Cliente General,Tensor de cadena,1,
rXtUJG8cuFc2S5JvgoLR,583,2026-03-07,Cliente General,Graseras,1,
rXtUJG8cuFc2S5JvgoLR,583,2026-03-07,Cliente General,Topes de flecha,2,
rXtUJG8cuFc2S5JvgoLR,583,2026-03-07,Cliente General,Liquido de frenos,2,
rXtUJG8cuFc2S5JvgoLR,583,2026-03-07,Cliente General,Aceite 140,1,
rXtUJG8cuFc2S5JvgoLR,583,2026-03-07,Cliente General,Aceite Havoline,2,
rXtUJG8cuFc2S5JvgoLR,583,2026-03-07,Cliente General,Stop compact RH,1,
rXtUJG8cuFc2S5JvgoLR,583,2026-03-07,Cliente General,Anillo de fuego,1,
rXtUJG8cuFc2S5JvgoLR,583,2026-03-07,Cliente General,Bomba central de freno,1,
rXtUJG8cuFc2S5JvgoLR,583,2026-03-07,Cliente General,Cable de clutch sin forro,1,
rXtUJG8cuFc2S5JvgoLR,583,2026-03-07,Cliente General,Mano de obra,1,SERVICIO
rlbAGOascG2znQ3zCIk5,389,2025-11-19,Cliente General,Piñon doble,1,
rlbAGOascG2znQ3zCIk5,389,2025-11-19,Cliente General,Piñon de retroceso,1,
rlbAGOascG2znQ3zCIk5,389,2025-11-19,Cliente General,Porta fusible,1,
rlbAGOascG2znQ3zCIk5,389,2025-11-19,Cliente General,kit de retenedores,1,
rlbAGOascG2znQ3zCIk5,389,2025-11-19,Cliente General,Empaque diferencial,1,
rlbAGOascG2znQ3zCIk5,389,2025-11-19,Cliente General,Aceite Repsol,2,
rlbAGOascG2znQ3zCIk5,389,2025-11-19,Cliente General,Filtro de aceite compact,1,
rlbAGOascG2znQ3zCIk5,389,2025-11-19,Cliente General,Polvera grande,2,
rlbAGOascG2znQ3zCIk5,389,2025-11-19,Cliente General,Filtro y empaque 175,1,
rlbAGOascG2znQ3zCIk5,389,2025-11-19,Cliente General,Carburador viejo bajaj,1,
rlbAGOascG2znQ3zCIk5,389,2025-11-19,Cliente General,Empaque de manifold PCB,1,
rlbAGOascG2znQ3zCIk5,389,2025-11-19,Cliente General,Mano de obra,1,SERVICIO
rq52GVAWegKmts643nnh,364,2025-11-18,Cliente General,Amortiguador delantero,1,
rq52GVAWegKmts643nnh,364,2025-11-18,Cliente General,Bomba trasera,2,
rq52GVAWegKmts643nnh,364,2025-11-18,Cliente General,Filtro y empaque 175,1,
rq52GVAWegKmts643nnh,364,2025-11-18,Cliente General,Pivot,1,
rq52GVAWegKmts643nnh,364,2025-11-18,Cliente General,Kit de balero trasero,1,
rq52GVAWegKmts643nnh,364,2025-11-18,Cliente General,Cable de velocidad,2,
rq52GVAWegKmts643nnh,364,2025-11-18,Cliente General,Tope de flecha,2,
rwRmDvYPR1RIAZMhGSSK,337,2025-11-05,Cliente General,Filtro y empaque 175,1,
rwRmDvYPR1RIAZMhGSSK,337,2025-11-05,Cliente General,Carburador 175,1,
rwRmDvYPR1RIAZMhGSSK,337,2025-11-05,Cliente General,Relay de star,1,
rwRmDvYPR1RIAZMhGSSK,337,2025-11-05,Cliente General,Pito Helan,1,
rwRmDvYPR1RIAZMhGSSK,337,2025-11-05,Cliente General,Covertor trasero de Stop RH 175,2,
rwRmDvYPR1RIAZMhGSSK,337,2025-11-05,Cliente General,Motor de arranque 175,1,
rwRmDvYPR1RIAZMhGSSK,337,2025-11-05,Cliente General,Socket de 2 contactos,1,
rwRmDvYPR1RIAZMhGSSK,337,2025-11-05,Cliente General,Baquelita RH,1,
rwRmDvYPR1RIAZMhGSSK,337,2025-11-05,Cliente General,Baquelita LH,1,
rwRmDvYPR1RIAZMhGSSK,337,2025-11-05,Cliente General,Covertor trasero de stop LH 175,2,
rwRmDvYPR1RIAZMhGSSK,337,2025-11-05,Cliente General,Motor limpia brisas,1,
rwRmDvYPR1RIAZMhGSSK,337,2025-11-05,Cliente General,Mano de obra,1,SERVICIO
ryS7wkXmthhEljMG9DiH,454,2026-01-02,Cliente General,Cruz de cambio,1,
ryS7wkXmthhEljMG9DiH,454,2026-01-02,Cliente General,Carter lado magneto,1,
ryS7wkXmthhEljMG9DiH,454,2026-01-02,Cliente General,Liquido de freno,1,
ryS7wkXmthhEljMG9DiH,454,2026-01-02,Cliente General,Silicon gris,1,
ryS7wkXmthhEljMG9DiH,454,2026-01-02,Cliente General,Empaque de freno trasero,1,
ryS7wkXmthhEljMG9DiH,454,2026-01-02,Cliente General,Filtro Compact,1,
ryS7wkXmthhEljMG9DiH,454,2026-01-02,Cliente General,Aceite Repsol,2,
ryS7wkXmthhEljMG9DiH,454,2026-01-02,Cliente General,Balero 1616,1,
ryS7wkXmthhEljMG9DiH,454,2026-01-02,Cliente General,Kit de retenedores,1,
ryS7wkXmthhEljMG9DiH,454,2026-01-02,Cliente General,Balero 142216,1,
ryS7wkXmthhEljMG9DiH,454,2026-01-02,Cliente General,Kit de empaque 205,1,
ryS7wkXmthhEljMG9DiH,454,2026-01-02,Cliente General,Cable de velocidad,2,
ryS7wkXmthhEljMG9DiH,454,2026-01-02,Cliente General,Balero 6004,1,
ryS7wkXmthhEljMG9DiH,454,2026-01-02,Cliente General,Mano de obra,1,SERVICIO
rzOcFfstRev65vX8YcRQ,614,2026-03-25,Cliente General,Filtro compact,3,
rzOcFfstRev65vX8YcRQ,614,2026-03-25,Cliente General,Gusano de clutch,1,
rzOcFfstRev65vX8YcRQ,614,2026-03-25,Cliente General,Aceite Havoline,2,
rzOcFfstRev65vX8YcRQ,614,2026-03-25,Cliente General,Liquido de frenos,1,
rzOcFfstRev65vX8YcRQ,614,2026-03-25,Cliente General,Bomba trasera,2,
rzOcFfstRev65vX8YcRQ,614,2026-03-25,Cliente General,Bomba central bajaj,1,
rzOcFfstRev65vX8YcRQ,614,2026-03-25,Cliente General,Tapon de gas 2007,1,
rzOcFfstRev65vX8YcRQ,614,2026-03-25,Cliente General,Socket de 2 contactos,1,
rzOcFfstRev65vX8YcRQ,614,2026-03-25,Cliente General,Mano de obra,1,SERVICIO
s6MGrhJ6i337zkbu246d,518,2026-02-02,Cliente General,Gusano de clutch,1,
s6MGrhJ6i337zkbu246d,518,2026-02-02,Cliente General,Polvera grande,2,
s6MGrhJ6i337zkbu246d,518,2026-02-02,Cliente General,Tope de flecha,2,
s6MGrhJ6i337zkbu246d,518,2026-02-02,Cliente General,Flecha pequeña,1,
s6MGrhJ6i337zkbu246d,518,2026-02-02,Cliente General,Filtro y empaque,1,
s6MGrhJ6i337zkbu246d,518,2026-02-02,Cliente General,Cargador trasero,1,
s6MGrhJ6i337zkbu246d,518,2026-02-02,Cliente General,Retenedor metalico,5,
s6MGrhJ6i337zkbu246d,518,2026-02-02,Cliente General,Cable de clutch sin forro,1,
s6MGrhJ6i337zkbu246d,518,2026-02-02,Cliente General,Lodera de hule,2,
s6MGrhJ6i337zkbu246d,518,2026-02-02,Cliente General,Pivot,3,
s6MGrhJ6i337zkbu246d,518,2026-02-02,Cliente General,Balero 1616,2,
s6MGrhJ6i337zkbu246d,518,2026-02-02,Cliente General,Piñon de retroceso,2,
s6MGrhJ6i337zkbu246d,518,2026-02-02,Cliente General,Selector de retroceso,2,
s6MGrhJ6i337zkbu246d,518,2026-02-02,Cliente General,Bomba trasera,1,
sM7btGN7recBt4I7S35m,377,2025-11-19,Cliente General,Carburador Nuevo Bajaj,1,
sM7btGN7recBt4I7S35m,377,2025-11-19,Cliente General,Empaque de manifold PCB,1,
sM7btGN7recBt4I7S35m,377,2025-11-19,Cliente General,Filtro de aceite compact,1,
sM7btGN7recBt4I7S35m,377,2025-11-19,Cliente General,Aceite Repsol,2,
sM7btGN7recBt4I7S35m,377,2025-11-19,Cliente General,Polvera grande,1,
sM7btGN7recBt4I7S35m,377,2025-11-19,Cliente General,Tope de flecha,1,
sM7btGN7recBt4I7S35m,377,2025-11-19,Cliente General,Manga de cambio bajaj,1,
sM7btGN7recBt4I7S35m,377,2025-11-19,Cliente General,Silvin completo,1,
sM7btGN7recBt4I7S35m,377,2025-11-19,Cliente General,Mano de obra,1,SERVICIO
t5RfzqDxy7cUBXxSMKrp,437,2025-12-20,Cliente General,Aceite Repsol,3,
t5RfzqDxy7cUBXxSMKrp,437,2025-12-20,Cliente General,Filtro de aceite compact,1,
t5RfzqDxy7cUBXxSMKrp,437,2025-12-20,Cliente General,Filtro y empaque 175,1,
t5RfzqDxy7cUBXxSMKrp,437,2025-12-20,Cliente General,Balero 1616,2,
t5RfzqDxy7cUBXxSMKrp,437,2025-12-20,Cliente General,Cable de clutch compact,1,
t5RfzqDxy7cUBXxSMKrp,437,2025-12-20,Cliente General,Havoline,1,
t5RfzqDxy7cUBXxSMKrp,437,2025-12-20,Cliente General,Bomba trasera,1,
t5RfzqDxy7cUBXxSMKrp,437,2025-12-20,Cliente General,Liquido de freno,1,
t5RfzqDxy7cUBXxSMKrp,437,2025-12-20,Cliente General,Mano de obra,1,SERVICIO
tvieJzq5WjzAKtusqvth,509,2026-01-28,Cliente General,Aceite Repsol,4,
tvieJzq5WjzAKtusqvth,509,2026-01-28,Cliente General,Piñon doble,1,
tvieJzq5WjzAKtusqvth,509,2026-01-28,Cliente General,Kit de retenedores,1,
tvieJzq5WjzAKtusqvth,509,2026-01-28,Cliente General,Cable de clutch sin forro,20,
tvieJzq5WjzAKtusqvth,509,2026-01-28,Cliente General,Aros anchos,2,
tvieJzq5WjzAKtusqvth,509,2026-01-28,Cliente General,Cilindro 205,1,
tvieJzq5WjzAKtusqvth,509,2026-01-28,Cliente General,Empaque de cilindro,1,
tvieJzq5WjzAKtusqvth,509,2026-01-28,Cliente General,Kit de sello de valvulas,1,
tvieJzq5WjzAKtusqvth,509,2026-01-28,Cliente General,Aceite Havoline,1,
tvieJzq5WjzAKtusqvth,509,2026-01-28,Cliente General,Silicon gris,1,
tvieJzq5WjzAKtusqvth,509,2026-01-28,Cliente General,Pivot,1,
tvieJzq5WjzAKtusqvth,509,2026-01-28,Cliente General,Bujin de masa,1,
txZMlZXPu1ADxHg44fyi,349,2025-11-11,Cliente General,Filtro y empaque 175,1,
txZMlZXPu1ADxHg44fyi,349,2025-11-11,Cliente General,Pito Helan,1,
txZMlZXPu1ADxHg44fyi,349,2025-11-11,Cliente General,Clutch completo,1,
txZMlZXPu1ADxHg44fyi,349,2025-11-11,Cliente General,Cable de clutch sin forro,1,
txZMlZXPu1ADxHg44fyi,349,2025-11-11,Cliente General,Aceite Repsol,2,
txZMlZXPu1ADxHg44fyi,349,2025-11-11,Cliente General,Empaque de clutch,1,
txZMlZXPu1ADxHg44fyi,349,2025-11-11,Cliente General,Filtro de aceite compact,1,
txZMlZXPu1ADxHg44fyi,349,2025-11-11,Cliente General,Tornillo de graduacion BCB,1,
txZMlZXPu1ADxHg44fyi,349,2025-11-11,Cliente General,Cable de velocidad,1,
txZMlZXPu1ADxHg44fyi,349,2025-11-11,Cliente General,Balero 6904,1,
txZMlZXPu1ADxHg44fyi,349,2025-11-11,Cliente General,Empaque de freno trasero,1,
txZMlZXPu1ADxHg44fyi,349,2025-11-11,Cliente General,Polvera grande,2,
txZMlZXPu1ADxHg44fyi,349,2025-11-11,Cliente General,Mano de obra,1,SERVICIO
u5fXKkIFH2rgwRCoJmBS,597,2026-03-14,Cliente General,Filtro compact,1,
u5fXKkIFH2rgwRCoJmBS,597,2026-03-14,Cliente General,Aceite Repsol,4,
u5fXKkIFH2rgwRCoJmBS,597,2026-03-14,Cliente General,Filtro y empaque,2,
u5fXKkIFH2rgwRCoJmBS,597,2026-03-14,Cliente General,Cable de clutch compact,1,
u5fXKkIFH2rgwRCoJmBS,597,2026-03-14,Cliente General,Liquido de frenos,1,
u5fXKkIFH2rgwRCoJmBS,597,2026-03-14,Cliente General,Cable de velocidad compact blanco,1,
u5fXKkIFH2rgwRCoJmBS,597,2026-03-14,Cliente General,Cable de velocidad compact negro,1,
u5fXKkIFH2rgwRCoJmBS,597,2026-03-14,Cliente General,Mano de obra,1,SERVICIO
uF4Y6uwyw6uyFqcCpSAM,595,2026-03-13,Cliente General,Bomba trasera,2,
uF4Y6uwyw6uyFqcCpSAM,595,2026-03-13,Cliente General,Graseras,1,
uF4Y6uwyw6uyFqcCpSAM,595,2026-03-13,Cliente General,Clutch completo,1,
uF4Y6uwyw6uyFqcCpSAM,595,2026-03-13,Cliente General,Bomba de aceite,1,
uF4Y6uwyw6uyFqcCpSAM,595,2026-03-13,Cliente General,Filtro y empaque,1,
uF4Y6uwyw6uyFqcCpSAM,595,2026-03-13,Cliente General,Empaque de clutch,1,
uF4Y6uwyw6uyFqcCpSAM,595,2026-03-13,Cliente General,Seguro de eje,1,
uF4Y6uwyw6uyFqcCpSAM,595,2026-03-13,Cliente General,Tuerca de prensa,1,
uF4Y6uwyw6uyFqcCpSAM,595,2026-03-13,Cliente General,Aceite Repsol,2,
uF4Y6uwyw6uyFqcCpSAM,595,2026-03-13,Cliente General,Mano de obra,1,SERVICIO
uI39MC7DFvgOenP751lo,395,2025-12-01,Cliente General,Filtro y empaque 175,4,
uI39MC7DFvgOenP751lo,395,2025-12-01,Cliente General,Aceite Repsol,4,
uI39MC7DFvgOenP751lo,395,2025-12-01,Cliente General,Cable de acelerador nuevo Bajaj,2,
uI39MC7DFvgOenP751lo,395,2025-12-01,Cliente General,Bomba trasera,1,
uI39MC7DFvgOenP751lo,395,2025-12-01,Cliente General,Empaque Diferencial,1,
uI39MC7DFvgOenP751lo,395,2025-12-01,Cliente General,Cable sin forro de clutch,1,
uI39MC7DFvgOenP751lo,395,2025-12-01,Cliente General,Pivot,1,
uI39MC7DFvgOenP751lo,395,2025-12-01,Cliente General,Filtro de aceite compact,1,
uI39MC7DFvgOenP751lo,395,2025-12-01,Cliente General,Aceite 140,1,
uI39MC7DFvgOenP751lo,395,2025-12-01,Cliente General,Llanta 4.00-8TT,2,
uI39MC7DFvgOenP751lo,395,2025-12-01,Cliente General,Gusano de clutch,1,
uI39MC7DFvgOenP751lo,395,2025-12-01,Cliente General,Cable de clutch compact,1,
udW9PgsA8OdHfbhO2NI6,712,2026-05-05,Cliente General,Socket de 2 contactos,1,HTSMpfAbznlAWI6TuSQh
udW9PgsA8OdHfbhO2NI6,712,2026-05-05,Cliente General,Tapon de prefiltro BCB,1,ep2cP8EKuixXRbCxzdXQ
udW9PgsA8OdHfbhO2NI6,712,2026-05-05,Cliente General,Cable de velocidad sin forro,1,bBQlcoywZfGwzPIViAw2
udW9PgsA8OdHfbhO2NI6,712,2026-05-05,Cliente General,Caracol trasero stop 175 RH,1,UoL7nzWMpXwoLk805hVn
udW9PgsA8OdHfbhO2NI6,712,2026-05-05,Cliente General,Kit de dados,1,q36NFZjl8T1P7izG1K37
udW9PgsA8OdHfbhO2NI6,712,2026-05-05,Cliente General,Tope de flecha,1,JWSujng8noxUgEfwmLNN
udW9PgsA8OdHfbhO2NI6,712,2026-05-05,Cliente General,Polvera grande,2,o76vNetcNhT9apKcuUVK
udW9PgsA8OdHfbhO2NI6,712,2026-05-05,Cliente General,Switch de neutro compact,1,C8j6R4HctBNUGc3ydmjZ
udW9PgsA8OdHfbhO2NI6,712,2026-05-05,Cliente General,Pivot,1,ezNs4lrtDn35wJ0iV0tN
udW9PgsA8OdHfbhO2NI6,712,2026-05-05,Cliente General,Cambio de aceite,1,
udW9PgsA8OdHfbhO2NI6,712,2026-05-05,Cliente General,Revisión de frenos,1,
udW9PgsA8OdHfbhO2NI6,712,2026-05-05,Cliente General,emgrase jeneral,1,
udW9PgsA8OdHfbhO2NI6,712,2026-05-05,Cliente General,Mano de Obra,1,
udW9PgsA8OdHfbhO2NI6,712,2026-05-05,Cliente General,Aceite REPSOL 20W50 1000ml,2,MxZYt471Hv0ZhT0oI8gt
udrVX0d1ZGHMYdxfqhZr,561,2026-02-25,Cliente General,Filtro Compact,2,
udrVX0d1ZGHMYdxfqhZr,561,2026-02-25,Cliente General,Kit de retenedores,1,
udrVX0d1ZGHMYdxfqhZr,561,2026-02-25,Cliente General,Bomba trasera,1,
udrVX0d1ZGHMYdxfqhZr,561,2026-02-25,Cliente General,Cable de freno de mano,1,
udrVX0d1ZGHMYdxfqhZr,561,2026-02-25,Cliente General,Aceite Repsol,3,
udrVX0d1ZGHMYdxfqhZr,561,2026-02-25,Cliente General,Bujin de masa,1,
udrVX0d1ZGHMYdxfqhZr,561,2026-02-25,Cliente General,Pivot estandar Bajaj,1,
udrVX0d1ZGHMYdxfqhZr,561,2026-02-25,Cliente General,Mano de obra,1,SERVICIO
uqtIx10uoTfg79pO5sNj,655,2026-04-14,Cliente General,Espaciador de cigüeñal,1,
uqtIx10uoTfg79pO5sNj,655,2026-04-14,Cliente General,Kit de empaques 205,1,
uqtIx10uoTfg79pO5sNj,655,2026-04-14,Cliente General,Tornillo de cruz,1,
uqtIx10uoTfg79pO5sNj,655,2026-04-14,Cliente General,Aceite Repsol,2,
uqtIx10uoTfg79pO5sNj,655,2026-04-14,Cliente General,Filtro compact,1,
uqtIx10uoTfg79pO5sNj,655,2026-04-14,Cliente General,Cadena de tiempo,1,
uqtIx10uoTfg79pO5sNj,655,2026-04-14,Cliente General,Guia de lubricacion,1,
uqtIx10uoTfg79pO5sNj,655,2026-04-14,Cliente General,Bomba de aceite,1,
uqtIx10uoTfg79pO5sNj,655,2026-04-14,Cliente General,Grasera,1,
uqtIx10uoTfg79pO5sNj,655,2026-04-14,Cliente General,Tensor de cadena,1,
uqtIx10uoTfg79pO5sNj,655,2026-04-14,Cliente General,Pin hueco,1,
uqtIx10uoTfg79pO5sNj,655,2026-04-14,Cliente General,Clutch completo,1,
uqtIx10uoTfg79pO5sNj,655,2026-04-14,Cliente General,Empaque de clutch,1,
uqtIx10uoTfg79pO5sNj,655,2026-04-14,Cliente General,Filtro y empaque,1,
v1dXhJ7zoPQC4lQVa9lD,699,2026-05-05,Cliente General,Aceite REPSOL 20W50 1000ml,2,MxZYt471Hv0ZhT0oI8gt
v1dXhJ7zoPQC4lQVa9lD,699,2026-05-05,Cliente General,Retenedor metalico,1,mBAulDT5f931rYpQoW6z
v1dXhJ7zoPQC4lQVa9lD,699,2026-05-05,Cliente General,Filtro de aceite compact,1,46jf95e2CO7XcCWDWq8v
v1dXhJ7zoPQC4lQVa9lD,699,2026-05-05,Cliente General,Cable de velocidad sin forro,1,bBQlcoywZfGwzPIViAw2
v1dXhJ7zoPQC4lQVa9lD,699,2026-05-05,Cliente General,Rin completo bajaj,1,5QYSH5B6RjdeET5fwBLG
v1dXhJ7zoPQC4lQVa9lD,699,2026-05-05,Cliente General,Kit de baleros traseros,1,rFNWNK3eGYImlLePjnO5
v1dXhJ7zoPQC4lQVa9lD,699,2026-05-05,Cliente General,Clutch completo,1,FdA1ooSQ9duHCHMKZ4BZ
v1dXhJ7zoPQC4lQVa9lD,699,2026-05-05,Cliente General,Foco 67 de via,10,0JF5ARpMu2bCWsvSn7Yh
v1dXhJ7zoPQC4lQVa9lD,699,2026-05-05,Cliente General,Mano de Obra,1,
v2fzh0bznM3FKJTjIw4h,672,2026-04-21,Cliente General,Aceite Repsol,2,
v2fzh0bznM3FKJTjIw4h,672,2026-04-21,Cliente General,Filtro compact,1,
v2fzh0bznM3FKJTjIw4h,672,2026-04-21,Cliente General,Aceite 140,1,
v2fzh0bznM3FKJTjIw4h,672,2026-04-21,Cliente General,Grasera,1,
v2fzh0bznM3FKJTjIw4h,672,2026-04-21,Cliente General,Filtro y empaque,1,
v2fzh0bznM3FKJTjIw4h,672,2026-04-21,Cliente General,Mano de obra,1,SERVICIO
v4wV5IsR86aQekc80lGf,347,11/1125,Cliente General,Filtro y empaque 175,2,
v4wV5IsR86aQekc80lGf,347,11/1125,Cliente General,Cuarto de aceite 140,1,
v4wV5IsR86aQekc80lGf,347,11/1125,Cliente General,Cruz de cambio,1,
v4wV5IsR86aQekc80lGf,347,11/1125,Cliente General,Tornillo de cruz,1,
v4wV5IsR86aQekc80lGf,347,11/1125,Cliente General,Culata 205,1,
v4wV5IsR86aQekc80lGf,347,11/1125,Cliente General,Gusano de cruz,1,
v4wV5IsR86aQekc80lGf,347,11/1125,Cliente General,kit de retenedores,1,
v4wV5IsR86aQekc80lGf,347,11/1125,Cliente General,Kit de empaque 205,1,
v4wV5IsR86aQekc80lGf,347,11/1125,Cliente General,Guias de cadena en juego,2,
v4wV5IsR86aQekc80lGf,347,11/1125,Cliente General,Espaciador de cigüeñal,1,
v4wV5IsR86aQekc80lGf,347,11/1125,Cliente General,Cilindro 205,1,
v4wV5IsR86aQekc80lGf,347,11/1125,Cliente General,Cadena de tiempo,1,
v4wV5IsR86aQekc80lGf,347,11/1125,Cliente General,Bomba de aceite,1,
v4wV5IsR86aQekc80lGf,347,11/1125,Cliente General,Mano de obra,1,SERVICIO
vAHFa0lfnJ54rrUY8puj,393,2025-11-19,Cliente General,Aceite Repsol,4,
vAHFa0lfnJ54rrUY8puj,393,2025-11-19,Cliente General,Filtro y empaque 175,2,
vAHFa0lfnJ54rrUY8puj,393,2025-11-19,Cliente General,Liquido de frenos,1,
vAHFa0lfnJ54rrUY8puj,393,2025-11-19,Cliente General,Cable de acelerador 2022,1,
vAHFa0lfnJ54rrUY8puj,393,2025-11-19,Cliente General,Bomba trasera,1,
vAHFa0lfnJ54rrUY8puj,393,2025-11-19,Cliente General,Tope de flecha,3,
vAHFa0lfnJ54rrUY8puj,393,2025-11-19,Cliente General,Cuarto de aceite 140,1,
vAHFa0lfnJ54rrUY8puj,393,2025-11-19,Cliente General,Mano de obra,1,SERVICIO
vAmWJTAqnztnxBXQB9UT,487,2026-01-17,Cliente General,Stop completo LH 175,2,
vAmWJTAqnztnxBXQB9UT,487,2026-01-17,Cliente General,Loderas de hule,2,
vAmWJTAqnztnxBXQB9UT,487,2026-01-17,Cliente General,Pidevias LH 175,1,
vAmWJTAqnztnxBXQB9UT,487,2026-01-17,Cliente General,Pidevias RH 175,1,
vAmWJTAqnztnxBXQB9UT,487,2026-01-17,Cliente General,Grasera,1,
vAmWJTAqnztnxBXQB9UT,487,2026-01-17,Cliente General,Metros de alambre negro #10,5,
vAmWJTAqnztnxBXQB9UT,487,2026-01-17,Cliente General,Stop trasero RH 175,2,
vAmWJTAqnztnxBXQB9UT,487,2026-01-17,Cliente General,Baquelita RH delantera,1,
vAmWJTAqnztnxBXQB9UT,487,2026-01-17,Cliente General,Baquelita LH delantera,1,
vAmWJTAqnztnxBXQB9UT,487,2026-01-17,Cliente General,Balero 6904,1,
vAmWJTAqnztnxBXQB9UT,487,2026-01-17,Cliente General,Empaque de clutch,1,
vcKCUaVxVm0fPQCmi2X9,440,2025-12-22,Cliente General,Filtro de aceite compact,1,
vcKCUaVxVm0fPQCmi2X9,440,2025-12-22,Cliente General,Aceite Repsol,2,
vcKCUaVxVm0fPQCmi2X9,440,2025-12-22,Cliente General,Liquido de freno,1,
vcKCUaVxVm0fPQCmi2X9,440,2025-12-22,Cliente General,Bujia,1,
vcKCUaVxVm0fPQCmi2X9,440,2025-12-22,Cliente General,Capuchon de bujia,1,
vcKCUaVxVm0fPQCmi2X9,440,2025-12-22,Cliente General,Havoline,1,
vcKCUaVxVm0fPQCmi2X9,440,2025-12-22,Cliente General,Balerina pequeña,1,
vcKCUaVxVm0fPQCmi2X9,440,2025-12-22,Cliente General,Cable sin forro de velocidad,1,
vcKCUaVxVm0fPQCmi2X9,440,2025-12-22,Cliente General,Bomba trasera,1,
vcKCUaVxVm0fPQCmi2X9,440,2025-12-22,Cliente General,Pidevia LH 175,1,
vcKCUaVxVm0fPQCmi2X9,440,2025-12-22,Cliente General,Pivot,1,
vcKCUaVxVm0fPQCmi2X9,440,2025-12-22,Cliente General,Guardafango trasero,1,
vcKCUaVxVm0fPQCmi2X9,440,2025-12-22,Cliente General,Llanta 4.00-8TT,1,
vcKCUaVxVm0fPQCmi2X9,440,2025-12-22,Cliente General,Amortiguador delantero,1,
vcq0zz7HySb30Vqb46sp,647,2026-04-10,Cliente General,Clutch completo,1,
vcq0zz7HySb30Vqb46sp,647,2026-04-10,Cliente General,Empaque de freno trasero,5,
vcq0zz7HySb30Vqb46sp,647,2026-04-10,Cliente General,Polvera grande,3,
vcq0zz7HySb30Vqb46sp,647,2026-04-10,Cliente General,Filtro compact,1,
vcq0zz7HySb30Vqb46sp,647,2026-04-10,Cliente General,Llanta 4.00x8,3,
vcq0zz7HySb30Vqb46sp,647,2026-04-10,Cliente General,Cobertor stop 175 RH,1,
vcq0zz7HySb30Vqb46sp,647,2026-04-10,Cliente General,Empaque de culata 205,2,
vcq0zz7HySb30Vqb46sp,647,2026-04-10,Cliente General,Aceite Havoline,2,
vcq0zz7HySb30Vqb46sp,647,2026-04-10,Cliente General,Bomba central Bajaj,1,
vcq0zz7HySb30Vqb46sp,647,2026-04-10,Cliente General,Aceite Repsol,2,
vcq0zz7HySb30Vqb46sp,647,2026-04-10,Cliente General,Aceite Castrol,1,
vcq0zz7HySb30Vqb46sp,647,2026-04-10,Cliente General,Cigüeñal,1,
vcq0zz7HySb30Vqb46sp,647,2026-04-10,Cliente General,Cilindro 205,1,
vcq0zz7HySb30Vqb46sp,647,2026-04-10,Cliente General,Kit de empaques 205,1,
vvPBJtxv1c16727h2c1G,478,2026-01-14,Cliente General,Filtro Compact,2,
vvPBJtxv1c16727h2c1G,478,2026-01-14,Cliente General,Polvera grande,1,
vvPBJtxv1c16727h2c1G,478,2026-01-14,Cliente General,Cable de clutch sin forro,1,
vvPBJtxv1c16727h2c1G,478,2026-01-14,Cliente General,Cable de acelerador nuevo bajaj,1,
vvPBJtxv1c16727h2c1G,478,2026-01-14,Cliente General,Balero 142216,1,
vvPBJtxv1c16727h2c1G,478,2026-01-14,Cliente General,Balero 6004,1,
vvPBJtxv1c16727h2c1G,478,2026-01-14,Cliente General,Bomba trasera,1,
vvPBJtxv1c16727h2c1G,478,2026-01-14,Cliente General,Liquido de freno,1,
vvPBJtxv1c16727h2c1G,478,2026-01-14,Cliente General,Muleta Izquierda,1,
vvPBJtxv1c16727h2c1G,478,2026-01-14,Cliente General,Mano de obra,1,SERVICIO
wNz71tTLWG0L7LZo4rpQ,581,2026-03-06,Cliente General,Cable de clutch nuevo,5,
wNz71tTLWG0L7LZo4rpQ,581,2026-03-06,Cliente General,Cables de clutch compact,5,
wNz71tTLWG0L7LZo4rpQ,581,2026-03-06,Cliente General,Filtro y empaque,1,
wNz71tTLWG0L7LZo4rpQ,581,2026-03-06,Cliente General,Lodera de hule,1,
wNz71tTLWG0L7LZo4rpQ,581,2026-03-06,Cliente General,Bomba trasera,3,
wNz71tTLWG0L7LZo4rpQ,581,2026-03-06,Cliente General,Aceite Havoline,2,
wNz71tTLWG0L7LZo4rpQ,581,2026-03-06,Cliente General,Aceite 140,1,
wNz71tTLWG0L7LZo4rpQ,581,2026-03-06,Cliente General,Cable de velocidad,1,
wNz71tTLWG0L7LZo4rpQ,581,2026-03-06,Cliente General,Manecilla de clutch,1,
wNz71tTLWG0L7LZo4rpQ,581,2026-03-06,Cliente General,Pivot,1,
wNz71tTLWG0L7LZo4rpQ,581,2026-03-06,Cliente General,Graseras,1,
wNz71tTLWG0L7LZo4rpQ,581,2026-03-06,Cliente General,Tornillo de graduacion de freno,1,
wRLCLHCqo29eGH7wDwpR,697,2026-05-05,Cliente General,Aceite REPSOL 20W50 1000ml,2,MxZYt471Hv0ZhT0oI8gt
wRLCLHCqo29eGH7wDwpR,697,2026-05-05,Cliente General,Filtro y empaque,1,eqUw92h7s5dtXhgy5eTJ
wRLCLHCqo29eGH7wDwpR,697,2026-05-05,Cliente General,Filtro de aceite compact,1,46jf95e2CO7XcCWDWq8v
wRLCLHCqo29eGH7wDwpR,697,2026-05-05,Cliente General,Retenedor metalico,1,mBAulDT5f931rYpQoW6z
wRLCLHCqo29eGH7wDwpR,697,2026-05-05,Cliente General,Cable de velocidad sin forro,1,bBQlcoywZfGwzPIViAw2
wRLCLHCqo29eGH7wDwpR,697,2026-05-05,Cliente General,Escobilla de crico,1,1EXwL3pitLc3WKl655Xn
wRLCLHCqo29eGH7wDwpR,697,2026-05-05,Cliente General,Caracol trasero stop 175 LH,1,tlXoUgqNzrC7joAsIrJh
wRLCLHCqo29eGH7wDwpR,697,2026-05-05,Cliente General,Cable de freno de mano 2022,1,7pdv1aX7UTOjfFa9XXHz
wRLCLHCqo29eGH7wDwpR,697,2026-05-05,Cliente General,Kit de baleros traseros,1,rFNWNK3eGYImlLePjnO5
wRLCLHCqo29eGH7wDwpR,697,2026-05-05,Cliente General,Cable de clutch compact Bajaj,1,YwFBh8gSR2cqUzSV2cUM
wRLCLHCqo29eGH7wDwpR,697,2026-05-05,Cliente General,Cambio de aceite,1,
wRLCLHCqo29eGH7wDwpR,697,2026-05-05,Cliente General,Revisión de frenos,1,
wRLCLHCqo29eGH7wDwpR,697,2026-05-05,Cliente General,Mano de Obra,1,
wSCeG82mgBaAYDCUsxwf,380,2025-11-19,Cliente General,Balero 6904,1,
wSCeG82mgBaAYDCUsxwf,380,2025-11-19,Cliente General,Amortiguador delantero,1,
wSCeG82mgBaAYDCUsxwf,380,2025-11-19,Cliente General,Kit de dados,1,
wSCeG82mgBaAYDCUsxwf,380,2025-11-19,Cliente General,Cuarto de aceite Havoline,2,
wSCeG82mgBaAYDCUsxwf,380,2025-11-19,Cliente General,Juegos de espejos negros 2022,1,
wSCeG82mgBaAYDCUsxwf,380,2025-11-19,Cliente General,Filtro y empaque 175,1,
wSCeG82mgBaAYDCUsxwf,380,2025-11-19,Cliente General,Loderas de hule,1,
wSCeG82mgBaAYDCUsxwf,380,2025-11-19,Cliente General,Anillo de fuego,1,
wSCeG82mgBaAYDCUsxwf,380,2025-11-19,Cliente General,Filtro de aceite compact,1,
wSCeG82mgBaAYDCUsxwf,380,2025-11-19,Cliente General,Bomba trasera,1,
wSCeG82mgBaAYDCUsxwf,380,2025-11-19,Cliente General,Mano de obra,1,SERVICIO
wTXbQAPKwu2RZ6mQf0JU,680,2026-04-27,Cliente General,Aceite Repsol,4,
wTXbQAPKwu2RZ6mQf0JU,680,2026-04-27,Cliente General,Filtro compact,2,
wTXbQAPKwu2RZ6mQf0JU,680,2026-04-27,Cliente General,Filtro y empaque,1,
wTXbQAPKwu2RZ6mQf0JU,680,2026-04-27,Cliente General,Aceite 140,1,
wTXbQAPKwu2RZ6mQf0JU,680,2026-04-27,Cliente General,Anillos de fuego,1,
wTXbQAPKwu2RZ6mQf0JU,680,2026-04-27,Cliente General,Mano de obra,1,SERVICIO
wanBjE2xq09EyZPEJ3vl,494,2026-01-22,Cliente General,Selector de velocidad,1,
wanBjE2xq09EyZPEJ3vl,494,2026-01-22,Cliente General,CDI Verde,1,
wanBjE2xq09EyZPEJ3vl,494,2026-01-22,Cliente General,Fusibles de 10A,100,
wanBjE2xq09EyZPEJ3vl,494,2026-01-22,Cliente General,Kit de empaque 205,1,
wanBjE2xq09EyZPEJ3vl,494,2026-01-22,Cliente General,Kit de retenedores,1,
wanBjE2xq09EyZPEJ3vl,494,2026-01-22,Cliente General,Filtro y empaque,1,
wanBjE2xq09EyZPEJ3vl,494,2026-01-22,Cliente General,Cadena de tiempo,1,
wanBjE2xq09EyZPEJ3vl,494,2026-01-22,Cliente General,Bomba de aceite,1,
wanBjE2xq09EyZPEJ3vl,494,2026-01-22,Cliente General,Bomba trasera,2,
wanBjE2xq09EyZPEJ3vl,494,2026-01-22,Cliente General,Cilindro 205,1,
wanBjE2xq09EyZPEJ3vl,494,2026-01-22,Cliente General,Tensor de cadena,1,
wanBjE2xq09EyZPEJ3vl,494,2026-01-22,Cliente General,Guias de cadena,2,
wanBjE2xq09EyZPEJ3vl,494,2026-01-22,Cliente General,Kit de sello de valvulas,1,
wanBjE2xq09EyZPEJ3vl,494,2026-01-22,Cliente General,Mano de obra,1,SERVICIO
xCYhCYLgLWRnaMjJtBPe,669,2026-04-20,Cliente General,Filtro y empaque,20,
xCYhCYLgLWRnaMjJtBPe,669,2026-04-20,Cliente General,Bomba trasera,1,
xCYhCYLgLWRnaMjJtBPe,669,2026-04-20,Cliente General,Aceite Repsol,2,
xCYhCYLgLWRnaMjJtBPe,669,2026-04-20,Cliente General,Filtro compact,3,
xCYhCYLgLWRnaMjJtBPe,669,2026-04-20,Cliente General,Piña Multiple,1,
xCYhCYLgLWRnaMjJtBPe,669,2026-04-20,Cliente General,Washa de eje principal,1,
xCYhCYLgLWRnaMjJtBPe,669,2026-04-20,Cliente General,Espaciador de cigüeñal,1,
xCYhCYLgLWRnaMjJtBPe,669,2026-04-20,Cliente General,Balero 6004,1,
xCYhCYLgLWRnaMjJtBPe,669,2026-04-20,Cliente General,Cruz de cambio,1,
xCYhCYLgLWRnaMjJtBPe,669,2026-04-20,Cliente General,Gusano de cruz,1,
xCYhCYLgLWRnaMjJtBPe,669,2026-04-20,Cliente General,Tornillo de cruz,1,
xCYhCYLgLWRnaMjJtBPe,669,2026-04-20,Cliente General,Cilindro 205,1,
xCYhCYLgLWRnaMjJtBPe,669,2026-04-20,Cliente General,Cigüeñal,1,
xIil4L64750PKQN9t8x0,496,2026-01-23,Cliente General,Filtro y empaque,3,
xIil4L64750PKQN9t8x0,496,2026-01-23,Cliente General,Gusano de clutch,1,
xIil4L64750PKQN9t8x0,496,2026-01-23,Cliente General,Aceite Repsol,2,
xIil4L64750PKQN9t8x0,496,2026-01-23,Cliente General,Kit de empaque 205,1,
xIil4L64750PKQN9t8x0,496,2026-01-23,Cliente General,Kit de retenedores,1,
xIil4L64750PKQN9t8x0,496,2026-01-23,Cliente General,Cadena de tiempo,1,
xIil4L64750PKQN9t8x0,496,2026-01-23,Cliente General,Clutch completo 2015,1,
xIil4L64750PKQN9t8x0,496,2026-01-23,Cliente General,Muleta Izquierda,1,
xIil4L64750PKQN9t8x0,496,2026-01-23,Cliente General,Kit de balero trasero,1,
xIil4L64750PKQN9t8x0,496,2026-01-23,Cliente General,Retenedor metalico,1,
xIil4L64750PKQN9t8x0,496,2026-01-23,Cliente General,Eje trasero,1,
xIil4L64750PKQN9t8x0,496,2026-01-23,Cliente General,Empaque de freno trasero,1,
xIil4L64750PKQN9t8x0,496,2026-01-23,Cliente General,Grasera,1,
xIil4L64750PKQN9t8x0,496,2026-01-23,Cliente General,Mano de obra,1,SERVICIO
xLHlkXar0F06wLidxZMc,381,2025-11-19,Cliente General,Aceite Repsol,4,
xLHlkXar0F06wLidxZMc,381,2025-11-19,Cliente General,Filtro de aceite compact,2,
xLHlkXar0F06wLidxZMc,381,2025-11-19,Cliente General,Empaque de freno trasero,5,
xLHlkXar0F06wLidxZMc,381,2025-11-19,Cliente General,Gusano de clutch,1,
xLHlkXar0F06wLidxZMc,381,2025-11-19,Cliente General,Bomba trasera,1,
xLHlkXar0F06wLidxZMc,381,2025-11-19,Cliente General,Mano de obra,1,SERVICIO
xMzQAF51RFFT9fpReC6i,388,2025-11-19,Cliente General,Pivot,1,
xMzQAF51RFFT9fpReC6i,388,2025-11-19,Cliente General,Cuarto de aceite Havoline,2,
xMzQAF51RFFT9fpReC6i,388,2025-11-19,Cliente General,Filtro y empaque 175,1,
xMzQAF51RFFT9fpReC6i,388,2025-11-19,Cliente General,Cable de clutch compact,1,
xMzQAF51RFFT9fpReC6i,388,2025-11-19,Cliente General,cable de velocidad,2,
xMzQAF51RFFT9fpReC6i,388,2025-11-19,Cliente General,Bomba trasera,1,
xMzQAF51RFFT9fpReC6i,388,2025-11-19,Cliente General,Filtro de aceite compact,1,
xMzQAF51RFFT9fpReC6i,388,2025-11-19,Cliente General,Aceite Repsol,2,
xMzQAF51RFFT9fpReC6i,388,2025-11-19,Cliente General,Satelites pequeños,2,
xMzQAF51RFFT9fpReC6i,388,2025-11-19,Cliente General,Planetarios grandes,2,
xMzQAF51RFFT9fpReC6i,388,2025-11-19,Cliente General,Corona diferencial,1,
xMzQAF51RFFT9fpReC6i,388,2025-11-19,Cliente General,Pin de satelite grande,1,
xMzQAF51RFFT9fpReC6i,388,2025-11-19,Cliente General,Tapadera de corona,1,
xMzQAF51RFFT9fpReC6i,388,2025-11-19,Cliente General,Balero 1616,1,
xQemElpnQwRGlRjtHuIG,567,2026-02-27,Cliente General,Aceite Repsol,2,
xQemElpnQwRGlRjtHuIG,567,2026-02-27,Cliente General,Cable de clutch nuevo,1,
xQemElpnQwRGlRjtHuIG,567,2026-02-27,Cliente General,Gusano de clutch,1,
xQemElpnQwRGlRjtHuIG,567,2026-02-27,Cliente General,Filtro y empaque,1,
xQemElpnQwRGlRjtHuIG,567,2026-02-27,Cliente General,Bomba trasera,1,
xQemElpnQwRGlRjtHuIG,567,2026-02-27,Cliente General,Filtro Compact,1,
xQemElpnQwRGlRjtHuIG,567,2026-02-27,Cliente General,Liquido de frenos,1,
xQemElpnQwRGlRjtHuIG,567,2026-02-27,Cliente General,Grasera,1,
xQemElpnQwRGlRjtHuIG,567,2026-02-27,Cliente General,Cable de clutch sin forro,1,
xQemElpnQwRGlRjtHuIG,567,2026-02-27,Cliente General,Mano de obra,1,SERVICIO
xSwzzhn5uC3UaWXIxMro,471,2026-01-09,Cliente General,Bomba central compac,1,
xSwzzhn5uC3UaWXIxMro,471,2026-01-09,Cliente General,Liquido de freno,1,
xSwzzhn5uC3UaWXIxMro,471,2026-01-09,Cliente General,Cable de velocidad,1,
xSwzzhn5uC3UaWXIxMro,471,2026-01-09,Cliente General,Empaque de freno trasero,1,
xSwzzhn5uC3UaWXIxMro,471,2026-01-09,Cliente General,Gusano de clutch,2,
xSwzzhn5uC3UaWXIxMro,471,2026-01-09,Cliente General,Cable de clutch nuevo bajaj,1,
xSwzzhn5uC3UaWXIxMro,471,2026-01-09,Cliente General,Aro completo,1,
xSwzzhn5uC3UaWXIxMro,471,2026-01-09,Cliente General,Mano de obra,1,SERVICIO
xXwAspQNKxzp3GbeyrDz,488,2026-01-19,Cliente General,Bollo de alambre #18,1,
xXwAspQNKxzp3GbeyrDz,488,2026-01-19,Cliente General,Aceite Havoline,2,
xXwAspQNKxzp3GbeyrDz,488,2026-01-19,Cliente General,Filtro y empaque,1,
xXwAspQNKxzp3GbeyrDz,488,2026-01-19,Cliente General,Bomba trasera,2,
xXwAspQNKxzp3GbeyrDz,488,2026-01-19,Cliente General,Pivot,1,
xXwAspQNKxzp3GbeyrDz,488,2026-01-19,Cliente General,Cable de velocidad,2,
xXwAspQNKxzp3GbeyrDz,488,2026-01-19,Cliente General,switch de freno 2007,1,
xXwAspQNKxzp3GbeyrDz,488,2026-01-19,Cliente General,Cable de acelerador nuevo bajaj,1,
xXwAspQNKxzp3GbeyrDz,488,2026-01-19,Cliente General,Cable de clutch nuevo bajaj,1,
xXwAspQNKxzp3GbeyrDz,488,2026-01-19,Cliente General,Liquido de freno,1,
xXwAspQNKxzp3GbeyrDz,488,2026-01-19,Cliente General,Adorno central 2015,1,
xXwAspQNKxzp3GbeyrDz,488,2026-01-19,Cliente General,Adorno silvin 2015,1,
xXwAspQNKxzp3GbeyrDz,488,2026-01-19,Cliente General,Balero 6904,1,
xXwAspQNKxzp3GbeyrDz,488,2026-01-19,Cliente General,Mano de obra,1,SERVICIO
xdCA9AJGTwf6t1rkmso3,441,2025-12-22,Cliente General,Liquido de freno,2,
xdCA9AJGTwf6t1rkmso3,441,2025-12-22,Cliente General,Bomba trasera,1,
xdCA9AJGTwf6t1rkmso3,441,2025-12-22,Cliente General,Pidevia RH 175,1,
xdCA9AJGTwf6t1rkmso3,441,2025-12-22,Cliente General,Filtro y empaque 175,1,
xdCA9AJGTwf6t1rkmso3,441,2025-12-22,Cliente General,Graseras,2,
xdCA9AJGTwf6t1rkmso3,441,2025-12-22,Cliente General,Havoline,1,
xdCA9AJGTwf6t1rkmso3,441,2025-12-22,Cliente General,Tensor de cadena 205,1,
xdCA9AJGTwf6t1rkmso3,441,2025-12-22,Cliente General,Bomba central de frenos Bajaj,1,
xdCA9AJGTwf6t1rkmso3,441,2025-12-22,Cliente General,Cable de velocidad,2,
xdCA9AJGTwf6t1rkmso3,441,2025-12-22,Cliente General,Adorno de espejo 2022,1,
xdCA9AJGTwf6t1rkmso3,441,2025-12-22,Cliente General,Mano de obra,1,SERVICIO
xggzWm1gZJhu4UYFIJnn,589,2026-03-11,Cliente General,Bomba trasera,2,
xggzWm1gZJhu4UYFIJnn,589,2026-03-11,Cliente General,Aceite Repsol,6,
xggzWm1gZJhu4UYFIJnn,589,2026-03-11,Cliente General,Filtro compact,2,
xggzWm1gZJhu4UYFIJnn,589,2026-03-11,Cliente General,Cable de clutch sin forro,1,
xggzWm1gZJhu4UYFIJnn,589,2026-03-11,Cliente General,Bomba central Compact,1,
xggzWm1gZJhu4UYFIJnn,589,2026-03-11,Cliente General,Filtro y empaque,1,
xggzWm1gZJhu4UYFIJnn,589,2026-03-11,Cliente General,Base de gusano,1,
xggzWm1gZJhu4UYFIJnn,589,2026-03-11,Cliente General,Empaque de clutch,1,
xggzWm1gZJhu4UYFIJnn,589,2026-03-11,Cliente General,Anillo de fuego,1,
xggzWm1gZJhu4UYFIJnn,589,2026-03-11,Cliente General,Mano de obra,1,SERVICIO
xhKZQbP6RCi5IuX7eANA,599,2026-03-16,Cliente General,Planta sola 175,1,
xhKZQbP6RCi5IuX7eANA,599,2026-03-16,Cliente General,Bomba trasera,1,
xhKZQbP6RCi5IuX7eANA,599,2026-03-16,Cliente General,Base de gusano,1,
xhKZQbP6RCi5IuX7eANA,599,2026-03-16,Cliente General,Gusano de clutch,1,
xhKZQbP6RCi5IuX7eANA,599,2026-03-16,Cliente General,Relay de star,1,
xhKZQbP6RCi5IuX7eANA,599,2026-03-16,Cliente General,Filtro y empaque,1,
xhKZQbP6RCi5IuX7eANA,599,2026-03-16,Cliente General,Aceite Repsol,2,
xhKZQbP6RCi5IuX7eANA,599,2026-03-16,Cliente General,Filtro compact,1,
xhKZQbP6RCi5IuX7eANA,599,2026-03-16,Cliente General,Mano de obra,1,SERVICIO
xkQJPBdw2ztXOc8drCg2,510,2026-01-29,Cliente General,Piñon de segunda 2015,1,
xkQJPBdw2ztXOc8drCg2,510,2026-01-29,Cliente General,Piñon de tercera 2015,1,
xkQJPBdw2ztXOc8drCg2,510,2026-01-29,Cliente General,Guias de cadena de tiempo 2015,1,
xkQJPBdw2ztXOc8drCg2,510,2026-01-29,Cliente General,Clutch completo,1,
xkQJPBdw2ztXOc8drCg2,510,2026-01-29,Cliente General,Filtro y empaque,1,
xkQJPBdw2ztXOc8drCg2,510,2026-01-29,Cliente General,Cruz de cambio,1,
xkQJPBdw2ztXOc8drCg2,510,2026-01-29,Cliente General,Gusano de cruz,1,
xkQJPBdw2ztXOc8drCg2,510,2026-01-29,Cliente General,Tornillo de cruz,1,
xkQJPBdw2ztXOc8drCg2,510,2026-01-29,Cliente General,Kit de empaque 2015,1,
xkQJPBdw2ztXOc8drCg2,510,2026-01-29,Cliente General,Anillo de fuego,1,
xkQJPBdw2ztXOc8drCg2,510,2026-01-29,Cliente General,Aros anchos,2,
xkQJPBdw2ztXOc8drCg2,510,2026-01-29,Cliente General,Kit de retenedores,1,
xkQJPBdw2ztXOc8drCg2,510,2026-01-29,Cliente General,Mano de obra,1,SERVICIO
y7jmw2k3BtVCBMW8GTxZ,512,2026-01-30,Cliente General,Aceite Repsol,4,
y7jmw2k3BtVCBMW8GTxZ,512,2026-01-30,Cliente General,Filtro Compact,2,
y7jmw2k3BtVCBMW8GTxZ,512,2026-01-30,Cliente General,Tope de flecha,1,
y7jmw2k3BtVCBMW8GTxZ,512,2026-01-30,Cliente General,Polvera grande,1,
y7jmw2k3BtVCBMW8GTxZ,512,2026-01-30,Cliente General,soporte trasero,1,
y7jmw2k3BtVCBMW8GTxZ,512,2026-01-30,Cliente General,Mano de obra,1,SERVICIO
yCOfi1Uom2UTRbDnjWrt,708,2026-05-05,Cliente General,Capuchon de bujia,1,PlCli5YM9f4KWsnKktqe
yCOfi1Uom2UTRbDnjWrt,708,2026-05-05,Cliente General,Aceite CASTROL 20W50 1000ml,1,iIPhKSCzDDkLG4BMkLHn
yCOfi1Uom2UTRbDnjWrt,708,2026-05-05,Cliente General,Cadena de tiempo,1,JZbT4ZE0Bw5Ll8PciVsb
yCOfi1Uom2UTRbDnjWrt,708,2026-05-05,Cliente General,Caracol trasero stop 175 RH,1,UoL7nzWMpXwoLk805hVn
yCOfi1Uom2UTRbDnjWrt,708,2026-05-05,Cliente General,Cigüeñal 175,1,cWnKunmbcR9jDK8Ft6Lg
yCOfi1Uom2UTRbDnjWrt,708,2026-05-05,Cliente General,Kit de empaques 205,1,2fwhPCyLREtyq6W2es7t
yCOfi1Uom2UTRbDnjWrt,708,2026-05-05,Cliente General,Kit de retenedores 175,1,7w53huDrJrIGgVMPt6XM
yCOfi1Uom2UTRbDnjWrt,708,2026-05-05,Cliente General,Kit de sellos de valvulas,1,KfBkeFOQXg721pQ3UKkP
yCOfi1Uom2UTRbDnjWrt,708,2026-05-05,Cliente General,Piña multiple 175,1,cE6TrQQ4vQ2YP344B5vY
yCOfi1Uom2UTRbDnjWrt,708,2026-05-05,Cliente General,Piñon de segund,1,dca539OJiAKcKsBXuoFa
yCOfi1Uom2UTRbDnjWrt,708,2026-05-05,Cliente General,Kit de carbones,1,1p65y8Q6AMPuFmDZyawl
yCOfi1Uom2UTRbDnjWrt,708,2026-05-05,Cliente General,Kit de discos de clutch pasta,1,O6FO97obZNJr9tyzNJs4
yCOfi1Uom2UTRbDnjWrt,708,2026-05-05,Cliente General,Kit de valvula 205,1,WA3D7vYaTueijlEe4stK
yCOfi1Uom2UTRbDnjWrt,708,2026-05-05,Cliente General,Mano de Obra,1,
yLqLug2mLDhPsZpZ4FIe,514,2026-01-30,Cliente General,Aceite Repsol,4,
yLqLug2mLDhPsZpZ4FIe,514,2026-01-30,Cliente General,Filtro Compact,2,
yLqLug2mLDhPsZpZ4FIe,514,2026-01-30,Cliente General,Bomba central 2015,1,
yLqLug2mLDhPsZpZ4FIe,514,2026-01-30,Cliente General,Liquido de freno,1,
yLqLug2mLDhPsZpZ4FIe,514,2026-01-30,Cliente General,Bomba trasera,1,
yLqLug2mLDhPsZpZ4FIe,514,2026-01-30,Cliente General,Marco frontal compact,1,
yLqLug2mLDhPsZpZ4FIe,514,2026-01-30,Cliente General,Vidrio central compact,1,
yLqLug2mLDhPsZpZ4FIe,514,2026-01-30,Cliente General,Socket de 2 contactos,1,
yQpQf8JMd2MqkjzT3ZFc,678,2026-04-25,Cliente General,Bomba trasera,2,
yQpQf8JMd2MqkjzT3ZFc,678,2026-04-25,Cliente General,Filtro compact,2,
yQpQf8JMd2MqkjzT3ZFc,678,2026-04-25,Cliente General,Aceite Repsol,4,
yQpQf8JMd2MqkjzT3ZFc,678,2026-04-25,Cliente General,Mano de obra,1,SERVICIO
ykEnOCxTgWIazemwWOPx,418,2025-12-11,Cliente General,Filtro de aceite compact,1,
ykEnOCxTgWIazemwWOPx,418,2025-12-11,Cliente General,Bomba trasera,2,
ykEnOCxTgWIazemwWOPx,418,2025-12-11,Cliente General,Tornillo de eje de muleta,1,
ykEnOCxTgWIazemwWOPx,418,2025-12-11,Cliente General,Capuchon de bujia,1,
ykEnOCxTgWIazemwWOPx,418,2025-12-11,Cliente General,Bujia,1,
ykEnOCxTgWIazemwWOPx,418,2025-12-11,Cliente General,Amortiguador trasero,2,
ykEnOCxTgWIazemwWOPx,418,2025-12-11,Cliente General,Tensor de cadena 205,1,
ykEnOCxTgWIazemwWOPx,418,2025-12-11,Cliente General,Liquido de freno,1,
ykEnOCxTgWIazemwWOPx,418,2025-12-11,Cliente General,Guardafango trasero,1,
ykEnOCxTgWIazemwWOPx,418,2025-12-11,Cliente General,Pivot estandar bajaj,1,
ykEnOCxTgWIazemwWOPx,418,2025-12-11,Cliente General,Bujin de masa delantera,1,
ykEnOCxTgWIazemwWOPx,418,2025-12-11,Cliente General,Filtro y empaque 175,1,
ykEnOCxTgWIazemwWOPx,418,2025-12-11,Cliente General,Silicon gris,1,
ykEnOCxTgWIazemwWOPx,418,2025-12-11,Cliente General,Graseras,1,
z7Tqfsn7reX2wba1Ck7p,550,2026-02-19,Cliente General,Cruz de cambio,1,
z7Tqfsn7reX2wba1Ck7p,550,2026-02-19,Cliente General,Tornillo de cruz,1,
z7Tqfsn7reX2wba1Ck7p,550,2026-02-19,Cliente General,Gusano de cruz,1,
z7Tqfsn7reX2wba1Ck7p,550,2026-02-19,Cliente General,Piñon de tercera,1,
z7Tqfsn7reX2wba1Ck7p,550,2026-02-19,Cliente General,Piñon de segunda,1,
z7Tqfsn7reX2wba1Ck7p,550,2026-02-19,Cliente General,Tapadera de corona,1,
z7Tqfsn7reX2wba1Ck7p,550,2026-02-19,Cliente General,Balero 1616,2,
z7Tqfsn7reX2wba1Ck7p,550,2026-02-19,Cliente General,Balero 16007,2,
z7Tqfsn7reX2wba1Ck7p,550,2026-02-19,Cliente General,Kit de sello de valvulas,1,
z7Tqfsn7reX2wba1Ck7p,550,2026-02-19,Cliente General,Gusano de clutch,1,
z7Tqfsn7reX2wba1Ck7p,550,2026-02-19,Cliente General,Muleta derecha,1,
z7Tqfsn7reX2wba1Ck7p,550,2026-02-19,Cliente General,Retenedor metalico,2,
z7Tqfsn7reX2wba1Ck7p,550,2026-02-19,Cliente General,Kit de empaques 205,1,
z7Tqfsn7reX2wba1Ck7p,550,2026-02-19,Cliente General,Kit de retenedores,1,
zCBav5WdHNkjaSvyb47L,613,2026-03-25,Cliente General,Aceite Havoline,2,
zCBav5WdHNkjaSvyb47L,613,2026-03-25,Cliente General,Filtro compact,3,
zCBav5WdHNkjaSvyb47L,613,2026-03-25,Cliente General,Liquido de frenos,1,
zCBav5WdHNkjaSvyb47L,613,2026-03-25,Cliente General,Cable de velocidad,2,
zCBav5WdHNkjaSvyb47L,613,2026-03-25,Cliente General,Bomba central 2015,1,
zCBav5WdHNkjaSvyb47L,613,2026-03-25,Cliente General,Muleta izquierda,1,
zCBav5WdHNkjaSvyb47L,613,2026-03-25,Cliente General,Kit de balero trasero,1,
zCBav5WdHNkjaSvyb47L,613,2026-03-25,Cliente General,Retenedor metalico,1,
zCBav5WdHNkjaSvyb47L,613,2026-03-25,Cliente General,Eje trasero,1,
zCBav5WdHNkjaSvyb47L,613,2026-03-25,Cliente General,Bujin de muleta,2,
zCBav5WdHNkjaSvyb47L,613,2026-03-25,Cliente General,Aceite 140,1,
zCBav5WdHNkjaSvyb47L,613,2026-03-25,Cliente General,Mano de obra,1,SERVICIO
zGl82whVlI2mEwUmQpR9,486,2026-01-17,Cliente General,Filtro Compact,1,
zGl82whVlI2mEwUmQpR9,486,2026-01-17,Cliente General,Aceite Repsol,2,
zGl82whVlI2mEwUmQpR9,486,2026-01-17,Cliente General,bomba central bajaj,1,
zGl82whVlI2mEwUmQpR9,486,2026-01-17,Cliente General,Liquido de freno,1,
zGl82whVlI2mEwUmQpR9,486,2026-01-17,Cliente General,Masa de arranque,1,
zGl82whVlI2mEwUmQpR9,486,2026-01-17,Cliente General,Anillo de fuego,1,
zGl82whVlI2mEwUmQpR9,486,2026-01-17,Cliente General,Switch de neutro,1,
zGl82whVlI2mEwUmQpR9,486,2026-01-17,Cliente General,Adorno de stop compact bcb,1,
zGl82whVlI2mEwUmQpR9,486,2026-01-17,Cliente General,Bujia,1,
zGl82whVlI2mEwUmQpR9,486,2026-01-17,Cliente General,Mano de obra,1,SERVICIO
zRy1jpQpd6DawIXzFLSM,444,2025-12-23,Cliente General,Tope de flecha,2,
zRy1jpQpd6DawIXzFLSM,444,2025-12-23,Cliente General,Filtro y empaque 175,1,
zRy1jpQpd6DawIXzFLSM,444,2025-12-23,Cliente General,Aceite Repsol,2,
zRy1jpQpd6DawIXzFLSM,444,2025-12-23,Cliente General,Tuberia enrrollada de frenos,1,
zRy1jpQpd6DawIXzFLSM,444,2025-12-23,Cliente General,Liquido de freno,1,
zRy1jpQpd6DawIXzFLSM,444,2025-12-23,Cliente General,Gusano de clutch,3,
zRy1jpQpd6DawIXzFLSM,444,2025-12-23,Cliente General,Cable de clutch,1,
zRy1jpQpd6DawIXzFLSM,444,2025-12-23,Cliente General,Socket de 2 contactos,1,
zRy1jpQpd6DawIXzFLSM,444,2025-12-23,Cliente General,Relay de Star,1,
zRy1jpQpd6DawIXzFLSM,444,2025-12-23,Cliente General,Pito helan,1,
zRy1jpQpd6DawIXzFLSM,444,2025-12-23,Cliente General,Mano de obra,1,SERVICIO
zcUJETPkZWCWMYDGOzPZ,432,2025-12-18,Cliente General,Filtro de aceite compact,1,
zcUJETPkZWCWMYDGOzPZ,432,2025-12-18,Cliente General,Empaque de freno trasero,1,
zcUJETPkZWCWMYDGOzPZ,432,2025-12-18,Cliente General,Liquido de freno,1,
zcUJETPkZWCWMYDGOzPZ,432,2025-12-18,Cliente General,Capuchon de bujia,1,
zcUJETPkZWCWMYDGOzPZ,432,2025-12-18,Cliente General,Pivot,1,
zcUJETPkZWCWMYDGOzPZ,432,2025-12-18,Cliente General,Baquelita delantera LH,2,
zcUJETPkZWCWMYDGOzPZ,432,2025-12-18,Cliente General,Bomba trasera,1,
zcUJETPkZWCWMYDGOzPZ,432,2025-12-18,Cliente General,Baquelita delantera RH,1,
zcUJETPkZWCWMYDGOzPZ,432,2025-12-18,Cliente General,Puente trasero,1,
zcUJETPkZWCWMYDGOzPZ,432,2025-12-18,Cliente General,Filtro y empaque 175,1,
zcUJETPkZWCWMYDGOzPZ,432,2025-12-18,Cliente General,Polvera grande,1,
zcUJETPkZWCWMYDGOzPZ,432,2025-12-18,Cliente General,Cable sin forro de clutch,1,
zmOxxjL5bxTUrOgc6DOg,406,2025-12-06,Cliente General,Bollo de alambre negro 100mts #18,1,
zmOxxjL5bxTUrOgc6DOg,406,2025-12-06,Cliente General,Kit de balero trasero,2,
zmOxxjL5bxTUrOgc6DOg,406,2025-12-06,Cliente General,Retenedor metalico,2,
zmOxxjL5bxTUrOgc6DOg,406,2025-12-06,Cliente General,Cable de aspirometro,1,
zmOxxjL5bxTUrOgc6DOg,406,2025-12-06,Cliente General,Filtro y empaque 175,1,
zmOxxjL5bxTUrOgc6DOg,406,2025-12-06,Cliente General,Flecha pequeña,1,
zmOxxjL5bxTUrOgc6DOg,406,2025-12-06,Cliente General,Capuchon de bujia,1,
zmOxxjL5bxTUrOgc6DOg,406,2025-12-06,Cliente General,Planta sola 175,1,
zmOxxjL5bxTUrOgc6DOg,406,2025-12-06,Cliente General,Balero 6904,1,
zoyliGkrbviTL3x5RnOf,695,2026-05-05,Cliente General,Aceite HAVOLINE 20W50 1000ml,2,xLianJA09yo8R7gurOM0
zoyliGkrbviTL3x5RnOf,695,2026-05-05,Cliente General,Filtro de aceite compact,5,46jf95e2CO7XcCWDWq8v
zoyliGkrbviTL3x5RnOf,695,2026-05-05,Cliente General,Aceite REPSOL 20W50 1000ml,2,MxZYt471Hv0ZhT0oI8gt
zoyliGkrbviTL3x5RnOf,695,2026-05-05,Cliente General,Cable de clutch compact Bajaj,1,YwFBh8gSR2cqUzSV2cUM
zoyliGkrbviTL3x5RnOf,695,2026-05-05,Cliente General,Bomba central de freno Compact,1,ATh9IzqJTSpTinvS8Oo5
zoyliGkrbviTL3x5RnOf,695,2026-05-05,Cliente General,Filtro de aire,1,Ulg5n09bZ3c5wTboyPqz
zoyliGkrbviTL3x5RnOf,695,2026-05-05,Cliente General,Mano de Obra,1,
zx7nI9E8qTHXaK6kBqZr,461,2026-01-06,Cliente General,Aceite Repsol,2,
zx7nI9E8qTHXaK6kBqZr,461,2026-01-06,Cliente General,Filtro y empaque,1,
zx7nI9E8qTHXaK6kBqZr,461,2026-01-06,Cliente General,Bomba central bajaj,1,
zx7nI9E8qTHXaK6kBqZr,461,2026-01-06,Cliente General,Liquido de freno,1,
zx7nI9E8qTHXaK6kBqZr,461,2026-01-06,Cliente General,Bujia,1,
zx7nI9E8qTHXaK6kBqZr,461,2026-01-06,Cliente General,Grasera,1,
zx7nI9E8qTHXaK6kBqZr,461,2026-01-06,Cliente General,Cable de velocidad,1,
zx7nI9E8qTHXaK6kBqZr,461,2026-01-06,Cliente General,Anillo de fuego,1,
zx7nI9E8qTHXaK6kBqZr,461,2026-01-06,Cliente General,Bomba trasera,1,
zx7nI9E8qTHXaK6kBqZr,461,2026-01-06,Cliente General,Filtro Compact,1,
zx7nI9E8qTHXaK6kBqZr,461,2026-01-06,Cliente General,Mano de obra,1,SERVICIO
zzo3QUHhJXOsGsIN1Ocd,632,2026-04-02,Cliente General,Balero 6004,1,
zzo3QUHhJXOsGsIN1Ocd,632,2026-04-02,Cliente General,Balero 6904,1,
zzo3QUHhJXOsGsIN1Ocd,632,2026-04-02,Cliente General,Bomba central 2015,1,
zzo3QUHhJXOsGsIN1Ocd,632,2026-04-02,Cliente General,Bomba central Bajaj,1,
zzo3QUHhJXOsGsIN1Ocd,632,2026-04-02,Cliente General,Bomba central Compact,1,
zzo3QUHhJXOsGsIN1Ocd,632,2026-04-02,Cliente General,Bomba trasera,5,
zzo3QUHhJXOsGsIN1Ocd,632,2026-04-02,Cliente General,Bomba de aceite,3,
zzo3QUHhJXOsGsIN1Ocd,632,2026-04-02,Cliente General,Bujin de masa,2,
zzo3QUHhJXOsGsIN1Ocd,632,2026-04-02,Cliente General,Cable de clutch compact,5,
